province	city	name	address
강원특별자치도	강릉시	초당동 4통	강원특별자치도 강릉시 강문동 104-2
강원특별자치도	강릉시	고단1리	강원특별자치도 강릉시 고단1리 90-2
강원특별자치도	강릉시	고단2리	강원특별자치도 강릉시 고단2리 317-22
강원특별자치도	강릉시	고단3리	강원특별자치도 강릉시 고단3리 241-13
강원특별자치도	강릉시	구정리	강원특별자치도 강릉시 구정리 944
강원특별자치도	강릉시	금진리	강원특별자치도 강릉시 금진리 산105
강원특별자치도	강릉시	낙풍2리	강원특별자치도 강릉시 낙풍2리 400
강원특별자치도	강릉시	낙풍리	강원특별자치도 강릉시 낙풍리 25-3
강원특별자치도	강릉시	남양1리	강원특별자치도 강릉시 남양1리 532-6
강원특별자치도	강릉시	남양2리	강원특별자치도 강릉시 남양2리 892-1
강원특별자치도	강릉시	노동중리	강원특별자치도 강릉시 노동리 1078-7
강원특별자치도	강릉시	노동리	강원특별자치도 강릉시 노동리 557-5
강원특별자치도	강릉시	이름 미등록	강원특별자치도 강릉시 노암동 산74
강원특별자치도	강릉시	강남동 39통	강원특별자치도 강릉시 담산동 455-3
강원특별자치도	강릉시	대기1리	강원특별자치도 강릉시 대기1리 704-3
강원특별자치도	강릉시	대기2리	강원특별자치도 강릉시 대기2리 1117-2(닭목령정상)
강원특별자치도	강릉시	대기2리	강원특별자치도 강릉시 대기2리 871(벌마을)
강원특별자치도	강릉시	대기2리	강원특별자치도 강릉시 대기2리 산206
강원특별자치도	강릉시	대기3리	강원특별자치도 강릉시 대기3리 1674-6
강원특별자치도	강릉시	대기4리	강원특별자치도 강릉시 대기리4리 2214-229
강원특별자치도	강릉시	경포동 9통	강원특별자치도 강릉시 대전동 843-2
강원특별자치도	강릉시	덕실리	강원특별자치도 강릉시 덕실리 477
강원특별자치도	강릉시	덕현리	강원특별자치도 강릉시 덕현리 84-2
강원특별자치도	강릉시	동덕2리	강원특별자치도 강릉시 동덕리1485
강원특별자치도	강릉시	성덕동 32통	강원특별자치도 강릉시 두산동 13
강원특별자치도	강릉시	모전1리	강원특별자치도 강릉시 모전1리 842-6
강원특별자치도	강릉시	모전2리	강원특별자치도 강릉시 모전2리 88
강원특별자치도	강릉시	목계리	강원특별자치도 강릉시 목계리 368-6
강원특별자치도	강릉시	강남동 40통	강원특별자치도 강릉시 박월동 6-18
강원특별자치도	강릉시	사기막리	강원특별자치도 강릉시 사기막리 563-1
강원특별자치도	강릉시	산계1리	강원특별자치도 강릉시 산계1리 1644
강원특별자치도	강릉시	산계2리	강원특별자치도 강릉시 산계2리 736-3
강원특별자치도	강릉시	산성우1리	강원특별자치도 강릉시 산성우1리 378
강원특별자치도	강릉시	주문진읍 신리천로 772	강원특별자치도 강릉시 삼교리 133-3
강원특별자치도	강릉시	상시동1리	강원특별자치도 강릉시 상시동리 186-3
강원특별자치도	강릉시	송암리	강원특별자치도 강릉시 송암리 524-4
강원특별자치도	강릉시	송정동 1통	강원특별자치도 강릉시 송정동 540
강원특별자치도	강릉시	송현리	강원특별자치도 강릉시 송현리 84-3
강원특별자치도	강릉시	강남동 44통	강원특별자치도 강릉시 신석동 97-11
강원특별자치도	강릉시	심곡리	강원특별자치도 강릉시 심곡리 69-5
강원특별자치도	강릉시	어단1리	강원특별자치도 강릉시 어단1리 산301-2
강원특별자치도	강릉시	어흘리	강원특별자치도 강릉시 어흘리 323-1
강원특별자치도	강릉시	여찬리	강원특별자치도 강릉시 여찬리 344-7
강원특별자치도	강릉시	오봉리	강원특별자치도 강릉시 오봉리 281-1
강원특별자치도	강릉시	강남동 45통	강원특별자치도 강릉시 운산동 158-4
강원특별자치도	강릉시	강남동 46통	강원특별자치도 강릉시 운산동 493-3
강원특별자치도	강릉시	임곡리	강원특별자치도 강릉시 임곡로 557-13
강원특별자치도	강릉시	임곡리	강원특별자치도 강릉시 임곡리 124
강원특별자치도	강릉시	임곡리	강원특별자치도 강릉시 임곡리 475-11
강원특별자치도	강릉시	장덕2리	강원특별자치도 강릉시 장덕리 904-11
강원특별자치도	강릉시	강남동 38통	강원특별자치도 강릉시 장현동 103-1
강원특별자치도	강릉시	정동진2리	강원특별자치도 강릉시 정동진리 182
강원특별자치도	강릉시	제비리	강원특별자치도 강릉시 제비리 1235
강원특별자치도	강릉시	주문10리	강원특별자치도 강릉시 주문리 964(매립장)
강원특별자치도	강릉시	주수2리	강원특별자치도 강릉시 주수2리 236-2
강원특별자치도	강릉시	천남리	강원특별자치도 강릉시 천남리 147
강원특별자치도	강릉시	청량동 11통	강원특별자치도 강릉시 청량동 231-1
강원특별자치도	강릉시	판교1리	강원특별자치도 강릉시 판교1리 264-1
강원특별자치도	강릉시	하시동1리	강원특별자치도 강릉시 하시동리 479-2
강원특별자치도	강릉시	하평리	강원특별자치도 강릉시 하평리 789
강원특별자치도	강릉시	학산1리	강원특별자치도 강릉시 학산1리 285-2
강원특별자치도	강릉시	회산동 9통	강원특별자치도 강릉시 회산동 581-11
강원특별자치도	고성군	강원도 고성군 간성읍 간촌리 184	강원특별자치도 고성군 간성읍 간촌리 184
강원특별자치도	고성군	강원도 고성군 간성읍 광산리 1101-12	강원특별자치도 고성군 간성읍 광산리 1101-12
강원특별자치도	고성군	강원도 고성군 간성읍 광산리 164-35	강원특별자치도 고성군 간성읍 광산리 164-35
강원특별자치도	고성군	광산리 집하장	강원특별자치도 고성군 간성읍 광평길 38
강원특별자치도	고성군	강원도 고성군 간성읍 교동리 2694-4	강원특별자치도 고성군 간성읍 교동리 2694-4
강원특별자치도	고성군	강원도 고성군 간성읍 금수리 291-1	강원특별자치도 고성군 간성읍 금수리 291-1
강원특별자치도	고성군	어천리 집하장	강원특별자치도 고성군 간성읍 꽃대마을길 18-9
강원특별자치도	고성군	동호2리 집하장	강원특별자치도 고성군 간성읍 동호길 153
강원특별자치도	고성군	동호리 집하장	강원특별자치도 고성군 간성읍 동호리 446
강원특별자치도	고성군	봉호리 집하장	강원특별자치도 고성군 간성읍 봉호1길 44-6
강원특별자치도	고성군	상리 집하장	강원특별자치도 고성군 간성읍 상리 135-14
강원특별자치도	고성군	어천리 집하장	강원특별자치도 고성군 간성읍 어천길 109
강원특별자치도	고성군	어천리 집하장	강원특별자치도 고성군 간성읍 어천리 660
강원특별자치도	고성군	강원도 고성군 간성읍 장신리 101-4	강원특별자치도 고성군 간성읍 장신리 101-4
강원특별자치도	고성군	강원도 고성군 간성읍 장신리 462	강원특별자치도 고성군 간성읍 장신리 462
강원특별자치도	고성군	강원도 고성군 간성읍 진부리 21	강원특별자치도 고성군 간성읍 진부리 21
강원특별자치도	고성군	강원도 고성군 간성읍 탑동리 56	강원특별자치도 고성군 간성읍 탑동리 56
강원특별자치도	고성군	해상리 집하장	강원특별자치도 고성군 간성읍 해상1길 3
강원특별자치도	고성군	해상리 집하장	강원특별자치도 고성군 간성읍 해상리 633
강원특별자치도	고성군	흘리 집하장	강원특별자치도 고성군 간성읍 흘리 15-2
강원특별자치도	고성군	강원도 고성군 간성읍 흘리 15-2	강원특별자치도 고성군 간성읍 흘리 15-2
강원특별자치도	고성군	강원도 고성군 간성읍 흘리 15-2	강원특별자치도 고성군 간성읍 흘리 15-2
강원특별자치도	고성군	흘2리 집하장	강원특별자치도 고성군 간성읍 흘리 15-2
강원특별자치도	고성군	강원도 고성군 간성읍 흘리 55-2	강원특별자치도 고성군 간성읍 흘리 55-2
강원특별자치도	고성군	강원도 고성군 간성읍 흘리 산28-4	강원특별자치도 고성군 간성읍 흘리 산28-4
강원특별자치도	고성군	송정리 집하장	강원특별자치도 고성군 거진읍 건봉사로 1530
강원특별자치도	고성군	강원도 고성군 거진읍 대대리 398-1	강원특별자치도 고성군 거진읍 대대리 398-1
강원특별자치도	고성군	반암리 집하장	강원특별자치도 고성군 거진읍 반암리 232
강원특별자치도	고성군	강원도 고성군 거진읍 백두대간로 138	강원특별자치도 고성군 거진읍 백두대간로 138
강원특별자치도	고성군	강원도 고성군 거진읍 봉평리 229-1	강원특별자치도 고성군 거진읍 봉평리 229-1
강원특별자치도	고성군	강원도 고성군 거진읍 산북리 137-2	강원특별자치도 고성군 거진읍 산북리 137-2
강원특별자치도	고성군	강원도 고성군 거진읍 석문리 162	강원특별자치도 고성군 거진읍 석문리 162
강원특별자치도	고성군	송강리 집하장	강원특별자치도 고성군 거진읍 송강리 2-31
강원특별자치도	고성군	송죽리 집하장	강원특별자치도 고성군 거진읍 송죽리 11-9
강원특별자치도	고성군	오정리 집하장	강원특별자치도 고성군 거진읍 오정리 108-1
강원특별자치도	고성군	강원도 고성군 거진읍 자산리 30	강원특별자치도 고성군 거진읍 자산리 30
강원특별자치도	고성군	강원도 고성군 거진읍 초계리 315-5	강원특별자치도 고성군 거진읍 초계리 315-5
강원특별자치도	고성군	강원도 고성군 거진읍 화포리 232-1	강원특별자치도 고성군 거진읍 화포리 232-1
강원특별자치도	고성군	강원도 고성군 죽왕면 구성리 168-3	강원특별자치도 고성군 죽왕면 구성리 168-3
강원특별자치도	고성군	강원도 고성군 죽왕면 야촌리 643-2	강원특별자치도 고성군 죽왕면 야촌리 643-2
강원특별자치도	고성군	향목리 집하장	강원특별자치도 고성군 죽왕면 향목리 산6-8
강원특별자치도	고성군	백촌리 집하장	강원특별자치도 고성군 토성면 백촌3길 15
강원특별자치도	고성군	강원도 고성군 토성면 성천리 315-13	강원특별자치도 고성군 토성면 성천리 315-13
강원특별자치도	고성군	강원도 고성군 토성면 신평리 308-1	강원특별자치도 고성군 토성면 신평리 308-1
강원특별자치도	고성군	강원도 고성군 토성면 용암리 440-2	강원특별자치도 고성군 토성면 용암리 440-2
강원특별자치도	고성군	운봉리 집하장	강원특별자치도 고성군 토성면 운봉리 746-1
강원특별자치도	고성군	원암리 집하장	강원특별자치도 고성군 토성면 원암리 산20-1
강원특별자치도	고성군	강원도 고성군 토성면 인흥리 436-7	강원특별자치도 고성군 토성면 인흥리 436-7
강원특별자치도	고성군	강원도 고성군 토성면 장새미길 15-7	강원특별자치도 고성군 토성면 장새미길 15-7
강원특별자치도	고성군	금화정리 집하장	강원특별자치도 고성군 토성읍 금화정리 42-1
강원특별자치도	고성군	강원도 고성군 현내면 마달리 537	강원특별자치도 고성군 현내면 마달리 537
강원특별자치도	고성군	마달리 집하장	강원특별자치도 고성군 현내면 마달리 537
강원특별자치도	고성군	명파리 집하장	강원특별자치도 고성군 현내면 명파리 186-1
강원특별자치도	고성군	강원도 고성군 현내면 배봉리 88	강원특별자치도 고성군 현내면 배봉리 88
강원특별자치도	고성군	강원도 고성군 현내면 중평1길 19-16	강원특별자치도 고성군 현내면 중평1길 19-16
강원특별자치도	고성군	화곡리 집하장	강원특별자치도 고성군 현내면 화곡리 22-1
강원특별자치도	동해시	영농폐비닐 집하장	강원특별자치도 동해시 봉수로 152
강원특별자치도	동해시	영농폐비닐 집하장	강원특별자치도 동해시 신흥동 24-3
강원특별자치도	삼척시	오목리	강원특별자치도 삼척시 가곡면 오목리 산31-1
강원특별자치도	삼척시	오저리(20)	강원특별자치도 삼척시 가곡면 오저리 629-14
강원특별자치도	삼척시	탕곡리(17)	강원특별자치도 삼척시 가곡면 탕곡리 56-10
강원특별자치도	삼척시	성내동 30통	강원특별자치도 삼척시 건지동 22번지
강원특별자치도	삼척시	성내동 29통	강원특별자치도 삼척시 건지동 78-5번지
강원특별자치도	삼척시	증산동	강원특별자치도 삼척시 교동 증산동 122
강원특별자치도	삼척시	궁촌2리	강원특별자치도 삼척시 근덕면 궁촌3길 48
강원특별자치도	삼척시	매원1리	강원특별자치도 삼척시 근덕면 궁촌길 484
강원특별자치도	삼척시	궁촌4리	강원특별자치도 삼척시 근덕면 궁촌리 1023
강원특별자치도	삼척시	궁촌3리	강원특별자치도 삼척시 근덕면 궁촌리 18-11
강원특별자치도	삼척시	동막6리	강원특별자치도 삼척시 근덕면 동막리 1347-1
강원특별자치도	삼척시	동막7리	강원특별자치도 삼척시 근덕면 동막리 1606-5
강원특별자치도	삼척시	동막4리	강원특별자치도 삼척시 근덕면 동막리 558-1
강원특별자치도	삼척시	동막3리	강원특별자치도 삼척시 근덕면 동막리 580-5
강원특별자치도	삼척시	부남1리	강원특별자치도 삼척시 근덕면 부남리 471-1
강원특별자치도	삼척시	부남1리	강원특별자치도 삼척시 근덕면 부남리 471-2
강원특별자치도	삼척시	상맹방1리	강원특별자치도 삼척시 근덕면 삼척로 3937-59
강원특별자치도	삼척시	상맹방2리	강원특별자치도 삼척시 근덕면 상맹방리 311천
강원특별자치도	삼척시	하맹방1리	강원특별자치도 삼척시 근덕면 하맹방리 220-71
강원특별자치도	삼척시	하맹방3리	강원특별자치도 삼척시 근덕면 하맹방리 963
강원특별자치도	삼척시	동산리	강원특별자치도 삼척시 노곡면 동산리 230-2
강원특별자치도	삼척시	내미로리	강원특별자치도 삼척시 노곡면 동안로 660
강원특별자치도	삼척시	둔달리	강원특별자치도 삼척시 노곡면 둔달리 42-4
강원특별자치도	삼척시	상마읍리	강원특별자치도 삼척시 노곡면 문의재로 2272
강원특별자치도	삼척시	중마읍리	강원특별자치도 삼척시 노곡면 중마읍리 72-1
강원특별자치도	삼척시	하군천리	강원특별자치도 삼척시 노곡면 하군천리 174-27
강원특별자치도	삼척시	하반천리	강원특별자치도 삼척시 노곡면 하반천리 35-2
강원특별자치도	삼척시	성내동 24통	강원특별자치도 삼척시 도경동 283-3번지(도경1교)
강원특별자치도	삼척시	구사리	강원특별자치도 삼척시 도계읍 구사리 산 45-4
강원특별자치도	삼척시	도계리	강원특별자치도 삼척시 도계읍 도계리 180-1
강원특별자치도	삼척시	심포리	강원특별자치도 삼척시 도계읍 심포리 255-2
강원특별자치도	삼척시	점리	강원특별자치도 삼척시 도계읍 점리 산 172-2번지
강원특별자치도	삼척시	고천리	강원특별자치도 삼척시 미로면 고천리 670-4
강원특별자치도	삼척시	무사리	강원특별자치도 삼척시 미로면 무사리 196-12
강원특별자치도	삼척시	사둔2리	강원특별자치도 삼척시 미로면 사둔리 235-8
강원특별자치도	삼척시	상거노2리	강원특별자치도 삼척시 미로면 상거노리 398-79
강원특별자치도	삼척시	상사전리	강원특별자치도 삼척시 미로면 상사전리 84-5
강원특별자치도	삼척시	하거노4리	강원특별자치도 삼척시 미로면 하거노리 42-1
강원특별자치도	삼척시	하거노2리	강원특별자치도 삼척시 미로면 하거노리 609-7번지
강원특별자치도	삼척시	하사전리	강원특별자치도 삼척시 미로면 하사전리 9-5
강원특별자치도	삼척시	기곡1리	강원특별자치도 삼척시 원덕읍 기곡리 570-5
강원특별자치도	삼척시	기곡2리	강원특별자치도 삼척시 원덕읍 기곡리 산 114-2
강원특별자치도	삼척시	노경1리	강원특별자치도 삼척시 원덕읍 노경리 188-32
강원특별자치도	삼척시	노경3리	강원특별자치도 삼척시 원덕읍 노경리 484
강원특별자치도	삼척시	노경2리	강원특별자치도 삼척시 원덕읍 노경리 718번지
강원특별자치도	삼척시	산양1리	강원특별자치도 삼척시 원덕읍 산양리 1367-4번지
강원특별자치도	삼척시	산양2리	강원특별자치도 삼척시 원덕읍 산양리 142
강원특별자치도	삼척시	노곡3리	강원특별자치도 삼척시 원덕읍 옥원노곡길 250
강원특별자치도	삼척시	이천2리(20)	강원특별자치도 삼척시 원덕읍 옥원이천로 420-15
강원특별자치도	삼척시	월천1리	강원특별자치도 삼척시 원덕읍 월천리 320-2번지
강원특별자치도	삼척시	조비2리	강원특별자치도 삼척시 조비동 174
강원특별자치도	삼척시	갈전리	강원특별자치도 삼척시 하장면 갈전리 산33-5번지
강원특별자치도	삼척시	광동리	강원특별자치도 삼척시 하장면 광동리 69
강원특별자치도	삼척시	대전리	강원특별자치도 삼척시 하장면 대전리 187-20번지
강원특별자치도	삼척시	둔전리	강원특별자치도 삼척시 하장면 둔전리 48
강원특별자치도	삼척시	번천리(20)	강원특별자치도 삼척시 하장면 번천리 63-15
강원특별자치도	삼척시	숙암리	강원특별자치도 삼척시 하장면 숙암리 90-1
강원특별자치도	삼척시	어리	강원특별자치도 삼척시 하장면 어리 141
강원특별자치도	삼척시	역둔리	강원특별자치도 삼척시 하장면 역둔리 76번지
강원특별자치도	삼척시	용연리	강원특별자치도 삼척시 하장면 용연리 84
강원특별자치도	삼척시	장전리	강원특별자치도 삼척시 하장면 장전리 284
강원특별자치도	삼척시	중봉리	강원특별자치도 삼척시 하장면 중봉리 443-11번지
강원특별자치도	삼척시	추동리	강원특별자치도 삼척시 하장면 추동리 산111-7번지
강원특별자치도	삼척시	토산리	강원특별자치도 삼척시 하장면 토산리 105번지
강원특별자치도	삼척시	판문리	강원특별자치도 삼척시 하장면 판문리 산20-2번지
강원특별자치도	삼척시	한소리	강원특별자치도 삼척시 하장면 한소리 116-1
강원특별자치도	속초시	매립장내 집하장	강원특별자치도 속초시 대포동 2-1
강원특별자치도	속초시	하도문마을 집하장	강원특별자치도 속초시 도문동 1707-2
강원특별자치도	속초시	상도문마을 집하장	강원특별자치도 속초시 상도문2길 33
강원특별자치도	속초시	장천마을 집하장	강원특별자치도 속초시 장사동 159-2
강원특별자치도	양구군	가오작2리 집하장	강원특별자치도 양구군 국토정중앙면 가오작리 산115-3
강원특별자치도	양구군	구암리 집하장	강원특별자치도 양구군 국토정중앙면 구암리 산7-1
강원특별자치도	양구군	도촌리 집하장	강원특별자치도 양구군 국토정중앙면 도촌리 218
강원특별자치도	양구군	송우리 집하장	강원특별자치도 양구군 국토정중앙면 송우리 60-13
강원특별자치도	양구군	용하2리 집하장	강원특별자치도 양구군 국토정중앙면 용하리 383-1
강원특별자치도	양구군	적리 집하장	강원특별자치도 양구군 국토정중앙면 적리 211
강원특별자치도	양구군	대월2리 집하장	강원특별자치도 양구군 국토정중앙면 죽리 산82
강원특별자치도	양구군	심포리 집하장	강원특별자치도 양구군 국토정중앙면 지픈개길 28(심포리 260-3)
강원특별자치도	양구군	창2리 집하장	강원특별자치도 양구군 국토정중앙면 창동길 21번길 4(창리 351)
강원특별자치도	양구군	창1리 집하장	강원특별자치도 양구군 국토정중앙면 창리 737
강원특별자치도	양구군	청1리 집하장	강원특별자치도 양구군 국토정중앙면 청리 1026-27
강원특별자치도	양구군	황강리 집하장	강원특별자치도 양구군 국토정중앙면 청리 1144-208
강원특별자치도	양구군	동면 집하장	강원특별자치도 양구군 동면 원당길 114-34(임당리 30)
강원특별자치도	양구군	원당리 집하장	강원특별자치도 양구군 동면 원당리 702-19
강원특별자치도	양구군	임당1리 집하장	강원특별자치도 양구군 동면 임당리 896
강원특별자치도	양구군	지석2리 집하장	강원특별자치도 양구군 동면 지석리 56-7
강원특별자치도	양구군	팔랑1리 집하장	강원특별자치도 양구군 동면 팔랑리 1269-1
강원특별자치도	양구군	팔랑2리 집하장	강원특별자치도 양구군 동면 팔랑리 1465-1
강원특별자치도	양구군	후곡리 집하장	강원특별자치도 양구군 동면 후곡리 373-1
강원특별자치도	양구군	방산 현리 집하장	강원특별자치도 양구군 방산면 현리 28-10
강원특별자치도	양구군	석현리 집하장	강원특별자치도 양구군 양구읍 석현리 38-1
강원특별자치도	양구군	수인리 집하장	강원특별자치도 양구군 양구읍 수인리 산 72-7
강원특별자치도	양구군	이리 집하장	강원특별자치도 양구군 양구읍 이리 67-9
강원특별자치도	양구군	하3리 집하장	강원특별자치도 양구군 양구읍 파로호로 992-26(하리191-1)
강원특별자치도	양구군	학조리 집하장	강원특별자치도 양구군 양구읍 학조리 423-7
강원특별자치도	양구군	한전리 집하장	강원특별자치도 양구군 양구읍 한전리 81
강원특별자치도	양구군	만대리 집하장	강원특별자치도 양구군 해안면 만대리 1017
강원특별자치도	양구군	오유2리 집하장	강원특별자치도 양구군 해안면 오유리 304-1
강원특별자치도	양구군	오유1리 집하장	강원특별자치도 양구군 해안면 오유리 594-2
강원특별자치도	양구군	현3리 집하장	강원특별자치도 양구군 해안면 현리 845
강원특별자치도	양구군	현1리 집하장	강원특별자치도 양구군 해안면 후리 44-1, 45-4
강원특별자치도	양구군	현2리 집하장	강원특별자치도 양구군 해안면 후리 61
강원특별자치도	양양군	용호리 공동집하장	강원특별자치도 양양군 강현면 용호리 196-3
강원특별자치도	양양군	장산리 공동집하장	강원특별자치도 양양군 강현면 장산리 479
강원특별자치도	양양군	하복리 공동집하장	강원특별자치도 양양군 강현면 하복리 680-18
강원특별자치도	양양군	영덕리 공동집하장	강원특별자치도 양양군 서면 영덕리 333-10(영덕리 마을회관 건너편 쓰레기배출장소 뒤쪽)
강원특별자치도	양양군	오색리 공동집하장	강원특별자치도 양양군 서면 오색리 63-5(오색산악전문의용 소방대 옆)
강원특별자치도	양양군	가평리 공동집하장	강원특별자치도 양양군 손양면 가평리 107(가평리 복지회관 뒤쪽)
강원특별자치도	양양군	수여리 공동집하장	강원특별자치도 양양군 손양면 수여리 120-4(수여리 경로당 앞)
강원특별자치도	양양군	학포리 공동집하장	강원특별자치도 양양군 손양면 학포리 52-6(학포리복지회관 맞은편 창고 옆)
강원특별자치도	양양군	감곡리 공동집하장	강원특별자치도 양양군 양양읍 감곡리 353(감곡리 마을회관 옆)
강원특별자치도	양양군	송암리 공동집하장	강원특별자치도 양양군 양양읍 송암리 242-4(한양석재 뒤쪽 인근)
강원특별자치도	양양군	정손리 공동집하장	강원특별자치도 양양군 양양읍 정손리 94-1(기정리 복지회관 옆)
강원특별자치도	양양군	조산리 공동집하장	강원특별자치도 양양군 양양읍 조산리 503-1(조산리 마을회관 옆)
강원특별자치도	양양군	화일리 공동집하장	강원특별자치도 양양군 양양읍 화일리 151(화일리 복지회관 옆)
강원특별자치도	양양군	견불리 공동집하장	강원특별자치도 양양군 현남면 견불리 330-4(견불1교 인근 쓰레기배출장소 옆)
강원특별자치도	양양군	북분리 공동집하장	강원특별자치도 양양군 현남면 북분리 341 건너편( 북분리 재활용 동네마당 옆)
강원특별자치도	양양군	원포리 공동집하장	강원특별자치도 양양군 현남면 원포리 66-2(원포리 쓰레기배출장소 옆)
강원특별자치도	양양군	정자리 공동집하장	강원특별자치도 양양군 현남면 정자리 195-1(정자리 쓰레기배출장소 옆)
강원특별자치도	양양군	지경리 공동집하장	강원특별자치도 양양군 현남면 지리 117-5
강원특별자치도	양양군	상광정리 공동집하장	강원특별자치도 양양군 현북면 상광정리 890-5
강원특별자치도	양양군	어성전2리 공동집하장	강원특별자치도 양양군 현북면 어성전리 248-3(탁장사마을 초초펜션 인근)
강원특별자치도	양양군	원일전리 공동집하장	강원특별자치도 양양군 현북면 원일전리 471-5(원효메밀막국수 입구 오른쪽 편)
강원특별자치도	양양군	잔교리 공동집하장	강원특별자치도 양양군 현북면 잔교리 168(잔교리 168 인근 잔교4교 건너편)
강원특별자치도	영월군	각동리 집하장	강원특별자치도 영월군 김삿갓면 각동리 354-2번지
강원특별자치도	영월군	내리 집하장	강원특별자치도 영월군 김삿갓면 내리 전99, 산43, 43-3번지
강원특별자치도	영월군	대야리 집하장	강원특별자치도 영월군 김삿갓면 대야리 170번지
강원특별자치도	영월군	대야리 집하장	강원특별자치도 영월군 김삿갓면 대야리 785-5
강원특별자치도	영월군	옥동리 집하장	강원특별자치도 영월군 김삿갓면 옥동리 587-1번지 (옥동리 590번지 주변)
강원특별자치도	영월군	와석리 집하장	강원특별자치도 영월군 김삿갓면 와석리 산120-10번지
강원특별자치도	영월군	외룡1리 집하장	강원특별자치도 영월군 김삿갓면 외룡리 산139번지  (외룡리 464-2번지 주변)
강원특별자치도	영월군	주문1리 집하장	강원특별자치도 영월군 김삿갓면 주문리 247-5번지
강원특별자치도	영월군	광천리 집하장	강원특별자치도 영월군 남면 광천리 116-5
강원특별자치도	영월군	창원1리부녀회 집하장	강원특별자치도 영월군 남면 명전길 76-4
강원특별자치도	영월군	북쌍3리마을회 집하장	강원특별자치도 영월군 남면 북쌍리 176-1
강원특별자치도	영월군	북쌍1리 집하장	강원특별자치도 영월군 남면 북쌍리813-3, 813-7
강원특별자치도	영월군	연당3리 집하장	강원특별자치도 영월군 남면 연당리 1374번지 외 3필지
강원특별자치도	영월군	연당4리 집하장	강원특별자치도 영월군 남면 연당리 503-1
강원특별자치도	영월군	연당4리 집하장	강원특별자치도 영월군 남면 연당리 503-1번지
강원특별자치도	영월군	연당4리 집하장	강원특별자치도 영월군 남면 연당리 621-1, 621-2
강원특별자치도	영월군	연당5리 집하장	강원특별자치도 영월군 남면 연당리 산146, 147-5번지
강원특별자치도	영월군	창원3리 집하장	강원특별자치도 영월군 남면 영월로 289-37
강원특별자치도	영월군	조전2리 집하장	강원특별자치도 영월군 남면 조전리 105번지
강원특별자치도	영월군	조전1리 집하장	강원특별자치도 영월군 남면 조전리 787번지
강원특별자치도	영월군	창원리 집하장	강원특별자치도 영월군 남면 창원리 산 187-5 (주소정정)
강원특별자치도	영월군	창원리 집하장	강원특별자치도 영월군 남면 창원리 산 78
강원특별자치도	영월군	토교4리 집하장	강원특별자치도 영월군 남면 토교리 1179번지
강원특별자치도	영월군	토쿄3리 집하장	강원특별자치도 영월군 남면 토교리 505,506,507번지
강원특별자치도	영월군	덕포1리 집하장	강원특별자치도 영월군 덕포리 155
강원특별자치도	영월군	도원1리 집하장	강원특별자치도 영월군 무릉도원면 도원리 885번지
강원특별자치도	영월군	도원1리 집하장	강원특별자치도 영월군 무릉도원면 도원리 885번지
강원특별자치도	영월군	도원1리 집하장	강원특별자치도 영월군 무릉도원면 도원운학로 228
강원특별자치도	영월군	두산1리 집하장	강원특별자치도 영월군 무릉도원면 두산리 416-2번지
강원특별자치도	영월군	무릉2리 집하장	강원특별자치도 영월군 무릉도원면 무릉리 산151
강원특별자치도	영월군	법흥2리 집하장	강원특별자치도 영월군 무릉도원면 법흥리 551-1번지
강원특별자치도	영월군	법흥1리마을회 집하장	강원특별자치도 영월군 무릉도원면 법흥리 595
강원특별자치도	영월군	운학1리 집하장	강원특별자치도 영월군 무릉도원면 운학리 산 1-1번지
강원특별자치도	영월군	두산2리 집하장	강원특별자치도 영월군 무릉도원면 황정길 23-1
강원특별자치도	영월군	무릉1리 집하장	강원특별자치도 영월군 무릉리 1423
강원특별자치도	영월군	공기리 집하장	강원특별자치도 영월군 북면 공기리 5-1
강원특별자치도	영월군	덕상1리 집하장	강원특별자치도 영월군 북면 덕상리 100-2번지
강원특별자치도	영월군	덕상리 집하장	강원특별자치도 영월군 북면 덕상리 484
강원특별자치도	영월군	문곡리 집하장	강원특별자치도 영월군 북면 문곡리 212, 문곡리 산 98
강원특별자치도	영월군	문곡2리 집하장	강원특별자치도 영월군 북면 하늘샘길 62
강원특별자치도	영월군	이목리 집하장	강원특별자치도 영월군 산솔면 이목리 266-3 도로부지
강원특별자치도	영월군	화원1리마을회 집하장	강원특별자치도 영월군 산솔면 화원리 511-2
강원특별자치도	영월군	삼옥2리 집하장	강원특별자치도 영월군 삼옥리 877번지
강원특별자치도	영월군	내덕2리마을회 집하장	강원특별자치도 영월군 상동읍 내덕리 235
강원특별자치도	영월군	내덕2리 집하장	강원특별자치도 영월군 상동읍 내덕리 263-2
강원특별자치도	영월군	내덕2리 집하장	강원특별자치도 영월군 상동읍 내덕리 선바위길 18-6
강원특별자치도	영월군	덕구리마을회 집하장	강원특별자치도 영월군 상동읍 덕구리 173-6
강원특별자치도	영월군	문산1리 집하장	강원특별자치도 영월군 영월읍 문산리 476번지
강원특별자치도	영월군	문산2리 집하장	강원특별자치도 영월군 영월읍 문산리 779번지
강원특별자치도	영월군	삼옥2리 집하장	강원특별자치도 영월군 영월읍 삼옥리 801번지
강원특별자치도	영월군	연하1리 집하장	강원특별자치도 영월군 영월읍 연하리 475-2번지
강원특별자치도	영월군	연하1리 집하장	강원특별자치도 영월군 영월읍 연하리 792
강원특별자치도	영월군	연하2리 집하장	강원특별자치도 영월군 영월읍 연하리 산 9-6번지
강원특별자치도	영월군	하송6리 집하장	강원특별자치도 영월군 영월읍 하송리 산 71
강원특별자치도	영월군	흥월2리 집하장	강원특별자치도 영월군 영월읍 흥월리 1087번지
강원특별자치도	영월군	와석1리 집하장	강원특별자치도 영월군 와석리 993-2
강원특별자치도	영월군	외룡1리 집하장	강원특별자치도 영월군 외룡리 651-17
강원특별자치도	영월군	금마2리 집하장	강원특별자치도 영월군 주천면 금마2리 357번지, 358-1번지
강원특별자치도	영월군	금마1리마을회 집하장	강원특별자치도 영월군 주천면 금마리 1036-1
강원특별자치도	영월군	금마1리 집하장	강원특별자치도 영월군 주천면 금마리 1036-1번지
강원특별자치도	영월군	금마4리 집하장	강원특별자치도 영월군 주천면 금마리 127-2
강원특별자치도	영월군	금마4리 집하장	강원특별자치도 영월군 주천면 금마리 127-2
강원특별자치도	영월군	도천2리 집하장	강원특별자치도 영월군 주천면 도천리 450번지
강원특별자치도	영월군	도천1리 집하장	강원특별자치도 영월군 주천면 도천리 859
강원특별자치도	영월군	도천1리 집하장	강원특별자치도 영월군 주천면 도천리 903번지
강원특별자치도	영월군	신일1리 집하장	강원특별자치도 영월군 주천면 송학주천로 1308
강원특별자치도	영월군	신일3리 집하장	강원특별자치도 영월군 주천면 신일리 1727
강원특별자치도	영월군	용석1리 집하장	강원특별자치도 영월군 주천면 용석리 1833번지
강원특별자치도	영월군	용석3리 집하장	강원특별자치도 영월군 주천면 용석리 491번지(목산교회 옆)
강원특별자치도	영월군	주천5리 집하장	강원특별자치도 영월군 주천면 주천리 1567
강원특별자치도	영월군	판운3리 집하장	강원특별자치도 영월군 주천면 중선로 166
강원특별자치도	영월군	판운2리 집하장	강원특별자치도 영월군 주천면 판운리 1364-4
강원특별자치도	영월군	판운3리 집하장	강원특별자치도 영월군 주천면 판운리 683-1번지
강원특별자치도	영월군	판운4리 집하장	강원특별자치도 영월군 주천면 판운리 902번지
강원특별자치도	영월군	광전1리 집하장	강원특별자치도 영월군 한반도면 광전리 1144-2
강원특별자치도	영월군	광전1리 집하장	강원특별자치도 영월군 한반도면 광전리 1144-2
강원특별자치도	영월군	광전2리 집하장	강원특별자치도 영월군 한반도면 광전리 499-7번지
강원특별자치도	영월군	신천1리 집하장	강원특별자치도 영월군 한반도면 신천리 878번지
강원특별자치도	영월군	후탄2리 집하장	강원특별자치도 영월군 한반도면 후탄리 산176번지
강원특별자치도	원주시	우산 가현공동집하장	강원특별자치도 원주시 가현동 316-23
강원특별자치도	원주시	귀래1리 공동집하장	강원특별자치도 원주시 귀래면 귀래리 1373
강원특별자치도	원주시	귀래2리 공동집하장	강원특별자치도 원주시 귀래면 귀래리 241-4
강원특별자치도	원주시	귀래3리 공동집하장	강원특별자치도 원주시 귀래면 귀래리 545-6
강원특별자치도	원주시	용암1리 공동집하장	강원특별자치도 원주시 귀래면 부귀로 1255
강원특별자치도	원주시	운계2리 공동집하장	강원특별자치도 원주시 귀래면 운계리 1329
강원특별자치도	원주시	운계3리 공동집하장	강원특별자치도 원주시 귀래면 운계리 306-1
강원특별자치도	원주시	운남1리 공동집하장	강원특별자치도 원주시 귀래면 운남길 7
강원특별자치도	원주시	운남4리 공동집하장	강원특별자치도 원주시 귀래면 운남리 산115
강원특별자치도	원주시	운남2리 공동집하장	강원특별자치도 원주시 귀래면 운남리 산37-10
강원특별자치도	원주시	주포1리 공동집하장	강원특별자치도 원주시 귀래면 주포리 230-3
강원특별자치도	원주시	운남3리 공동집하장	강원특별자치도 원주시 귀래면 한치길 11
강원특별자치도	원주시	문막읍 건등2리	강원특별자치도 원주시 문막읍 건등리 371-6
강원특별자치도	원주시	문막읍건등2리	강원특별자치도 원주시 문막읍 건등리 442
강원특별자치도	원주시	문막읍 포진2리	강원특별자치도 원주시 문막읍 귀문로 1391
강원특별자치도	원주시	문막읍 동화1리	강원특별자치도 원주시 문막읍 동화리 1440-5
강원특별자치도	원주시	문막읍 반계3리	강원특별자치도 원주시 문막읍 반계리 1574-3
강원특별자치도	원주시	문막읍 반계1리	강원특별자치도 원주시 문막읍 반저리1길 3
강원특별자치도	원주시	문막읍 비두1리	강원특별자치도 원주시 문막읍 비두리 1079-1
강원특별자치도	원주시	문막읍 비두2리	강원특별자치도 원주시 문막읍 비두리 1949-5
강원특별자치도	원주시	문막읍 취병2리	강원특별자치도 원주시 문막읍 취병리 산 144-5
강원특별자치도	원주시	문막읍 포진1리	강원특별자치도 원주시 문막읍 포진리 391-5
강원특별자치도	원주시	문막읍 후용2리	강원특별자치도 원주시 문막읍 후용리 617-2
강원특별자치도	원주시	노림1리 영농폐비닐수집장	강원특별자치도 원주시 부론면 노림리 378
강원특별자치도	원주시	단강1리 영농폐비닐수집장	강원특별자치도 원주시 부론면 단강리 797-1
강원특별자치도	원주시	법천3리 영농폐비닐수집장	강원특별자치도 원주시 부론면 법천리 1229-25
강원특별자치도	원주시	법천1리 영농폐비닐수집장	강원특별자치도 원주시 부론면 법천리 1389-3
강원특별자치도	원주시	법천2리 영농폐비닐수집장	강원특별자치도 원주시 부론면 법천리 780-6
강원특별자치도	원주시	손곡2리 영농폐비닐수집장	강원특별자치도 원주시 부론면 손곡리 1544
강원특별자치도	원주시	손곡3리 영농폐비닐수집장	강원특별자치도 원주시 부론면 손곡리1531-7
강원특별자치도	원주시	정산1리 영농폐비닐수집장	강원특별자치도 원주시 부론면 정산리 2151-3
강원특별자치도	원주시	정산3리 영농폐비닐수집장	강원특별자치도 원주시 부론면 정산리 산 173-5
강원특별자치도	원주시	정산2리 영농폐비닐수집장	강원특별자치도 원주시 부론면 정산리703-1
강원특별자치도	원주시	흥호1리 영농폐비닐수집장	강원특별자치도 원주시 부론면 흥호리 433-1
강원특별자치도	원주시	흥호2리 영농폐비닐수집장	강원특별자치도 원주시 부론면 흥호리 934
강원특별자치도	원주시	흥호1리 영농폐비닐수집장	강원특별자치도 원주시 부론면 흥호리 산37-2
강원특별자치도	원주시	단강2리 영농폐비닐수집장	강원특별자치도 원주시 부론면단강리 산31
강원특별자치도	원주시	손곡1리 영농폐비닐수집장	강원특별자치도 원주시 부론면손곡리1533
강원특별자치도	원주시	손곡1리 영농폐비닐수집장	강원특별자치도 원주시 부론면손곡리868-1
강원특별자치도	원주시	소초면 교항1리	강원특별자치도 원주시 소초면 교항리 977-2
강원특별자치도	원주시	소초면 둔둔2리	강원특별자치도 원주시 소초면 둔둔리 449
강원특별자치도	원주시	소초면 학곡1리	강원특별자치도 원주시 소초면 백교길40
강원특별자치도	원주시	소초면 수암4리	강원특별자치도 원주시 소초면 수암리 624-2
강원특별자치도	원주시	소초면 수암3리	강원특별자치도 원주시 소초면 수암리 766
강원특별자치도	원주시	소초면 수암4리	강원특별자치도 원주시 소초면 수암리 990
강원특별자치도	원주시	소초면 의관1리	강원특별자치도 원주시 소초면 의관리 64-1
강원특별자치도	원주시	소초면 장양3리	강원특별자치도 원주시 소초면 장양리 165-1
강원특별자치도	원주시	소초면 장양1리	강원특별자치도 원주시 소초면 장양리 60-4
강원특별자치도	원주시	소초면 흥양2리	강원특별자치도 원주시 소초면 흥양리 894
강원특별자치도	원주시	신림면 성남2리	강원특별자치도 원주시 신림면 성남로 345
강원특별자치도	원주시	신림면 송계1리	강원특별자치도 원주시 신림면 송계리 803-8
강원특별자치도	원주시	신림면 신림2리	강원특별자치도 원주시 신림면 신림리 558-1
강원특별자치도	원주시	신림면 용암2리	강원특별자치도 원주시 신림면 용암리 1172
강원특별자치도	원주시	신림면 용암3리	강원특별자치도 원주시 신림면 용암리 299-1
강원특별자치도	원주시	지정면 가곡1리 집하장	강원특별자치도 원주시 지정면 가곡리 763-4
강원특별자치도	원주시	지정면 간현2리 집하장	강원특별자치도 원주시 지정면 간현리 33-1
강원특별자치도	원주시	지정면 신평1리 집하장	강원특별자치도 원주시 지정면 신평리 343-3
강원특별자치도	원주시	지정면 신평3리 집하장	강원특별자치도 원주시 지정면 신평안터길 34
강원특별자치도	원주시	지정면 안창1리 집하장	강원특별자치도 원주시 지정면 안창리 산95-1
강원특별자치도	원주시	지정면 월송2리 집하장	강원특별자치도 원주시 지정면 월송리 437-10
강원특별자치도	원주시	태장2동 영농폐기물 수집장	강원특별자치도 원주시 태장동 1474-2
강원특별자치도	원주시	판부면 서곡3리	강원특별자치도 원주시 판부면 내도매길 77
강원특별자치도	원주시	판부면 서곡4리	강원특별자치도 원주시 판부면 서곡리 1974-1
강원특별자치도	원주시	행구동 공동집하장	강원특별자치도 원주시 행구동 934-1, 930-14
강원특별자치도	원주시	호저면 고산리	강원특별자치도 원주시 호저면 고산리 488-22
강원특별자치도	원주시	호저면 광격리	강원특별자치도 원주시 호저면 광격리 1066-6
강원특별자치도	원주시	호저면 광격리	강원특별자치도 원주시 호저면 광격리 499-1
강원특별자치도	원주시	호저면 광격리	강원특별자치도 원주시 호저면 광격리 848-3
강원특별자치도	원주시	호저면 대덕1리	강원특별자치도 원주시 호저면 대덕리 1044
강원특별자치도	원주시	호저면 만종리	강원특별자치도 원주시 호저면 만종리 1362-1
강원특별자치도	원주시	호저면 매호리	강원특별자치도 원주시 호저면 매호리 329
강원특별자치도	원주시	호저면 용곡리	강원특별자치도 원주시 호저면 용곡리 522-3
강원특별자치도	원주시	호저면 주산리	강원특별자치도 원주시 호저면 주산리 1328-1
강원특별자치도	원주시	호저면 주산리	강원특별자치도 원주시 호저면 주산리 558-2
강원특별자치도	원주시	매지3리 공동집하장	강원특별자치도 원주시 흥업면 매지리 1736-2
강원특별자치도	인제군	영농폐비닐 집하장	강원특별자치도 인제군 기리면 서리 1471
강원특별자치도	인제군	영농폐비닐 집하장	강원특별자치도 인제군 기린면 방동리 1144-1
강원특별자치도	인제군	영농폐비닐 집하장	강원특별자치도 인제군 기린면 방동리 1385
강원특별자치도	인제군	영농폐비닐 집하장	강원특별자치도 인제군 기린면 방동리 499-2
강원특별자치도	인제군	영농폐비닐 집하장	강원특별자치도 인제군 기린면 방동리 499-2
강원특별자치도	인제군	영농폐비닐 집하장	강원특별자치도 인제군 기린면 북1리 1177
강원특별자치도	인제군	영농폐비닐 집하장	강원특별자치도 인제군 기린면 북리 116-3
강원특별자치도	인제군	영농폐비닐 집하장	강원특별자치도 인제군 기린면 북리 1500
강원특별자치도	인제군	영농폐비닐 집하장	강원특별자치도 인제군 기린면 북리 751-7
강원특별자치도	인제군	영농폐비닐 집하장	강원특별자치도 인제군 기린면 북리1395-46
강원특별자치도	인제군	영농폐비닐 집하장	강원특별자치도 인제군 기린면 서2리 산147번지
강원특별자치도	인제군	영농폐비닐 집하장	강원특별자치도 인제군 기린면 서리 산 147
강원특별자치도	인제군	영농폐비닐 집하장	강원특별자치도 인제군 기린면 진동리 133-6
강원특별자치도	인제군	영농폐비닐 집하장	강원특별자치도 인제군 기린면 현리 590-4
강원특별자치도	인제군	영농폐비닐 집하장	강원특별자치도 인제군 기린면 현리 695-16
강원특별자치도	인제군	영농폐비닐 집하장	강원특별자치도 인제군 남면 남전리 산 29-6
강원특별자치도	인제군	영농폐비닐 집하장	강원특별자치도 인제군 남면 무학길 32
강원특별자치도	인제군	영농폐비닐 집하장	강원특별자치도 인제군 남면 설악로 992
강원특별자치도	인제군	영농폐비닐 집하장	강원특별자치도 인제군 남면 소치리 624-0
강원특별자치도	인제군	영농폐비닐 집하장	강원특별자치도 인제군 남면 신남로 141
강원특별자치도	인제군	영농폐비닐 집하장	강원특별자치도 인제군 남면 신남리 179-2
강원특별자치도	인제군	영농폐비닐 집하장	강원특별자치도 인제군 남면 신남리 32-2
강원특별자치도	인제군	영농폐비닐 집하장	강원특별자치도 인제군 남면 신월리 239-5
강원특별자치도	인제군	영농폐비닐 집하장	강원특별자치도 인제군 남면 신월리 239-5
강원특별자치도	인제군	영농폐비닐 집하장	강원특별자치도 인제군 남면 신풍길 10
강원특별자치도	인제군	영농폐비닐 집하장	강원특별자치도 인제군 남면 어론리 833-4
강원특별자치도	인제군	영농폐비닐 집하장	강원특별자치도 인제군 남면 어론리 867-30
강원특별자치도	인제군	영농폐비닐 집하장	강원특별자치도 인제군 남면 정자리 147-4, 156-6,159-3
강원특별자치도	인제군	영농폐비닐 집하장	강원특별자치도 인제군 남면 정자리 156-6
강원특별자치도	인제군	영농폐비닐 집하장	강원특별자치도 인제군 미산리 289
강원특별자치도	인제군	영농폐비닐 집하장	강원특별자치도 인제군 북면 용대리 1315
강원특별자치도	인제군	영농폐비닐 집하장	강원특별자치도 인제군 북면 용대리 987
강원특별자치도	인제군	영농폐비닐 집하장	강원특별자치도 인제군 북면 원통리 105-1
강원특별자치도	인제군	영농폐비닐 집하장	강원특별자치도 인제군 북면 원통리 105-2
강원특별자치도	인제군	영농폐비닐 집하장	강원특별자치도 인제군 북면 원통리 1368-4
강원특별자치도	인제군	영농폐비닐 집하장	강원특별자치도 인제군 북면 원통리 360-9
강원특별자치도	인제군	영농폐비닐 집하장	강원특별자치도 인제군 북면 원통리 474-35
강원특별자치도	인제군	영농폐비닐 집하장	강원특별자치도 인제군 북면 월학리 1203-7
강원특별자치도	인제군	영농폐비닐 집하장	강원특별자치도 인제군 북면 월학리 559-2
강원특별자치도	인제군	영농폐비닐 집하장	강원특별자치도 인제군 북면 월학리 559-2
강원특별자치도	인제군	영농폐비닐 집하장	강원특별자치도 인제군 북면 월학리 791-2
강원특별자치도	인제군	영농폐비닐 집하장	강원특별자치도 인제군 북면 한계리 1087-4
강원특별자치도	인제군	영농폐비닐 집하장	강원특별자치도 인제군 북면 한계리 1265
강원특별자치도	인제군	영농폐비닐 집하장	강원특별자치도 인제군 북면 한계리 1312-6
강원특별자치도	인제군	영농폐비닐 집하장	강원특별자치도 인제군 상남면 상남리 1521-6
강원특별자치도	인제군	영농폐비닐 집하장	강원특별자치도 인제군 상남면 상남리 1521-6
강원특별자치도	인제군	영농폐비닐 집하장	강원특별자치도 인제군 상남면 상남리 64-1
강원특별자치도	인제군	영농폐비닐 집하장	강원특별자치도 인제군 상남면 상남리 708
강원특별자치도	인제군	영농폐비닐 집하장	강원특별자치도 인제군 상남면 하남리 115-47
강원특별자치도	인제군	영농폐비닐 집하장	강원특별자치도 인제군 상남면 하남리 1196
강원특별자치도	인제군	영농폐비닐 집하장	강원특별자치도 인제군 상남면 하남리 93-1
강원특별자치도	인제군	영농폐비닐 집하장	강원특별자치도 인제군 서화면 서화길 3-23
강원특별자치도	인제군	영농폐비닐 집하장	강원특별자치도 인제군 서화면 서화리 1034-14
강원특별자치도	인제군	영농폐비닐 집하장	강원특별자치도 인제군 서화면 서화리 1055
강원특별자치도	인제군	영농폐비닐 집하장	강원특별자치도 인제군 서화면 서화리 796-8
강원특별자치도	인제군	영농폐비닐 집하장	강원특별자치도 인제군 서화면 서화리 831-3
강원특별자치도	인제군	영농폐비닐 집하장	강원특별자치도 인제군 서화면 서흥리 812-4
강원특별자치도	인제군	영농폐비닐 집하장	강원특별자치도 인제군 서화면 서흥리 835-4
강원특별자치도	인제군	영농폐비닐 집하장	강원특별자치도 인제군 서화면 천도로 83
강원특별자치도	인제군	영농폐비닐 집하장	강원특별자치도 인제군 인제읍 가리산리 253-1
강원특별자치도	인제군	영농폐비닐 집하장	강원특별자치도 인제군 인제읍 가리산리 253-1
강원특별자치도	인제군	영농폐비닐 집하장	강원특별자치도 인제군 인제읍 가아1리
강원특별자치도	인제군	영농폐비닐 집하장	강원특별자치도 인제군 인제읍 가아리 311-1
강원특별자치도	인제군	영농폐비닐 집하장	강원특별자치도 인제군 인제읍 가아리 568-2
강원특별자치도	인제군	영농폐비닐 집하장	강원특별자치도 인제군 인제읍 가아리 신덕길 51
강원특별자치도	인제군	영농폐비닐 집하장	강원특별자치도 인제군 인제읍 귀둔1리 692-26
강원특별자치도	인제군	영농폐비닐 집하장	강원특별자치도 인제군 인제읍 귀둔리 662-1
강원특별자치도	인제군	영농폐비닐 집하장	강원특별자치도 인제군 인제읍 귀둔리 790
강원특별자치도	인제군	영농폐비닐 집하장	강원특별자치도 인제군 인제읍 남북리111
강원특별자치도	인제군	영농폐비닐 집하장	강원특별자치도 인제군 인제읍 덕산리 1003-34
강원특별자치도	인제군	영농폐비닐 집하장	강원특별자치도 인제군 인제읍 덕산리 357-1
강원특별자치도	인제군	영농폐비닐 집하장	강원특별자치도 인제군 인제읍 덕산리 994-2, 992-4
강원특별자치도	인제군	영농폐비닐 집하장	강원특별자치도 인제군 인제읍 원대리 698-48
강원특별자치도	인제군	영농폐비닐 집하장	강원특별자치도 인제군 인제읍 원대리 698-48
강원특별자치도	인제군	영농폐비닐 집하장	강원특별자치도 인제군 인제읍 인제군 남북리 111
강원특별자치도	인제군	영농폐비닐 집하장	강원특별자치도 인제군 인제읍 하추리383-4
강원특별자치도	인제군	영농폐비닐 집하장	강원특별자치도 인제군 인제읍 한석산로 1185-11
강원특별자치도	정선군	광덕1리 집하장	강원특별자치도 정선군 남면 광덕리 338-6
강원특별자치도	정선군	광덕1리집하장	강원특별자치도 정선군 남면 광덕리1052-1
강원특별자치도	정선군	광덕2리집하장	강원특별자치도 정선군 남면 광덕리460-1
강원특별자치도	정선군	광덕2리집하장	강원특별자치도 정선군 남면 광덕리514
강원특별자치도	정선군	광덕1리집하장	강원특별자치도 정선군 남면 광덕리835
강원특별자치도	정선군	낙동1리집하장	강원특별자치도 정선군 남면 낙동리315-1
강원특별자치도	정선군	낙동3리집하장	강원특별자치도 정선군 남면 낙동리352-8
강원특별자치도	정선군	낙동2리집하장	강원특별자치도 정선군 남면 낙동리596-5
강원특별자치도	정선군	무릉3리집하장	강원특별자치도 정선군 남면 무릉리665-5
강원특별자치도	정선군	무릉2리집하장	강원특별자치도 정선군 남면 무릉리819-108
강원특별자치도	정선군	문곡3리집하장	강원특별자치도 정선군 남면 문곡리282(591-9)
강원특별자치도	정선군	유평2리 집하장	강원특별자치도 정선군 남면 유평리 산222-3
강원특별자치도	정선군	유평2리집하장	강원특별자치도 정선군 남면 유평리 산222-3
강원특별자치도	정선군	유평1리집하장	강원특별자치도 정선군 남면 유평리385
강원특별자치도	정선군	나전1리 영농폐기물 공동집하장	강원특별자치도 정선군 북평면 나전리 21-2
강원특별자치도	정선군	나전2리 영농폐기물 공동집하장	강원특별자치도 정선군 북평면 나전리 산28
강원특별자치도	정선군	남평1리 영농폐기물 공동집하장	강원특별자치도 정선군 북평면 남평리 1186-2
강원특별자치도	정선군	남평2리 영농폐기물 공동집하장	강원특별자치도 정선군 북평면 남평리 70
강원특별자치도	정선군	숙암리 영농폐기물 공동집하장	강원특별자치도 정선군 북평면 숙암리 446-6
강원특별자치도	정선군	장열1리 영농폐기물 공동집하장	강원특별자치도 정선군 북평면 장열리 592
강원특별자치도	정선군	사북11리집하장	강원특별자치도 정선군 사북읍 사북리 73-1
강원특별자치도	정선군	수출동집하장	강원특별자치도 정선군 사북읍 직전리 101-1
강원특별자치도	정선군	직전리 집하장	강원특별자치도 정선군 사북읍 직전리 257-2
강원특별자치도	정선군	직전리 집하장	강원특별자치도 정선군 사북읍 직전리 291-4
강원특별자치도	정선군	직전리집하장	강원특별자치도 정선군 사북읍 직전리 548-2
강원특별자치도	정선군	가사리 영농폐비닐 수거장	강원특별자치도 정선군 신동읍 가사리 280
강원특별자치도	정선군	고성리 집하장	강원특별자치도 정선군 신동읍 고성리 122-2
강원특별자치도	정선군	고성1리 영농폐비닐 수거장	강원특별자치도 정선군 신동읍 고성리 143-7
강원특별자치도	정선군	덕천리 집하장	강원특별자치도 정선군 신동읍 덕천리 445-1
강원특별자치도	정선군	방제리 집하장	강원특별자치도 정선군 신동읍 방제리 436-29
강원특별자치도	정선군	예미리 집하장	강원특별자치도 정선군 신동읍 예미리 577-2
강원특별자치도	정선군	운치리 집하장	강원특별자치도 정선군 신동읍 운치리 884-2
강원특별자치도	정선군	조동2리 영농폐비닐 수거장	강원특별자치도 정선군 신동읍 조동리 335-13
강원특별자치도	정선군	천포리 집하장(곤포사일리지)	강원특별자치도 정선군 신동읍 천포리 418
강원특별자치도	정선군	천포리 영농폐기물 집하장	강원특별자치도 정선군 신동읍 천포리 418
강원특별자치도	정선군	고양리 집하장	강원특별자치도 정선군 여량면 고양리 225-1(고양리)
강원특별자치도	정선군	남곡리 집하장	강원특별자치도 정선군 여량면 남곡리 6-2(남곡리)
강원특별자치도	정선군	봉정리 집하장	강원특별자치도 정선군 여량면 봉정리 293(봉정리)
강원특별자치도	정선군	여량1리 집하창	강원특별자치도 정선군 여량면 여량리 771-16
강원특별자치도	정선군	여량4리 집하장	강원특별자치도 정선군 여량면 여량리 83-4(여량4리)
강원특별자치도	정선군	유천1리 집하장	강원특별자치도 정선군 여량면 유천리 433-1(유천1리)
강원특별자치도	정선군	유천2리 집하장	강원특별자치도 정선군 여량면 유천리 65-1(유천2리)
강원특별자치도	정선군	고양리 집하장	강원특별자치도 정선군 임계면 고양리 산3
강원특별자치도	정선군	낙천1리 집하장	강원특별자치도 정선군 임계면 낙천리 162-3
강원특별자치도	정선군	낙천리 집하장	강원특별자치도 정선군 임계면 낙천리 230-2
강원특별자치도	정선군	낙천3리 집하장	강원특별자치도 정선군 임계면 낙천리 231-1
강원특별자치도	정선군	낙천2리 집하장	강원특별자치도 정선군 임계면 낙천리 산154
강원특별자치도	정선군	덕암리 집하장	강원특별자치도 정선군 임계면 덕암리 339-6
강원특별자치도	정선군	도전2리 집하장	강원특별자치도 정선군 임계면 도전리 595-1
강원특별자치도	정선군	도전1리 집하장	강원특별자치도 정선군 임계면 도전리 857
강원특별자치도	정선군	문래2리 집하장	강원특별자치도 정선군 임계면 문래리 230-2
강원특별자치도	정선군	문래2리 집하장	강원특별자치도 정선군 임계면 문래리 230-2
강원특별자치도	정선군	문래1리 집하장	강원특별자치도 정선군 임계면 문래리 511-3
강원특별자치도	정선군	문래3리 집하장	강원특별자치도 정선군 임계면 문래리 541-2
강원특별자치도	정선군	문래1리 집하장	강원특별자치도 정선군 임계면 문래리 766-2
강원특별자치도	정선군	반천2리 집하장	강원특별자치도 정선군 임계면 반천리 328-1
강원특별자치도	정선군	반천1리 집하장	강원특별자치도 정선군 임계면 반천리 626-1
강원특별자치도	정선군	반천1리 집하장	강원특별자치도 정선군 임계면 반천리 698-1
강원특별자치도	정선군	반천2리 집하장	강원특별자치도 정선군 임계면 반천리 770-3
강원특별자치도	정선군	봉산1리 집하장	강원특별자치도 정선군 임계면 봉산리 241-18
강원특별자치도	정선군	봉산3리 집하장	강원특별자치도 정선군 임계면 봉산리 591-3
강원특별자치도	정선군	봉산2리 집하장	강원특별자치도 정선군 임계면 봉산리 615-28
강원특별자치도	정선군	송계5리 집하장	강원특별자치도 정선군 임계면 송계리 232-2
강원특별자치도	정선군	송계리 집하장	강원특별자치도 정선군 임계면 송계리 232-4
강원특별자치도	정선군	송계4,5리 집하장	강원특별자치도 정선군 임계면 송계리 386
강원특별자치도	정선군	송계1리 집하장	강원특별자치도 정선군 임계면 송계리 880
강원특별자치도	정선군	용산2리 집하장	강원특별자치도 정선군 임계면 용산리 670-6
강원특별자치도	정선군	용산1리 집하장	강원특별자치도 정선군 임계면 용산리 산 8-2
강원특별자치도	정선군	용산리 집하장	강원특별자치도 정선군 임계면 용산리 산188-2
강원특별자치도	정선군	임계리 집하장	강원특별자치도 정선군 임계면 임계리 1031-4(48-112)
강원특별자치도	정선군	임계4리 집하장	강원특별자치도 정선군 임계면 임계리 1163-6
강원특별자치도	정선군	임계3리 집하장	강원특별자치도 정선군 임계면 임계리 159-1
강원특별자치도	정선군	임계1리 집하장	강원특별자치도 정선군 임계면 임계리 614-7
강원특별자치도	정선군	임계2리 집하장	강원특별자치도 정선군 임계면 임계리 962
강원특별자치도	정선군	직원2리 집하장	강원특별자치도 정선군 임계면 직원리 137-1
강원특별자치도	정선군	직원1리 집하장	강원특별자치도 정선군 임계면 직원리 494-4
강원특별자치도	정선군	가목리  집하장	강원특별자치도 정선군 임계면 직원리 524-20
강원특별자치도	정선군	가수리 집하장	강원특별자치도 정선군 정선읍 가수리 235-1
강원특별자치도	정선군	군언공동집하장	강원특별자치도 정선군 정선읍 광하리 104-2
강원특별자치도	정선군	광하리공동집하장	강원특별자치도 정선군 정선읍 광하리 1043-3
강원특별자치도	정선군	여곡공동집하장	강원특별자치도 정선군 정선읍 광하리 787
강원특별자치도	정선군	망하공동집하장	강원특별자치도 정선군 정선읍 광하리 산 221
강원특별자치도	정선군	웃바우공동집하장	강원특별자치도 정선군 정선읍 귤암리 169-1
강원특별자치도	정선군	귤암공동집하장	강원특별자치도 정선군 정선읍 귤암리 270-1
강원특별자치도	정선군	덕우리 집하장	강원특별자치도 정선군 정선읍 덕우리 525-7
강원특별자치도	정선군	동곡공동집하장	강원특별자치도 정선군 정선읍 봉양리 산53-12
강원특별자치도	정선군	골안공동집하장	강원특별자치도 정선군 정선읍 북실리 521
강원특별자치도	정선군	신월리 집하장	강원특별자치도 정선군 정선읍 신월리 242-1
강원특별자치도	정선군	신월리 집하장	강원특별자치도 정선군 정선읍 신월리 987-2
강원특별자치도	정선군	애산공동집하장	강원특별자치도 정선군 정선읍 애산리 498-1
강원특별자치도	정선군	오반동공동집하장	강원특별자치도 정선군 정선읍 애산리 767
강원특별자치도	정선군	여탄공동집하장	강원특별자치도 정선군 정선읍 여탄리 587-4
강원특별자치도	정선군	행마동공동집하장	강원특별자치도 정선군 정선읍 용탄리 1419
강원특별자치도	정선군	용탄2리공동집하장	강원특별자치도 정선군 정선읍 용탄리 1466
강원특별자치도	정선군	비룡동공동집하장	강원특별자치도 정선군 정선읍 용탄리 215
강원특별자치도	정선군	용탄리 집하장	강원특별자치도 정선군 정선읍 용탄리 474-3
강원특별자치도	정선군	용탄공동집하장	강원특별자치도 정선군 정선읍 용탄리 691-18
강원특별자치도	정선군	다래뜰공동집하장	강원특별자치도 정선군 정선읍 회동리 127
강원특별자치도	정선군	회동2리 집하장	강원특별자치도 정선군 정선읍 회동리 186
강원특별자치도	정선군	회동2리공동집하장	강원특별자치도 정선군 정선읍 회동리 363-3
강원특별자치도	정선군	건천리 집하장	강원특별자치도 정선군 화암면 건천리 405-3
강원특별자치도	정선군	화암2리 집하장	강원특별자치도 정선군 화암면 그림바위길 1-55
강원특별자치도	정선군	몰운2리 집하장	강원특별자치도 정선군 화암면 몰운리 22
강원특별자치도	정선군	몰운1리 집하장	강원특별자치도 정선군 화암면 몰운리 431
강원특별자치도	정선군	백전2리 집하장	강원특별자치도 정선군 화암면 백전리 255
강원특별자치도	정선군	백전2리 집하장	강원특별자치도 정선군 화암면 백전리 364-5
강원특별자치도	정선군	백전2리 집하장	강원특별자치도 정선군 화암면 백전리 601
강원특별자치도	정선군	하북동 집하장	강원특별자치도 정선군 화암면 북동리 113-9
강원특별자치도	정선군	북동리 집하장	강원특별자치도 정선군 화암면 북동리 산179-1
강원특별자치도	정선군	석곡2리 집하장	강원특별자치도 정선군 화암면 석곡리 1119
강원특별자치도	정선군	석곡1리(수류) 집하장	강원특별자치도 정선군 화암면 석곡리 산256
강원특별자치도	정선군	호촌리(호명)집하장	강원특별자치도 정선군 화암면 호촌리 160-5
강원특별자치도	정선군	화암리 집하장	강원특별자치도 정선군 화암면 호촌리 512-1
강원특별자치도	정선군	호촌리 집하장	강원특별자치도 정선군 화암면 호촌리 525-3
강원특별자치도	정선군	화암3리 집하장	강원특별자치도 정선군 화암면 화암리 1306
강원특별자치도	정선군	화암4리 집하장	강원특별자치도 정선군 화암면 화암리 184
강원특별자치도	철원군	강포리 마을회	강원특별자치도 철원군 갈말읍 강포리 101-5번지
강원특별자치도	철원군	군탄1리 마을회	강원특별자치도 철원군 갈말읍 군탄리 475-1
강원특별자치도	철원군	군탄2리 마을회	강원특별자치도 철원군 갈말읍 동온동2길 88
강원특별자치도	철원군	문혜5리 청년회	강원특별자치도 철원군 갈말읍 문혜리 224-11
강원특별자치도	철원군	정연리 부녀회	강원특별자치도 철원군 갈말읍 정연리 2007번지
강원특별자치도	철원군	토성리 마을회	강원특별자치도 철원군 갈말읍 토성리 566-5
강원특별자치도	철원군	마현1리 부녀회	강원특별자치도 철원군 근남면 마현리 1050
강원특별자치도	철원군	마현2리 부녀회	강원특별자치도 철원군 근남면 마현리 산200
강원특별자치도	철원군	서면새마을지도자협의회	강원특별자치도 철원군 근남면 사곡리 1365-2 (김화RPC공터)
강원특별자치도	철원군	사곡1리 부녀회	강원특별자치도 철원군 근남면 사곡리 1422
강원특별자치도	철원군	사곡2리 부녀회	강원특별자치도 철원군 근남면 사곡리 717-5
강원특별자치도	철원군	육단2리 부녀회	강원특별자치도 철원군 근남면 육단리 288
강원특별자치도	철원군	잠곡3리 부녀회	강원특별자치도 철원군 근남면 잠곡리 569-3
강원특별자치도	철원군	잠곡2리 부녀회	강원특별자치도 철원군 근남면 잠곡리 894
강원특별자치도	철원군	유곡리 부녀회	강원특별자치도 철원군 근북면 유곡리 539-3
강원특별자치도	철원군	도창리 노인회	강원특별자치도 철원군 김화읍 도창로 411
강원특별자치도	철원군	도창리 마을회	강원특별자치도 철원군 김화읍 도창리 587-1번지
강원특별자치도	철원군	생창리 부녀회	강원특별자치도 철원군 김화읍 생창길 491-20
강원특별자치도	철원군	와수1리 마을회	강원특별자치도 철원군 김화읍 읍내리 1366
강원특별자치도	철원군	청양4리 부녀회	강원특별자치도 철원군 김화읍 청양리 187
강원특별자치도	철원군	김화읍새마을지도자협의회	강원특별자치도 철원군 김화읍 청양리 477
강원특별자치도	철원군	오덕5리 부녀회	강원특별자치도 철원군 동송읍 오덕리 201-17
강원특별자치도	철원군	오덕1리 부녀회	강원특별자치도 철원군 동송읍 오덕리 913-1
강원특별자치도	철원군	동송읍 새마을회	강원특별자치도 철원군 동송읍 오지리 1118-18
강원특별자치도	철원군	와수5리 부녀회	강원특별자치도 철원군 서면 와수리 143-1
강원특별자치도	철원군	철원읍새마을지도자협의회	강원특별자치도 철원군 철원읍 관전리95
강원특별자치도	철원군	대마리 마을회	강원특별자치도 철원군 철원읍 대마리 12-28번지
강원특별자치도	춘천시	산천1리 공동집하장	강원특별자치도 춘천시  신북읍 산천리 311-1
강원특별자치도	춘천시	가일리 영농폐기물 공동집하장	강원특별자치도 춘천시 가일리 130
강원특별자치도	춘천시	군자2리집하장	강원특별자치도 춘천시 군자2리(군자리 산18-3)
강원특별자치도	춘천시	광판2리 집하장	강원특별자치도 춘천시 남산면 광판2리 1139-8
강원특별자치도	춘천시	광판리 집하장	강원특별자치도 춘천시 남산면 광판리 1139-269
강원특별자치도	춘천시	산수리 공동집하장	강원특별자치도 춘천시 남산면 산수리 515
강원특별자치도	춘천시	품걸2리 집하장	강원특별자치도 춘천시 동면 품걸2리 74-4
강원특별자치도	춘천시	조양리 공동집하장	강원특별자치도 춘천시 동산면 조양리 469-5
강원특별자치도	춘천시	만천3리	강원특별자치도 춘천시 만천리 206-3 (마을회관 맞은편)
강원특별자치도	춘천시	방동1리 영농폐비닐 집하장	강원특별자치도 춘천시 방동1리 1714
강원특별자치도	춘천시	봉명1리집하장	강원특별자치도 춘천시 봉명1리(봉명리 927-1)
강원특별자치도	춘천시	부귀리 집하장	강원특별자치도 춘천시 부귀리 314-3
강원특별자치도	춘천시	신동 집하장1	강원특별자치도 춘천시 신동 1344
강원특별자치도	춘천시	신동 집하장3	강원특별자치도 춘천시 신동 1373
강원특별자치도	춘천시	신동 집하장2	강원특별자치도 춘천시 신동 631-4
강원특별자치도	춘천시	증리 공동집하장	강원특별자치도 춘천시 신동면 증리 131-3
강원특별자치도	춘천시	발산리 공동집하장	강원특별자치도 춘천시 신북읍 발산리 574-7
강원특별자치도	춘천시	발산2리 공동집하장	강원특별자치도 춘천시 신북읍 발산리 65-10
강원특별자치도	춘천시	산천2리 공동집하장	강원특별자치도 춘천시 신북읍 산천리 723-3
강원특별자치도	춘천시	유포3리 공동집하장	강원특별자치도 춘천시 신북읍 유포리 1016-1
강원특별자치도	춘천시	유포1리 공동집하장	강원특별자치도 춘천시 신북읍 유포리 178-13
강원특별자치도	춘천시	천전1리 공동집하장	강원특별자치도 춘천시 신북읍 천전리 521
강원특별자치도	춘천시	신촌리 집하장	강원특별자치도 춘천시 신촌1리 641-88
강원특별자치도	춘천시	용산1리 공동집하장	강원특별자치도 춘천시 용산리 192
강원특별자치도	춘천시	월송2리 영농폐비닐 집하장	강원특별자치도 춘천시 월송2리 1075
강원특별자치도	춘천시	유포리 공동집하장	강원특별자치도 춘천시 유포리 615-31
강원특별자치도	춘천시	율문2리 공동집하장	강원특별자치도 춘천시 율문리 75-2
강원특별자치도	춘천시	장학2리	강원특별자치도 춘천시 장학리 733-2 (마을회관 앞)
강원특별자치도	춘천시	조양4리집하장	강원특별자치도 춘천시 조양4리(조양리 1324)
강원특별자치도	춘천시	중도동 집하장	강원특별자치도 춘천시 중도동 120
강원특별자치도	춘천시	지내1리 공동집하장	강원특별자치도 춘천시 지내리 54-5
강원특별자치도	춘천시	지내3리	강원특별자치도 춘천시 지내리 872-1 (소양6교 다리밑)
강원특별자치도	춘천시	지암리 집하장	강원특별자치도 춘천시 지암리 187
강원특별자치도	춘천시	추곡2리 집하장	강원특별자치도 춘천시 추곡리 640-1
강원특별자치도	춘천시	백양1리영농폐기물집하장	강원특별자치도 춘천시 춘천시 남산면 백양리 512-9
강원특별자치도	춘천시	팔미3리 공동집하장	강원특별자치도 춘천시 팔미3리 862-18
강원특별자치도	춘천시	품걸2리	강원특별자치도 춘천시 품걸리 69
강원특별자치도	태백시	영농폐기물 공동집하장	강원특별자치도 태백시 금천동 152-13
강원특별자치도	태백시	영농폐기물 공동집하장	강원특별자치도 태백시 문곡동 117(사십마지기)
강원특별자치도	태백시	영농폐기물 공동집하장	강원특별자치도 태백시 백산길 67(백산동)
강원특별자치도	태백시	영농폐기물 공동집하장	강원특별자치도 태백시 소도동 316-47
강원특별자치도	태백시	영농폐기물 공동집하장	강원특별자치도 태백시 조탄동 9번지
강원특별자치도	태백시	영농폐기물 공동집하장	강원특별자치도 태백시 창죽동 26-4번지
강원특별자치도	태백시	영농폐기물 공동집하장	강원특별자치도 태백시 철암동 324-5
강원특별자치도	태백시	영농폐기물 공동집하장	강원특별자치도 태백시 철암동 96-17
강원특별자치도	태백시	영농폐기물 공동집하장	강원특별자치도 태백시 태백산로 4438(혈동)
강원특별자치도	태백시	영농폐기물 공동집하장	강원특별자치도 태백시 하사미동 208
강원특별자치도	태백시	영농폐기물 공동집하장	강원특별자치도 태백시 하사미동 산220-3
강원특별자치도	태백시	영농폐기물 공동집하장	강원특별자치도 태백시 혈동 260
강원특별자치도	평창군	병내리 집하장	강원특별자치도 평창군 대관령면 병내리 538-19
강원특별자치도	평창군	수하리 집하장	강원특별자치도 평창군 대관령면 수하로 673-3
강원특별자치도	평창군	용산1리 집하장	강원특별자치도 평창군 대관령면 용산리 293-8
강원특별자치도	평창군	용산2리 집하장	강원특별자치도 평창군 대관령면 용산리 551-3
강원특별자치도	평창군	유천3리 집하장	강원특별자치도 평창군 대관령면 유천리 350-5
강원특별자치도	평창군	유천2리 집하장	강원특별자치도 평창군 대관령면 유천리 475-4
강원특별자치도	평창군	유천1리 집하장	강원특별자치도 평창군 대관령면 유천리 872-1
강원특별자치도	평창군	차항2리 집하장	강원특별자치도 평창군 대관령면 차항리 317-2
강원특별자치도	평창군	차항1리 집하장	강원특별자치도 평창군 대관령면 차항리 92-17
강원특별자치도	평창군	횡계3리 집하장	강원특별자치도 평창군 대관령면 횡계리 22-11
강원특별자치도	평창군	횡계6리 집하장	강원특별자치도 평창군 대관령면 횡계리 632-2
강원특별자치도	평창군	횡계2리 집하장	강원특별자치도 평창군 대관령면 횡계리 661-8
강원특별자치도	평창군	횡계1리 집하장	강원특별자치도 평창군 대관령면 횡계리 664-10
강원특별자치도	평창군	횡계5리 집하장	강원특별자치도 평창군 대관령면 횡계리 675
강원특별자치도	평창군	하안미리 집하장	강원특별자치도 평창군 대화면 가평로 205
강원특별자치도	평창군	하안미리 집하장	강원특별자치도 평창군 대화면 가평로 412
강원특별자치도	평창군	대화3리 집하장	강원특별자치도 평창군 대화면 대화리 1106-2번지
강원특별자치도	평창군	대화6리 집하장	강원특별자치도 평창군 대화면 대화리 1914번지
강원특별자치도	평창군	대화5리 집하장	강원특별자치도 평창군 대화면 대화리 1994-9
강원특별자치도	평창군	대화8리 집하장	강원특별자치도 평창군 대화면 대화리 689-5
강원특별자치도	평창군	대화리 집하장	강원특별자치도 평창군 대화면 던짓골길 201
강원특별자치도	평창군	신리 집하장	강원특별자치도 평창군 대화면 모릿재로 294
강원특별자치도	평창군	상안미리 집하장	강원특별자치도 평창군 대화면 상안미리 178-8
강원특별자치도	평창군	상안미리 집하장	강원특별자치도 평창군 대화면 상안미리 86-55
강원특별자치도	평창군	상안미리 집하장	강원특별자치도 평창군 대화면 상안미옛길 141
강원특별자치도	평창군	상안미리 집하장	강원특별자치도 평창군 대화면 선애길 98
강원특별자치도	평창군	대화3리 집하장	강원특별자치도 평창군 대화면 신리 108-10
강원특별자치도	평창군	신4리 집하장	강원특별자치도 평창군 대화면 신리 1723-4
강원특별자치도	평창군	신리 집하장	강원특별자치도 평창군 대화면 신리 200-12
강원특별자치도	평창군	신리 집하장	강원특별자치도 평창군 대화면 신리 911-13
강원특별자치도	평창군	개수리 집하장	강원특별자치도 평창군 대화면 외솔덧개수길 17-11(대화면 개수1리)
강원특별자치도	평창군	개수리 집하장	강원특별자치도 평창군 대화면 장미산길 14
강원특별자치도	평창군	신리 집하장	강원특별자치도 평창군 대화면 평창대로 1343-4
강원특별자치도	평창군	하안미리 집하장	강원특별자치도 평창군 대화면 하안미 1039-8
강원특별자치도	평창군	하안미리 집하장	강원특별자치도 평창군 대화면 하안미 857
강원특별자치도	평창군	하안미리 집하장	강원특별자치도 평창군 대화면 하안미1길 56
강원특별자치도	평창군	하안미리 집하장	강원특별자치도 평창군 대화면 하안미길 109-10
강원특별자치도	평창군	하안미2리 집하장	강원특별자치도 평창군 대화면 하안미리 1783-15
강원특별자치도	평창군	대화리 집하장	강원특별자치도 평창군 대화면 하일동길 194-13
강원특별자치도	평창군	대화리 집하장	강원특별자치도 평창군 대화면 하일동길 3
강원특별자치도	평창군	대화리 집하장	강원특별자치도 평창군 대화면 해뜰마을길 93
강원특별자치도	평창군	기화리 집하장	강원특별자치도 평창군 미탄면 기화리 114
강원특별자치도	평창군	마하리 집하장	강원특별자치도 평창군 미탄면 마하리 300-4
강원특별자치도	평창군	마하리 집하장	강원특별자치도 평창군 미탄면 마하리 306
강원특별자치도	평창군	백운리 집하장	강원특별자치도 평창군 미탄면 백운리 532
강원특별자치도	평창군	율치리 집하장	강원특별자치도 평창군 미탄면 율치리 501
강원특별자치도	평창군	창3리 집하장	강원특별자치도 평창군 미탄면 창리 1051
강원특별자치도	평창군	창1리 집하장	강원특별자치도 평창군 미탄면 창리 734
강원특별자치도	평창군	창2리 집하장	강원특별자치도 평창군 미탄면 창리 산47-22
강원특별자치도	평창군	평안1리 집하장	강원특별자치도 평창군 미탄면 평안리 747
강원특별자치도	평창군	평안2리 집하장	강원특별자치도 평창군 미탄면 평안한치길 594(미탄면 평안리 593)
강원특별자치도	평창군	한탄리 집하장	강원특별자치도 평창군 미탄면 한탄리 237
강원특별자치도	평창군	한탄리 집하장	강원특별자치도 평창군 미탄면 한탄리 486-1
강원특별자치도	평창군	한탄리 집하장	강원특별자치도 평창군 미탄면 한탄리 산101
강원특별자치도	평창군	회동2리 집하장	강원특별자치도 평창군 미탄면 회동리 259
강원특별자치도	평창군	회동2리 집하장	강원특별자치도 평창군 미탄면 회동리 259
강원특별자치도	평창군	회동1리 집하장	강원특별자치도 평창군 미탄면 회동리 454
강원특별자치도	평창군	계촌4리 집하장	강원특별자치도 평창군 방림면 계촌리 1363-1
강원특별자치도	평창군	계촌3리 집하장	강원특별자치도 평창군 방림면 계촌리 2067-1(992 인근)
강원특별자치도	평창군	계촌2리 집하장	강원특별자치도 평창군 방림면 계촌리 2068-1(613인근)
강원특별자치도	평창군	계촌5리 집하장	강원특별자치도 평창군 방림면 계촌리 2072-1(2298인근)
강원특별자치도	평창군	계촌6리 집하장	강원특별자치도 평창군 방림면 계촌리 2530-4
강원특별자치도	평창군	계촌1리 집하장	강원특별자치도 평창군 방림면 계촌리 산1(254인근)
강원특별자치도	평창군	방림1리 집하장	강원특별자치도 평창군 방림면 방림리 1253
강원특별자치도	평창군	방림3리 집하장	강원특별자치도 평창군 방림면 방림리 1656-3
강원특별자치도	평창군	방림4리 집하장	강원특별자치도 평창군 방림면 방림리 2110-1
강원특별자치도	평창군	방림2리 집하장	강원특별자치도 평창군 방림면 방림리 638-1
강원특별자치도	평창군	방림5리 집하장	강원특별자치도 평창군 방림면 방림리 917-2
강원특별자치도	평창군	운교3리 집하장	강원특별자치도 평창군 방림면 운교리 151-2
강원특별자치도	평창군	운교1리 집하장	강원특별자치도 평창군 방림면 운교리 1604-22
강원특별자치도	평창군	운교2리 집하장	강원특별자치도 평창군 방림면 운교리 산113
강원특별자치도	평창군	덕거리 집하장	강원특별자치도 평창군 봉평면 덕거리 318-2
강원특별자치도	평창군	덕거리 집하장	강원특별자치도 평창군 봉평면 덕거리 417-5
강원특별자치도	평창군	면온2리 집하장	강원특별자치도 평창군 봉평면 면온리 1121-75
강원특별자치도	평창군	면온리 집하장	강원특별자치도 평창군 봉평면 면온리 31-14
강원특별자치도	평창군	무이리 집하장	강원특별자치도 평창군 봉평면 무이리 1054
강원특별자치도	평창군	무이리 집하장	강원특별자치도 평창군 봉평면 무이리 산1-2
강원특별자치도	평창군	원길1리 집하장	강원특별자치도 평창군 봉평면 원길리 129-67
강원특별자치도	평창군	원길2리 집하장	강원특별자치도 평창군 봉평면 원길리 695-16
강원특별자치도	평창군	유포1리 집하장	강원특별자치도 평창군 봉평면 유포리 251-13
강원특별자치도	평창군	유포2리 집하장	강원특별자치도 평창군 봉평면 유포리 674-1
강원특별자치도	평창군	진조리 집하장	강원특별자치도 평창군 봉평면 진조리 38-1
강원특별자치도	평창군	창동리 집하장	강원특별자치도 평창군 봉평면 창동리 249
강원특별자치도	평창군	창동리 집하장	강원특별자치도 평창군 봉평면 창동리 609
강원특별자치도	평창군	평촌리 집하장	강원특별자치도 평창군 봉평면 평촌리 904-8
강원특별자치도	평창군	평촌리 집하장	강원특별자치도 평창군 봉평면 평촌리 산185-2
강원특별자치도	평창군	노동리 집하장	강원특별자치도 평창군 용평면 노동리 268
강원특별자치도	평창군	도사리 집하장	강원특별자치도 평창군 용평면 도사리 398-5
강원특별자치도	평창군	백옥포1리 집하장	강원특별자치도 평창군 용평면 백옥포리 162-8
강원특별자치도	평창군	백옥포1리 집하장	강원특별자치도 평창군 용평면 백옥포리 205-20
강원특별자치도	평창군	백옥포3리 집하장	강원특별자치도 평창군 용평면 백옥포리 385-3
강원특별자치도	평창군	백옥포2리 집하장	강원특별자치도 평창군 용평면 백옥포리 63
강원특별자치도	평창군	속사1리 집하장	강원특별자치도 평창군 용평면 속사리 1071-1
강원특별자치도	평창군	속사2리 집하장	강원특별자치도 평창군 용평면 속사리 796-1
강원특별자치도	평창군	용전리 집하장	강원특별자치도 평창군 용평면 용전리 177-1
강원특별자치도	평창군	이목정1리 집하장	강원특별자치도 평창군 용평면 이목정리 365
강원특별자치도	평창군	이목정2리 집하장	강원특별자치도 평창군 용평면 이목정리 546-1
강원특별자치도	평창군	장평1리 집하장	강원특별자치도 평창군 용평면 장평리 676-7
강원특별자치도	평창군	장평2리 집하장	강원특별자치도 평창군 용평면 장평리 699
강원특별자치도	평창군	장평2리 집하장	강원특별자치도 평창군 용평면 장평리 712-5
강원특별자치도	평창군	재산1리 집하장	강원특별자치도 평창군 용평면 재산리 1412-2
강원특별자치도	평창군	재산3리 집하장	강원특별자치도 평창군 용평면 재산리 1443-1
강원특별자치도	평창군	재산2리 집하장	강원특별자치도 평창군 용평면 재산리 산1093-1
강원특별자치도	평창군	간평리 집하장	강원특별자치도 평창군 진부면 간평리 110
강원특별자치도	평창군	간평리 집하장	강원특별자치도 평창군 진부면 간평리 475-12
강원특별자치도	평창군	간평리 집하장	강원특별자치도 평창군 진부면 간평리 53-13
강원특별자치도	평창군	거문리 집하장	강원특별자치도 평창군 진부면 거문리 233-2
강원특별자치도	평창군	두일리 집하장	강원특별자치도 평창군 진부면 두일리 산159-1
강원특별자치도	평창군	두일리 집하장	강원특별자치도 평창군 진부면 두일리 산27
강원특별자치도	평창군	마평리 집하장	강원특별자치도 평창군 진부면 마평리 272
강원특별자치도	평창군	마평리 집하장	강원특별자치도 평창군 진부면 마평리 548
강원특별자치도	평창군	봉산리 집하장	강원특별자치도 평창군 진부면 봉산리 62-6
강원특별자치도	평창군	상월오개리 집하장	강원특별자치도 평창군 진부면 상월거문로 469
강원특별자치도	평창군	상월오개리 집하장	강원특별자치도 평창군 진부면 상월오개리 335-1
강원특별자치도	평창군	상진부리 집하장	강원특별자치도 평창군 진부면 상진부리 1306-16
강원특별자치도	평창군	상진부리 집하장	강원특별자치도 평창군 진부면 상진부리 190-2
강원특별자치도	평창군	상진부리 집하장	강원특별자치도 평창군 진부면 상진부리 562-4
강원특별자치도	평창군	송정리 집하장	강원특별자치도 평창군 진부면 송정리 1308-1, 1309
강원특별자치도	평창군	송정리 집하장	강원특별자치도 평창군 진부면 송정리 2060
강원특별자치도	평창군	송정리 집하장	강원특별자치도 평창군 진부면 송정리 2411, 2390-1
강원특별자치도	평창군	수항리 집하장	강원특별자치도 평창군 진부면 수항리 87-1
강원특별자치도	평창군	신기리 집하장	강원특별자치도 평창군 진부면 신기리 198-8
강원특별자치도	평창군	척천리 집하장	강원특별자치도 평창군 진부면 척천리 23-1
강원특별자치도	평창군	탑동리 집하장	강원특별자치도 평창군 진부면 탑동리 501
강원특별자치도	평창군	폐농약용기 공동집하장	강원특별자치도 평창군 진부면 하진부리 15-24
강원특별자치도	평창군	하진부리 집하장	강원특별자치도 평창군 진부면 하진부리 261-5
강원특별자치도	평창군	하진부리 집하장	강원특별자치도 평창군 진부면 하진부리 388-8, 1289
강원특별자치도	평창군	하진부리 집하장	강원특별자치도 평창군 진부면 하진부리 462, 468-1
강원특별자치도	평창군	하진부리 집하장	강원특별자치도 평창군 진부면 하진부리 826
강원특별자치도	평창군	호명리 집하장	강원특별자치도 평창군 진부면 호명리 726-1
강원특별자치도	평창군	계장리 집하장	강원특별자치도 평창군 평창읍 계장리 141
강원특별자치도	평창군	노론리 집하장	강원특별자치도 평창군 평창읍 노론리 382-3
강원특별자치도	평창군	뇌운리 집하장	강원특별자치도 평창군 평창읍 뇌운리 74
강원특별자치도	평창군	다수리 집하장	강원특별자치도 평창군 평창읍 다수리 542-1
강원특별자치도	평창군	대상리 집하장	강원특별자치도 평창군 평창읍 대상리 53-7
강원특별자치도	평창군	대하리 집하장	강원특별자치도 평창군 평창읍 대하리 231-1
강원특별자치도	평창군	도돈리 집하장	강원특별자치도 평창군 평창읍 도돈리 447, 349
강원특별자치도	평창군	마지1리 집하장	강원특별자치도 평창군 평창읍 마지리 237-1
강원특별자치도	평창군	마지2리 집하장	강원특별자치도 평창군 평창읍 마지리 590-2
강원특별자치도	평창군	상리 집하장	강원특별자치도 평창군 평창읍 상리 404-23
강원특별자치도	평창군	약수리 집하장	강원특별자치도 평창군 평창읍 약수리 242-8
강원특별자치도	평창군	여만리 집하장	강원특별자치도 평창군 평창읍 여만리 347-1
강원특별자치도	평창군	용항리 집하장	강원특별자치도 평창군 평창읍 용항리 125-1
강원특별자치도	평창군	이곡리 집하장	강원특별자치도 평창군 평창읍 이곡리 461
강원특별자치도	평창군	임하리 집하장	강원특별자치도 평창군 평창읍 임하리 338-1
강원특별자치도	평창군	입탄리 집하장	강원특별자치도 평창군 평창읍 입탄리 863(산55인근)
강원특별자치도	평창군	조둔리 집하장	강원특별자치도 평창군 평창읍 조둔리 215-1
강원특별자치도	평창군	종부1리 집하장	강원특별자치도 평창군 평창읍 종부리 1100
강원특별자치도	평창군	종부3리 집하장	강원특별자치도 평창군 평창읍 종부리 195
강원특별자치도	평창군	주진1리 집하장	강원특별자치도 평창군 평창읍 주진리 347-9
강원특별자치도	평창군	지동리 집하장	강원특별자치도 평창군 평창읍 지동리 209
강원특별자치도	평창군	천동리 집하장	강원특별자치도 평창군 평창읍 천동리 84
강원특별자치도	평창군	향동리 집하장	강원특별자치도 평창군 평창읍 향동리 475, 향동리 47-5
강원특별자치도	평창군	후평리 집하장	강원특별자치도 평창군 평창읍 후평리 386-1
강원특별자치도	홍천군	남노일리집하장	강원특별자치도 홍천군 남면 남노일리 369-1
강원특별자치도	홍천군	명동리집하장	강원특별자치도 홍천군 남면 명동리 730-19
강원특별자치도	홍천군	시동2리집하장	강원특별자치도 홍천군 남면 시동리 1378-40
강원특별자치도	홍천군	시동1리집하장	강원특별자치도 홍천군 남면 시동리 1764-1
강원특별자치도	홍천군	신대1리집하장	강원특별자치도 홍천군 남면 신대리 1608
강원특별자치도	홍천군	신대2리집하장	강원특별자치도 홍천군 남면 신대리 산74-2
강원특별자치도	홍천군	양덕원1리집하장	강원특별자치도 홍천군 남면 양덕원리 산2
강원특별자치도	홍천군	용수리집하장	강원특별자치도 홍천군 남면 용수리 415-33
강원특별자치도	홍천군	월천리집하장	강원특별자치도 홍천군 남면 월천리 141-6
강원특별자치도	홍천군	유목정리집하장	강원특별자치도 홍천군 남면 유목정리 산35
강원특별자치도	홍천군	유치1리집하장	강원특별자치도 홍천군 남면 유치리 1631-13 외 2필지
강원특별자치도	홍천군	화전1리집하장	강원특별자치도 홍천군 남면 화전리 1463
강원특별자치도	홍천군	광원2리 공동집하장	강원특별자치도 홍천군 내면 광원리 1477
강원특별자치도	홍천군	광원3리 공동집하장	강원특별자치도 홍천군 내면 광원리 1906(1222-1번지선)
강원특별자치도	홍천군	광원1리 공동집하장	강원특별자치도 홍천군 내면 광원리 산466-3
강원특별자치도	홍천군	방내1리 공동집하장(수유동)	강원특별자치도 홍천군 내면 방내리 1349
강원특별자치도	홍천군	방내2리 공동집하장	강원특별자치도 홍천군 내면 방내리 385
강원특별자치도	홍천군	방내1리 공동집하장	강원특별자치도 홍천군 내면 방내리 산 167-19
강원특별자치도	홍천군	방내3리 공동집하장	강원특별자치도 홍천군 내면 방내리 산 167-19
강원특별자치도	홍천군	율전1리 공동집하장	강원특별자치도 홍천군 내면 율전리 1597-6
강원특별자치도	홍천군	율전3리 공동집하장	강원특별자치도 홍천군 내면 율전리 925번지 인근
강원특별자치도	홍천군	자운3리 공동집하장	강원특별자치도 홍천군 내면 자운리 1085-150
강원특별자치도	홍천군	자운2리 공동집하장	강원특별자치도 홍천군 내면 자운리 1231
강원특별자치도	홍천군	자운4리 공동집하장	강원특별자치도 홍천군 내면 자운리 408-4
강원특별자치도	홍천군	창촌2리 공동집하장	강원특별자치도 홍천군 내면 창촌리 1518-4
강원특별자치도	홍천군	창촌3리 공동집하장	강원특별자치도 홍천군 내면 창촌리 1774-108
강원특별자치도	홍천군	광암리 집하장	강원특별자치도 홍천군 내촌면 광암리 567-1
강원특별자치도	홍천군	답풍리 집하장	강원특별자치도 홍천군 내촌면 답풍리
강원특별자치도	홍천군	도관3리 집하장	강원특별자치도 홍천군 내촌면 도관리 246-1
강원특별자치도	홍천군	도관1리 집하장	강원특별자치도 홍천군 내촌면 도관리 460-1
강원특별자치도	홍천군	도관2리 집하장	강원특별자치도 홍천군 내촌면 도관리 959
강원특별자치도	홍천군	문현리 집하장	강원특별자치도 홍천군 내촌면 문현리 270
강원특별자치도	홍천군	물걸1리 집하장	강원특별자치도 홍천군 내촌면 물걸리 1587
강원특별자치도	홍천군	물걸2리 집하장	강원특별자치도 홍천군 내촌면 물걸리 779-10
강원특별자치도	홍천군	서곡리 집하장	강원특별자치도 홍천군 내촌면 서곡리 640-1
강원특별자치도	홍천군	와야1리 집하장	강원특별자치도 홍천군 내촌면 와야리 572-1
강원특별자치도	홍천군	와야2리 집하장	강원특별자치도 홍천군 내촌면 와야리 835-2
강원특별자치도	홍천군	화상대1리 집하장	강원특별자치도 홍천군 내촌면 화상대리 1210-28
강원특별자치도	홍천군	화상대2리(연지동) 집하장	강원특별자치도 홍천군 내촌면 화상대리 298-3
강원특별자치도	홍천군	화상대2리 (어은동) 집하장	강원특별자치도 홍천군 내촌면 화상대리 754
강원특별자치도	홍천군	괘석2리 집하장	강원특별자치도 홍천군 두촌면 괘석리 326-9
강원특별자치도	홍천군	괘석1리 집하장	강원특별자치도 홍천군 두촌면 괘석리 산59-1
강원특별자치도	홍천군	역내리 집하장	강원특별자치도 홍천군 두촌면 역내리 25-3외 4
강원특별자치도	홍천군	자은3리 집하장	강원특별자치도 홍천군 두촌면 자은리 114-5
강원특별자치도	홍천군	자은2리 집하장	강원특별자치도 홍천군 두촌면 자은리 990-2
강원특별자치도	홍천군	철정2리집하장	강원특별자치도 홍천군 두촌면 철정리 1549-12
강원특별자치도	홍천군	굴지리 집하장	강원특별자치도 홍천군 북방면 굴지리 275-1
강원특별자치도	홍천군	능평리 집하장	강원특별자치도 홍천군 북방면 문화마을길 40-16
강원특별자치도	홍천군	본궁리 집하장	강원특별자치도 홍천군 북방면 본궁리 168-8
강원특별자치도	홍천군	북방2리 집하장	강원특별자치도 홍천군 북방면 북방2리 433
강원특별자치도	홍천군	소매곡리 집하장	강원특별자치도 홍천군 북방면 소매곡리 368-1
강원특별자치도	홍천군	중화계리 집하장	강원특별자치도 홍천군 북방면 중화계리 113-2
강원특별자치도	홍천군	하화계2리 집하장	강원특별자치도 홍천군 북방면 하화계2리 480-1
강원특별자치도	홍천군	개야리 집하장	강원특별자치도 홍천군 서면 개야리 119-1
강원특별자치도	홍천군	두미리 집하장	강원특별자치도 홍천군 서면 두미리 848
강원특별자치도	홍천군	모곡2리 집하장	강원특별자치도 홍천군 서면 모곡리 1433-23
강원특별자치도	홍천군	팔봉1리 집하장	강원특별자치도 홍천군 서면 팔봉1리 217외2필지
강원특별자치도	홍천군	팔봉2리 집하장	강원특별자치도 홍천군 서면 팔봉리 487-2
강원특별자치도	홍천군	검산2리 집하장	강원특별자치도 홍천군 서석면 검산리 755-52
강원특별자치도	홍천군	검산1리 집하장	강원특별자치도 홍천군 서석면 검산리 827-2번지
강원특별자치도	홍천군	수하1리 집하장	강원특별자치도 홍천군 서석면 수하1리 1283
강원특별자치도	홍천군	수하2리 집하장	강원특별자치도 홍천군 서석면 수하리 743
강원특별자치도	홍천군	청량2리 집하장	강원특별자치도 홍천군 서석면 청량리 389-3
강원특별자치도	홍천군	청량1리 공동집하장	강원특별자치도 홍천군 서석면 청량리 919-2
강원특별자치도	홍천군	노천1리 집하장	강원특별자치도 홍천군 영귀미면 공작산로 1202-7
강원특별자치도	홍천군	노천2리 집하장	강원특별자치도 홍천군 영귀미면 늘목재길 49
강원특별자치도	홍천군	방량리 집하장	강원특별자치도 홍천군 영귀미면 방량리 69-3
강원특별자치도	홍천군	삼현리 집하장	강원특별자치도 홍천군 영귀미면 삼현리 720-1
강원특별자치도	홍천군	개운리 집하장	강원특별자치도 홍천군 영귀미면 성수개운길 131-9
강원특별자치도	홍천군	속초2리 집하장	강원특별자치도 홍천군 영귀미면 속초리 1057-87
강원특별자치도	홍천군	속초1리 집하장	강원특별자치도 홍천군 영귀미면 속초리 622-1
강원특별자치도	홍천군	신봉리 집하장	강원특별자치도 홍천군 영귀미면 신봉리 379번지(263-1번지선)
강원특별자치도	홍천군	월운리 집하장	강원특별자치도 홍천군 영귀미면 월운리 935-61
강원특별자치도	홍천군	좌운2리 집하장	강원특별자치도 홍천군 영귀미면 좌운리 1435-1
강원특별자치도	홍천군	좌운1리 집하장	강원특별자치도 홍천군 영귀미면 좌운리 1815
강원특별자치도	홍천군	성수리 집하장	강원특별자치도 홍천군 영귀미면 짓골2길 15
강원특별자치도	홍천군	검율리 집하장	강원특별자치도 홍천군 홍천읍 검율리 273-28
강원특별자치도	홍천군	결운2리 집하장	강원특별자치도 홍천군 홍천읍 결운2리 146-2
강원특별자치도	홍천군	삼마치1리 집하장	강원특별자치도 홍천군 홍천읍 삼마치1리 166-1
강원특별자치도	홍천군	삼마치리 집하장	강원특별자치도 홍천군 홍천읍 삼마치리 41-4
강원특별자치도	홍천군	삼마치리 집하장	강원특별자치도 홍천군 홍천읍 삼마치리 858
강원특별자치도	홍천군	상오안리 집하장	강원특별자치도 홍천군 홍천읍 상오안리 229-8
강원특별자치도	홍천군	와동리 집하장	강원특별자치도 홍천군 홍천읍 와동리 728-45
강원특별자치도	홍천군	와동리2 집하장	강원특별자치도 홍천군 홍천읍 와동리 728-65
강원특별자치도	홍천군	태학리 집하장	강원특별자치도 홍천군 홍천읍 태학리 165
강원특별자치도	홍천군	하오안2리 집하장	강원특별자치도 홍천군 홍천읍 하오안리 262-1
강원특별자치도	홍천군	구성포1리집하장	강원특별자치도 홍천군 화촌면 구성포리 633-24
강원특별자치도	홍천군	군업1리집하장	강원특별자치도 홍천군 화촌면 군업1리 1404
강원특별자치도	홍천군	굴운리집하장	강원특별자치도 홍천군 화촌면 굴운리650-154
강원특별자치도	홍천군	내삼포리집하장	강원특별자치도 홍천군 화촌면 내삼포리 1276
강원특별자치도	홍천군	성산1리집하장	강원특별자치도 홍천군 화촌면 성산1리 788
강원특별자치도	홍천군	성산2리집하장	강원특별자치도 홍천군 화촌면 성산2리 1211-1
강원특별자치도	홍천군	외삼포1리집하장	강원특별자치도 홍천군 화촌면 외삼포리 1344
강원특별자치도	홍천군	장평1리집하장	강원특별자치도 홍천군 화촌면 장평1리1207
강원특별자치도	홍천군	장평2리집하장	강원특별자치도 홍천군 화촌면 장평리 1176-10
강원특별자치도	홍천군	주음치리집하장	강원특별자치도 홍천군 화촌면 주음치리 273
강원특별자치도	홍천군	주음치리집하장	강원특별자치도 홍천군 화촌면 주음치리 408-1
강원특별자치도	홍천군	풍천2리집하장	강원특별자치도 홍천군 화촌면 풍천2리 372-2
강원특별자치도	화천군	마을공동집하장	강원특별자치도 화천군 간동면 간척리 1285
강원특별자치도	화천군	마을공동집하장	강원특별자치도 화천군 간동면 간척리 473
강원특별자치도	화천군	마을공동집하장	강원특별자치도 화천군 간동면 구만리 1305
강원특별자치도	화천군	마을공동집하장	강원특별자치도 화천군 간동면 도송리 538
강원특별자치도	화천군	마을공동집하장	강원특별자치도 화천군 간동면 방천리 1512-1
강원특별자치도	화천군	마을공동집하장	강원특별자치도 화천군 간동면 방천리 602-1
강원특별자치도	화천군	마을공동집하장	강원특별자치도 화천군 간동면 오음리 208
강원특별자치도	화천군	마을공동집하장	강원특별자치도 화천군 간동면 오음리 288-2
강원특별자치도	화천군	마을공동집하장	강원특별자치도 화천군 간동면 용호리 1224-1
강원특별자치도	화천군	마을공동집하장	강원특별자치도 화천군 간동면 유촌리 323-2
강원특별자치도	화천군	마을공동집하장	강원특별자치도 화천군 사내면 명월리 792-7
강원특별자치도	화천군	마을공동집하장	강원특별자치도 화천군 사내면 사창리 825-2
강원특별자치도	화천군	마을공동집하장	강원특별자치도 화천군 사내면 삼일리 314
강원특별자치도	화천군	마을공동집하장	강원특별자치도 화천군 상서면 구운리 293-1
강원특별자치도	화천군	마을공동집하장	강원특별자치도 화천군 상서면 노동리 806-2
강원특별자치도	화천군	마을공동집하장	강원특별자치도 화천군 상서면 다목리 218-1
강원특별자치도	화천군	마을공동집하장	강원특별자치도 화천군 상서면 다목리 815
강원특별자치도	화천군	마을공동집하장	강원특별자치도 화천군 상서면 봉오리 356-2
강원특별자치도	화천군	마을공동집하장	강원특별자치도 화천군 상서면 부촌리 1481
강원특별자치도	화천군	마을공동집하장	강원특별자치도 화천군 상서면 부촌리 310
강원특별자치도	화천군	마을공동집하장	강원특별자치도 화천군 상서면 영서로 8079-1
강원특별자치도	화천군	마을공동집하장	강원특별자치도 화천군 상서면 장촌리 869-2
강원특별자치도	화천군	마을공동집하장	강원특별자치도 화천군 상서면 평촌길 82
강원특별자치도	화천군	마을공동집하장	강원특별자치도 화천군 하남면 거례리 588
강원특별자치도	화천군	마을공동집하장	강원특별자치도 화천군 하남면 계파로 165
강원특별자치도	화천군	마을공동집하장	강원특별자치도 화천군 하남면 논미리 163-1
강원특별자치도	화천군	마을공동집하장	강원특별자치도 화천군 하남면 논미리 612
강원특별자치도	화천군	마을공동집하장	강원특별자치도 화천군 하남면 삼화리 331-1
강원특별자치도	화천군	마을공동집하장	강원특별자치도 화천군 하남면 서오지리 389-1
강원특별자치도	화천군	마을공동집하장	강원특별자치도 화천군 하남면 안평리 1410-18
강원특별자치도	화천군	마을공동집하장	강원특별자치도 화천군 하남면 용암리 751-9
강원특별자치도	화천군	마을공동집하장	강원특별자치도 화천군 하남면 원천리 303-1
강원특별자치도	화천군	마을공동집하장	강원특별자치도 화천군 하남면 위라리 121-3
강원특별자치도	화천군	마을공동집하장	강원특별자치도 화천군 화천읍 대이리 309-3
강원특별자치도	화천군	영농폐기물 집하장	강원특별자치도 화천군 화천읍 대이리 432
강원특별자치도	화천군	마을공동집하장	강원특별자치도 화천군 화천읍 동촌리 111-4
강원특별자치도	화천군	마을공동집하장	강원특별자치도 화천군 화천읍 동촌리 111-7
강원특별자치도	화천군	마을공동집하장	강원특별자치도 화천군 화천읍 신읍리 1130
강원특별자치도	화천군	마을공동집하장	강원특별자치도 화천군 화천읍 신읍리 1624
강원특별자치도	화천군	마을공동집하장	강원특별자치도 화천군 화천읍 신읍리 623-2
강원특별자치도	화천군	마을공동집하장	강원특별자치도 화천군 화천읍 신읍리 900-2
강원특별자치도	화천군	마을공동집하장	강원특별자치도 화천군 화천읍 신읍리 산 86-5
강원특별자치도	화천군	마을공동집하장	강원특별자치도 화천군 화천읍 풍산리 1006번지
강원특별자치도	횡성군	공동집하장	강원특별자치도 횡성군 갑천면 구방2리 1000
강원특별자치도	횡성군	공동집하장	강원특별자치도 횡성군 갑천면 구방2리 638-1
강원특별자치도	횡성군	공동집하장	강원특별자치도 횡성군 갑천면 대관대리 241-2
강원특별자치도	횡성군	공동집하장	강원특별자치도 횡성군 갑천면 매일2리 14-4
강원특별자치도	횡성군	공동집하장	강원특별자치도 횡성군 갑천면 병지방1리 335-2
강원특별자치도	횡성군	공동집하장	강원특별자치도 횡성군 갑천면 병지방2리 산34
강원특별자치도	횡성군	공동집하장	강원특별자치도 횡성군 갑천면 삼거리 96-10
강원특별자치도	횡성군	공동집하장	강원특별자치도 횡성군 갑천면 상대리 312
강원특별자치도	횡성군	공동집하장	강원특별자치도 횡성군 갑천면 상대리 337
강원특별자치도	횡성군	공동집하장	강원특별자치도 횡성군 갑천면 율동리 68-3
강원특별자치도	횡성군	공동집하장	강원특별자치도 횡성군 갑천면 전촌리 161-6
강원특별자치도	횡성군	공동집하장	강원특별자치도 횡성군 갑천면 중금리 산71-6
강원특별자치도	횡성군	공동집하장	강원특별자치도 횡성군 갑천면 추동리 374
강원특별자치도	횡성군	공동집하장	강원특별자치도 횡성군 갑천면 포동1리 428
강원특별자치도	횡성군	공동집하장	강원특별자치도 횡성군 갑천면 포동2리 172-6
강원특별자치도	횡성군	공동집하장	강원특별자치도 횡성군 갑천면 하대2리 76-1
강원특별자치도	횡성군	공동집하장	강원특별자치도 횡성군 갑천면 하대2리 76-1
강원특별자치도	횡성군	공동집하장	강원특별자치도 횡성군 갑천면 횡성군 갑천면 하대1리 1221
강원특별자치도	횡성군	공동집하장	강원특별자치도 횡성군 강리면 부곡리 344-14
강원특별자치도	횡성군	공동집하장	강원특별자치도 횡성군 강림면 강림4리 1240-21
강원특별자치도	횡성군	공동집하장	강원특별자치도 횡성군 강림면 강림4리 2459-68
강원특별자치도	횡성군	공동집하장	강원특별자치도 횡성군 강림면 강림5리 1578
강원특별자치도	횡성군	공동집하장	강원특별자치도 횡성군 강림면 강림리2459-68
강원특별자치도	횡성군	공동집하장	강원특별자치도 횡성군 강림면 강림리2459-68
강원특별자치도	횡성군	공동집하장	강원특별자치도 횡성군 강림면 강림리2459-68
강원특별자치도	횡성군	공동집하장	강원특별자치도 횡성군 강림면 부곡리 1261
강원특별자치도	횡성군	공동집하장	강원특별자치도 횡성군 강림면 부곡리 1261
강원특별자치도	횡성군	공동집하장	강원특별자치도 횡성군 강림면 월현리 1321-1
강원특별자치도	횡성군	공동집하장	강원특별자치도 횡성군 강림면 월현리487-1
강원특별자치도	횡성군	공동집하장	강원특별자치도 횡성군 강림면 월현리487-1
강원특별자치도	횡성군	공동집하장	강원특별자치도 횡성군 공근면 가곡리 81-5
강원특별자치도	횡성군	공동집하장	강원특별자치도 횡성군 공근면 가곡리 81-5
강원특별자치도	횡성군	공동집하장	강원특별자치도 횡성군 공근면 공근리 767
강원특별자치도	횡성군	공동집하장	강원특별자치도 횡성군 공근면 덕촌리 산39-1
강원특별자치도	횡성군	공동집하장	강원특별자치도 횡성군 공근면 도곡리 307
강원특별자치도	횡성군	공동집하장	강원특별자치도 횡성군 공근면 도곡리 362-1
강원특별자치도	횡성군	공동집하장	강원특별자치도 횡성군 공근면 매곡리 61
강원특별자치도	횡성군	공동집하장	강원특별자치도 횡성군 공근면 부창리 434-21
강원특별자치도	횡성군	공동집하장	강원특별자치도 횡성군 공근면 부창리 산18
강원특별자치도	횡성군	공동집하장	강원특별자치도 횡성군 공근면 삼배리 398
강원특별자치도	횡성군	공동집하장	강원특별자치도 횡성군 공근면 삼배리 산 103
강원특별자치도	횡성군	공동집하장	강원특별자치도 횡성군 공근면 상동리 477
강원특별자치도	횡성군	공동집하장	강원특별자치도 횡성군 공근면 상창봉리 49-10
강원특별자치도	횡성군	공동집하장	강원특별자치도 횡성군 공근면 상창봉리143-1
강원특별자치도	횡성군	공동집하장	강원특별자치도 횡성군 공근면 수백리 54-2
강원특별자치도	횡성군	공동집하장	강원특별자치도 횡성군 공근면 신촌리 641-3
강원특별자치도	횡성군	공동집하장	강원특별자치도 횡성군 공근면 어둔리 171-1
강원특별자치도	횡성군	공동집하장	강원특별자치도 횡성군 공근면 오산리 369-9
강원특별자치도	횡성군	공동집하장	강원특별자치도 횡성군 공근면 창봉리 626-2
강원특별자치도	횡성군	공동집하장	강원특별자치도 횡성군 공근면 청곡1리 51
강원특별자치도	횡성군	공동집하장	강원특별자치도 횡성군 공근면 청곡2리 275-2
강원특별자치도	횡성군	공동집하장	강원특별자치도 횡성군 공근면 초원1리 630-1
강원특별자치도	횡성군	공동집하장	강원특별자치도 횡성군 공근면 초원2리 388-8
강원특별자치도	횡성군	공동집하장	강원특별자치도 횡성군 공근면 학담1리 128
강원특별자치도	횡성군	공동집하장	강원특별자치도 횡성군 공근면 학담2리 95-1
강원특별자치도	횡성군	공동집하장	강원특별자치도 횡성군 공근면 학담리 131-2
강원특별자치도	횡성군	공동집하장	강원특별자치도 횡성군 공근면 행정리 61
강원특별자치도	횡성군	공동집하장	강원특별자치도 횡성군 둔내면  삽교3리 248-2
강원특별자치도	횡성군	공동집하장	강원특별자치도 횡성군 둔내면 궁종리 32-8
강원특별자치도	횡성군	공동집하장	강원특별자치도 횡성군 둔내면 궁종리 92-1
강원특별자치도	횡성군	공동집하장	강원특별자치도 횡성군 둔내면 두원1리 977
강원특별자치도	횡성군	공동집하장	강원특별자치도 횡성군 둔내면 두원1리 977
강원특별자치도	횡성군	공동집하장	강원특별자치도 횡성군 둔내면 두원2리 358-1
강원특별자치도	횡성군	공동집하장	강원특별자치도 횡성군 둔내면 두원2리 358-1
강원특별자치도	횡성군	공동집하장	강원특별자치도 횡성군 둔내면 두원2리 977
강원특별자치도	횡성군	공동집하장	강원특별자치도 횡성군 둔내면 두원2리 977
강원특별자치도	횡성군	공동집하장	강원특별자치도 횡성군 둔내면 두원2리 977
강원특별자치도	횡성군	공동집하장	강원특별자치도 횡성군 둔내면 두원2리 977
강원특별자치도	횡성군	공동집하장	강원특별자치도 횡성군 둔내면 둔방내리 산 215
강원특별자치도	횡성군	공동집하장	강원특별자치도 횡성군 둔내면 둔방내리 산 216
강원특별자치도	횡성군	공동집하장	강원특별자치도 횡성군 둔내면 마암1리 628-23
강원특별자치도	횡성군	공동집하장	강원특별자치도 횡성군 둔내면 마암1리 635-5
강원특별자치도	횡성군	공동집하장	강원특별자치도 횡성군 둔내면 마암2리 199-1
강원특별자치도	횡성군	공동집하장	강원특별자치도 횡성군 둔내면 마암2리 199-1
강원특별자치도	횡성군	공동집하장	강원특별자치도 횡성군 둔내면 마암2리 264
강원특별자치도	횡성군	공동집하장	강원특별자치도 횡성군 둔내면 삭교1리 1718-3
강원특별자치도	횡성군	공동집하장	강원특별자치도 횡성군 둔내면 삽교1리 1718-3
강원특별자치도	횡성군	공동집하장	강원특별자치도 횡성군 둔내면 삽교1리 1743-14
강원특별자치도	횡성군	공동집하장	강원특별자치도 횡성군 둔내면 삽교1리 1743-3
강원특별자치도	횡성군	공동집하장	강원특별자치도 횡성군 둔내면 삽교1리 567-4
강원특별자치도	횡성군	공동집하장	강원특별자치도 횡성군 둔내면 삽교1리 567-4
강원특별자치도	횡성군	공동집하장	강원특별자치도 횡성군 둔내면 삽교1리 567-4
강원특별자치도	횡성군	공동집하장	강원특별자치도 횡성군 둔내면 삽교1리783-4
강원특별자치도	횡성군	공동집하장	강원특별자치도 횡성군 둔내면 삽교2리 1236-2
강원특별자치도	횡성군	공동집하장	강원특별자치도 횡성군 둔내면 삽교2리 826-1
강원특별자치도	횡성군	공동집하장	강원특별자치도 횡성군 둔내면 삽교2리 산 184-1
강원특별자치도	횡성군	공동집하장	강원특별자치도 횡성군 둔내면 삽교2리1743
강원특별자치도	횡성군	공동집하장	강원특별자치도 횡성군 둔내면 삽교2리1743-11
강원특별자치도	횡성군	공동집하장	강원특별자치도 횡성군 둔내면 삽교3리 248-2
강원특별자치도	횡성군	공동집하장	강원특별자치도 횡성군 둔내면 석문1리 592-14
강원특별자치도	횡성군	공동집하장	강원특별자치도 횡성군 둔내면 석문2리 361-4
강원특별자치도	횡성군	공동집하장	강원특별자치도 횡성군 둔내면 영랑리 255-1
강원특별자치도	횡성군	공동집하장	강원특별자치도 횡성군 둔내면 영랑리 6444
강원특별자치도	횡성군	공동집하장	강원특별자치도 횡성군 둔내면 영랑리 산 87
강원특별자치도	횡성군	공동집하장	강원특별자치도 횡성군 둔내면 우용1리 449-3
강원특별자치도	횡성군	공동집하장	강원특별자치도 횡성군 둔내면 우용1리 449-3
강원특별자치도	횡성군	공동집하장	강원특별자치도 횡성군 둔내면 우용1리 518-4
강원특별자치도	횡성군	공동집하장	강원특별자치도 횡성군 둔내면 우용1리 649-9
강원특별자치도	횡성군	공동집하장	강원특별자치도 횡성군 둔내면 우용2리 123-1
강원특별자치도	횡성군	공동집하장	강원특별자치도 횡성군 둔내면 우용2리 252-2
강원특별자치도	횡성군	공동집하장	강원특별자치도 횡성군 둔내면 우용2리 252-2
강원특별자치도	횡성군	공동집하장	강원특별자치도 횡성군 둔내면 자포1리 463-74
강원특별자치도	횡성군	공동집하장	강원특별자치도 횡성군 둔내면 자포2리 193
강원특별자치도	횡성군	공동집하장	강원특별자치도 횡성군 둔내면 자포2리 193
강원특별자치도	횡성군	공동집하장	강원특별자치도 횡성군 둔내면 자포2리 193
강원특별자치도	횡성군	공동집하장	강원특별자치도 횡성군 둔내면 자포2리 460
강원특별자치도	횡성군	공동집하장	강원특별자치도 횡성군 둔내면 조항1리 572
강원특별자치도	횡성군	공동집하장	강원특별자치도 횡성군 둔내면 조항1리 759
강원특별자치도	횡성군	공동집하장	강원특별자치도 횡성군 둔내면 조항1리 759
강원특별자치도	횡성군	공동집하장	강원특별자치도 횡성군 둔내면 조항1리 802-1
강원특별자치도	횡성군	공동집하장	강원특별자치도 횡성군 둔내면 조항1리 882-1
강원특별자치도	횡성군	공동집하장	강원특별자치도 횡성군 둔내면 조항2리 882-1
강원특별자치도	횡성군	공동집하장	강원특별자치도 횡성군 둔내면 조항2리293-2
강원특별자치도	횡성군	공동집하장	강원특별자치도 횡성군 둔내면 준방내리 산 13
강원특별자치도	횡성군	공동집하장	강원특별자치도 횡성군 둔내면 현천1리 372-12
강원특별자치도	횡성군	공동집하장	강원특별자치도 횡성군 둔내면 현천1리 372-12
강원특별자치도	횡성군	공동집하장	강원특별자치도 횡성군 둔내면 현천2리 602
강원특별자치도	횡성군	공동집하장	강원특별자치도 횡성군 둔내면 현천2리 산401-17
강원특별자치도	횡성군	공동집하장	강원특별자치도 횡성군 둔내면 현천3리 1063
강원특별자치도	횡성군	공동집하장	강원특별자치도 횡성군 둔내면 현천4리 1126-4
강원특별자치도	횡성군	공동집하장	강원특별자치도 횡성군 둔내면 현천4리 799-2
강원특별자치도	횡성군	공동집하장	강원특별자치도 횡성군 둔내면 현천4리1반
강원특별자치도	횡성군	공동집하장	강원특별자치도 횡성군 둔내면 화동1리 612
강원특별자치도	횡성군	공동집하장	강원특별자치도 횡성군 둔내면 화동1리 612
강원특별자치도	횡성군	공동집하장	강원특별자치도 횡성군 둔내면 화동2리 612
강원특별자치도	횡성군	공동집하장	강원특별자치도 횡성군 둔내면 화동2리 612
강원특별자치도	횡성군	공동집하장	강원특별자치도 횡성군 둔내면 화동2리 612
강원특별자치도	횡성군	공동집하장	강원특별자치도 횡성군 서원면 금대리 364-3
강원특별자치도	횡성군	공동집하장	강원특별자치도 횡성군 서원면 석화1리 183-6
강원특별자치도	횡성군	공동집하장	강원특별자치도 횡성군 서원면 석화2리 옥계리921
강원특별자치도	횡성군	공동집하장	강원특별자치도 횡성군 서원면 석화3리 산156
강원특별자치도	횡성군	공동집하장	강원특별자치도 횡성군 서원면 압곡리 5-6
강원특별자치도	횡성군	공동집하장	강원특별자치도 횡성군 서원면 옥계1리 925
강원특별자치도	횡성군	공동집하장	강원특별자치도 횡성군 서원면 옥계2리 922
강원특별자치도	횡성군	공동집하장	강원특별자치도 횡성군 서원면 유현1리 산173-3
강원특별자치도	횡성군	공동집하장	강원특별자치도 횡성군 서원면 유현2리 산120
강원특별자치도	횡성군	공동집하장	강원특별자치도 횡성군 서원면 유현3리 189-3
강원특별자치도	횡성군	공동집하장	강원특별자치도 횡성군 서원면 창촌1리749-1
강원특별자치도	횡성군	공동집하장	강원특별자치도 횡성군 서원면 창촌2리 803
강원특별자치도	횡성군	공동집하장	강원특별자치도 횡성군 안흥면 가천리 245
강원특별자치도	횡성군	공동집하장	강원특별자치도 횡성군 안흥면 상안1리 863-84
강원특별자치도	횡성군	공동집하장	강원특별자치도 횡성군 안흥면 상안2리 191
강원특별자치도	횡성군	공동집하장	강원특별자치도 횡성군 안흥면 성산리 700-1
강원특별자치도	횡성군	공동집하장	강원특별자치도 횡성군 안흥면 소사1리 889
강원특별자치도	횡성군	공동집하장	강원특별자치도 횡성군 안흥면 소사2리 581-1
강원특별자치도	횡성군	공동집하장	강원특별자치도 횡성군 안흥면 소사3리 1732
강원특별자치도	횡성군	공동집하장	강원특별자치도 횡성군 안흥면 소사4리 1359
강원특별자치도	횡성군	공동집하장	강원특별자치도 횡성군 안흥면 송한리 147
강원특별자치도	횡성군	공동집하장	강원특별자치도 횡성군 안흥면 안흥1리 산21-1
강원특별자치도	횡성군	공동집하장	강원특별자치도 횡성군 안흥면 안흥2리 647-15
강원특별자치도	횡성군	공동집하장	강원특별자치도 횡성군 안흥면 안흥3리 516-1
강원특별자치도	횡성군	공동집하장	강원특별자치도 횡성군 안흥면 안흥4리 961-58
강원특별자치도	횡성군	공동집하장	강원특별자치도 횡성군 안흥면 지구1리 836-35
강원특별자치도	횡성군	공동집하장	강원특별자치도 횡성군 안흥면 지구2리 213
강원특별자치도	횡성군	공동집하장	강원특별자치도 횡성군 안흥면 지구2리 214
강원특별자치도	횡성군	공동집하장	강원특별자치도 횡성군 안흥명 안흥5리 산2-8
강원특별자치도	횡성군	공동집하장	강원특별자치도 횡성군 우천면 두곡리 64-4
강원특별자치도	횡성군	공동집하장	강원특별자치도 횡성군 우천면 문암리 397-8
강원특별자치도	횡성군	공동집하장	강원특별자치도 횡성군 우천면 백달리 280-3
강원특별자치도	횡성군	공동집하장	강원특별자치도 횡성군 우천면 법주리 67-202
강원특별자치도	횡성군	공동집하장	강원특별자치도 횡성군 우천면 산전리 168-2
강원특별자치도	횡성군	공동집하장	강원특별자치도 횡성군 우천면 상대리 산71-3
강원특별자치도	횡성군	공동집하장	강원특별자치도 횡성군 우천면 상하가리 220-3
강원특별자치도	횡성군	공동집하장	강원특별자치도 횡성군 우천면 양적리 371-3
강원특별자치도	횡성군	공동집하장	강원특별자치도 횡성군 우천면 오원1리 740
강원특별자치도	횡성군	공동집하장	강원특별자치도 횡성군 우천면 오원2리 939
강원특별자치도	횡성군	공동집하장	강원특별자치도 횡성군 우천면 오원2리 954
강원특별자치도	횡성군	공동집하장	강원특별자치도 횡성군 우천면 오원3리 583-1
강원특별자치도	횡성군	공동집하장	강원특별자치도 횡성군 우천면 용둔리 518-1
강원특별자치도	횡성군	공동집하장	강원특별자치도 횡성군 우천면 우항2리 109-15
강원특별자치도	횡성군	공동집하장	강원특별자치도 횡성군 우천면 우항리 688
강원특별자치도	횡성군	공동집하장	강원특별자치도 횡성군 우천면 정금1리 852-4
강원특별자치도	횡성군	공동집하장	강원특별자치도 횡성군 우천면 정금2리 1347-7
강원특별자치도	횡성군	공동집하장	강원특별자치도 횡성군 우천면 하궁1리 963-2
강원특별자치도	횡성군	공동집하장	강원특별자치도 횡성군 우천면 하궁2리 500-7
강원특별자치도	횡성군	공동집하장	강원특별자치도 횡성군 청일면 갑천2리 산320
강원특별자치도	횡성군	공동집하장	강원특별자치도 횡성군 청일면 갑천리 186-2
강원특별자치도	횡성군	공동집하장	강원특별자치도 횡성군 청일면 갑천리 186-2
강원특별자치도	횡성군	공동집하장	강원특별자치도 횡성군 청일면 고시리 350
강원특별자치도	횡성군	공동집하장	강원특별자치도 횡성군 청일면 봉명리 538-4
강원특별자치도	횡성군	공동집하장	강원특별자치도 횡성군 청일면 속실리 705-5
강원특별자치도	횡성군	공동집하장	강원특별자치도 횡성군 청일면 신대리 439-2
강원특별자치도	횡성군	공동집하장	강원특별자치도 횡성군 청일면 유동1리 510-2
강원특별자치도	횡성군	공동집하장	강원특별자치도 횡성군 청일면 유동2리 1374-17
강원특별자치도	횡성군	공동집하장	강원특별자치도 횡성군 청일면 유동2리 877
강원특별자치도	횡성군	공동집하장	강원특별자치도 횡성군 청일면 유동리 1265-1
강원특별자치도	횡성군	공동집하장	강원특별자치도 횡성군 청일면 유평리 650
강원특별자치도	횡성군	공동집하장	강원특별자치도 횡성군 청일면 초현리 81-1
강원특별자치도	횡성군	공동집하장	강원특별자치도 횡성군 청일면 춘당1리 237
강원특별자치도	횡성군	공동집하장	강원특별자치도 횡성군 청일면 춘당1리 592
강원특별자치도	횡성군	공동집하장	강원특별자치도 횡성군 청일면 춘당2리 886
강원특별자치도	횡성군	공동집하장	강원특별자치도 횡성군 횡성읍 가담리 350-1
강원특별자치도	횡성군	공동집하장	강원특별자치도 횡성군 횡성읍 갈풍리 46
강원특별자치도	횡성군	공동집하장	강원특별자치도 횡성군 횡성읍 갈풍리 산24
강원특별자치도	횡성군	공동집하장	강원특별자치도 횡성군 횡성읍 갈풍리 산24
강원특별자치도	횡성군	공동집하장	강원특별자치도 횡성군 횡성읍 개전리 199-4
강원특별자치도	횡성군	공동집하장	강원특별자치도 횡성군 횡성읍 남산리 184-12
강원특별자치도	횡성군	공동집하장	강원특별자치도 횡성군 횡성읍 마산리 358
강원특별자치도	횡성군	공동집하장	강원특별자치도 횡성군 횡성읍 모평리147-10
강원특별자치도	횡성군	공동집하장	강원특별자치도 횡성군 횡성읍 반곡리 558-4
강원특별자치도	횡성군	공동집하장	강원특별자치도 횡성군 횡성읍 반곡리558-4
강원특별자치도	횡성군	공동집하장	강원특별자치도 횡성군 횡성읍 생운리 253-7
강원특별자치도	횡성군	공동집하장	강원특별자치도 횡성군 횡성읍 송전리 28-2
강원특별자치도	횡성군	공동집하장	강원특별자치도 횡성군 횡성읍 영영포리 574
강원특별자치도	횡성군	공동집하장	강원특별자치도 횡성군 횡성읍 입석리167-1
강원특별자치도	횡성군	공동집하장	강원특별자치도 횡성군 횡성읍 정암리 1008
강원특별자치도	횡성군	공동집하장	강원특별자치도 횡성군 횡성읍 정암리 1008-22
강원특별자치도	횡성군	공동집하장	강원특별자치도 횡성군 횡성읍 조곡리292-3
강원특별자치도	횡성군	공동집하장	강원특별자치도 횡성군 횡성읍 청용리244-1 2
강원특별자치도	횡성군	공동집하장	강원특별자치도 횡성군 횡성읍 추동리3-106
강원특별자치도	횡성군	공동집하장	강원특별자치도 횡성군 횡성읍 학곡리 365-1
강원특별자치도	횡성군	공동집하장	강원특별자치도 횡성군 횡성읍 학곡리 365-1
강원특별자치도	횡성군	공동집하장	강원특별자치도 횡성군 횡성읍 학곡리 487-8
경기도	가평군	백둔리 마을공동집하장	경기도 가평군 북면 백둔리 349-5
경기도	가평군	상천4리 공동집하장	경기도 가평군 청평면 상천리 336-1번지
경기도	김포시	초원2리마을	경기도 김포시 경기도 김포시 대곶면 용두로 4
경기도	김포시	대준마을	경기도 김포시 고촌읍 태리 903-1번지
경기도	김포시	옹정1리마을	경기도 김포시 김포대로 2435번길 199
경기도	김포시	절굴마을	경기도 김포시 김포대로 2435번길 199
경기도	김포시	대벽5리마을	경기도 김포시 대곶남로265번길 46-39
경기도	김포시	신안1리마을	경기도 김포시 대곶로 119번길 224
경기도	김포시	대벽3리마을	경기도 김포시 대곶면 대벽리 1268
경기도	김포시	초원1리마을	경기도 김포시 대곶면 용두리 15번길 153
경기도	김포시	율생4리마을	경기도 김포시 대곶면 종생로115번길 9
경기도	김포시	약암2리마을	경기도 김포시 대곶서로59번길 94
경기도	김포시	안행마을	경기도 김포시 덕포진로130번길 9
경기도	김포시	학운6리마을	경기도 김포시 양촌읍 고음달로 88-1
경기도	김포시	학운3리마을	경기도 김포시 양촌읍 학운리 319-2
경기도	김포시	흥신2리마을	경기도 김포시 양촌읍 흥신로 184-18
경기도	김포시	조강2리 공동집하장	경기도 김포시 월곶면 개곡리 3-9
경기도	김포시	고막1리마을	경기도 김포시 월곶면 고막리 305-8
경기도	김포시	고정3리마을	경기도 김포시 통진읍 고정1로82번길 20-13
경기도	김포시	대서명마을	경기도 김포시 통진읍 서암리 517
경기도	김포시	하동마을	경기도 김포시 하성면 봉성2리 200-3
경기도	동두천시	재활용선별장 영농폐비닐 공동집하장	경기도 동두천시 강변로 872
경기도	안성시	신가마을(영농폐기물) 공동집하장	경기도 안성시 고삼면 가유리 287-8(신가마을)
경기도	안성시	뷸당마을 영농폐기물 공동집하장	경기도 안성시 공도읍 불당길 71
경기도	안성시	도기1통(영농폐기물) 공동집하장	경기도 안성시 도기동 176-2
경기도	안성시	이전마을(영농폐기물) 공동집하장	경기도 안성시 보개면 이전리 231(이전마을)
경기도	안성시	마전2리(영농폐기물) 공동집하장	경기도 안성시 삼죽면 개내실길 16
경기도	안성시	사솔마을(영농폐기물) 공동집하장	경기도 안성시 삼죽면 기솔리 383-1(사솔마을)
경기도	안성시	율현마을(영농폐기물) 공동집하장	경기도 안성시 삼죽면 율곡리 1006-1(율현마을)
경기도	안성시	덕뫼마을(영농폐기물) 공동집하장	경기도 안성시 양성면 덕봉리 산47-2(덕뫼마을)
경기도	안성시	약산마을(영농폐기물) 공동집하장	경기도 안성시 양성면 미산리 843(약산마을)
경기도	안성시	동문마을(영농집하장) 공동집하장	경기도 안성시 원곡면 지문리 595(동문마을)
경기도	안성시	상가,하가,마을(영농폐기물) 공동집하장	경기도 안성시 일죽면 가리 385-2(상가,하가,마을)
경기도	안성시	산북마을(영농폐기물) 공동집하장	경기도 안성시 일죽면 산북리 671-2(산북마을)
경기도	안성시	마림마을(영농폐기물) 공동집하장	경기도 안성시 일죽면 죽림리 154-3(마림마을)
경기도	안성시	우곡마을(영농폐기물) 공동집하장	경기도 안성시 일죽면 화곡리 237-3(우곡마을)
경기도	안성시	장암마을(영농폐기물) 공동집하장	경기도 안성시 장암초교길 41
경기도	안성시	용설리(영농폐기물) 공동집하장	경기도 안성시 죽산면 겨티길 7
경기도	안성시	상삼마을(영농폐기물) 공동집하장	경기도 안성시 죽산면 두현리 456-2(상삼마을)
경기도	안성시	하구산마을(영농폐기물) 공동집하장	경기도 안성시 죽산면 매산리 165-4(하구산마을)
경기도	안성시	미륵당마을(영농폐기물) 공동집하장	경기도 안성시 죽산면 매산리 346-6(미륵당마을)
경기도	안성시	남산마을(영농폐기물) 공동집하장	경기도 안성시 죽산면 장원리 541(남산마을)
경기도	안성시	중리1통마을 영농폐기물 공동집하장	경기도 안성시 중리길 142
경기도	양주시	하패1리마을 폐비닐공동집하장	경기도 양주시 양주시 은현면 하패리 328-2
경기도	양평군	신화2리 공동집하장	경기도 양평군 강상면 신화리 490
경기도	양평군	상자포리 공동집하장	경기도 양평군 개군면 상자포리 422-1
경기도	양평군	하자포리 공동집하장	경기도 양평군 개군면 하자포리 425-7
경기도	양평군	양수5리 공동집하장	경기도 양평군 양서면 양수5리 788-2
경기도	양평군	도곡리 공동집하장	경기도 양평군 양평읍 도곡리 804-4
경기도	양평군	다문리 공동집하장	경기도 양평군 용문면 다문리 832
경기도	양평군	무왕3리 공동집하장	경기도 양평군 지평면 무왕리 1297-1
경기도	양평군	무왕1리 공동집하장	경기도 양평군 지평면 무왕리 441-20
경기도	양평군	수곡2리 공동집하장	경기도 양평군 지평면 수곡리 산 100-1
경기도	양평군	옥현리 공동집하장	경기도 양평군 지평면 옥현리 1869번지
경기도	양평군	일신2리 공동집하장	경기도 양평군 지평면 일신리 1818-3
경기도	양평군	지평1리 공동집하장	경기도 양평군 지평면 지평리 34-2
경기도	양평군	여물리 공동집하장	경기도 양평군 청운면 청운체육공원길 50-17
경기도	여주시	건장리 공동집하장	경기도 여주시 가남읍 건장리 81-6
경기도	여주시	금곡리 공동집하장	경기도 여주시 가남읍 금곡리 173-2
경기도	여주시	본두2리 공동집하장	경기도 여주시 가남읍 본두리 31-47
경기도	여주시	삼군리 공동집하장	경기도 여주시 가남읍 삼군리 392
경기도	여주시	신해2리 공동집하장	경기도 여주시 가남읍 상활리 512-11
경기도	여주시	송림리 공동집하장	경기도 여주시 가남읍 송림리 294-1
경기도	여주시	심석리 공동집하장	경기도 여주시 가남읍 심석리 364-19
경기도	여주시	안금리 공동집하장	경기도 여주시 가남읍 안금리 527-3
경기도	여주시	양귀리 공동집하장	경기도 여주시 가남읍 양귀리 316-3
경기도	여주시	양귀리 공동집하장	경기도 여주시 가남읍 양귀리 316-3
경기도	여주시	은봉2리 공동집하장	경기도 여주시 가남읍 은봉리 174-8
경기도	여주시	은봉리 공동집하장	경기도 여주시 가남읍 은봉리 443-1
경기도	여주시	태평3리 공동집하장	경기도 여주시 가남읍 태평리 57-4
경기도	여주시	하귀리 공동집하장	경기도 여주시 가남읍 하귀리 116-3
경기도	여주시	가업통	경기도 여주시 가업동 52-9
경기도	여주시	부평2리	경기도 여주시 강천면 부평리 215-2
경기도	여주시	교2통 공동집하장	경기도 여주시 교동로165-32 맞은편
경기도	여주시	궁리 공동집하장	경기도 여주시 금사면 궁리 114-4
경기도	여주시	금사1리 간이 집하장	경기도 여주시 금사면 금사리 112-4
경기도	여주시	외평리장	경기도 여주시 금사면 외평리 129
경기도	여주시	외평3리	경기도 여주시 금사면 외평리 산45-1
경기도	여주시	전북리	경기도 여주시 금사면 전북리 275-9
경기도	여주시	하호리	경기도 여주시 금사면 하호리 177
경기도	여주시	외평2리 공동집하장	경기도 여주시 금사면외평리 산8-1
경기도	여주시	광대1리	경기도 여주시 능서면 광대리 306-1
경기도	여주시	광대2리	경기도 여주시 능서면 광대리 86-2
경기도	여주시	구양리	경기도 여주시 능서면 구양리 237
경기도	여주시	내양1리	경기도 여주시 능서면 내양리 100-4
경기도	여주시	내양2리	경기도 여주시 능서면 내양리 219-14
경기도	여주시	백석2리	경기도 여주시 능서면 내양리 345-335
경기도	여주시	매류1리	경기도 여주시 능서면 매류리 246-8
경기도	여주시	백석1리	경기도 여주시 능서면 백석리 422
경기도	여주시	내양3리	경기도 여주시 능서면 백석리 617-8
경기도	여주시	번도3리	경기도 여주시 능서면 번도리 719-3
경기도	여주시	신지2리	경기도 여주시 능서면 신지리 925-7
경기도	여주시	오계1리	경기도 여주시 능서면 오계리 121-2
경기도	여주시	오계2리	경기도 여주시 능서면 오계리 499
경기도	여주시	왕대1리	경기도 여주시 능서면 왕대리 297-2
경기도	여주시	왕대2리	경기도 여주시 능서면 왕대리 947-53
경기도	여주시	용은1리	경기도 여주시 능서면 용은리 703
경기도	여주시	능현1통 새마을회	경기도 여주시 능현동 466
경기도	여주시	점봉2통 새마을회	경기도 여주시 능현동 490
경기도	여주시	멱곡2통 새마을회	경기도 여주시 단현동 300번지선
경기도	여주시	단현2통 새마을회	경기도 여주시 단현동 354-7
경기도	여주시	가산2리	경기도 여주시 대신면 가산3길 45-3
경기도	여주시	가산1리 새마을회	경기도 여주시 대신면 가산리 431-17
경기도	여주시	가산3리 새마을회	경기도 여주시 대신면 가산리 49-7
경기도	여주시	계림1리 새마을회	경기도 여주시 대신면 계림리 456-1
경기도	여주시	당남리 새마을회	경기도 여주시 대신면 당남리 311
경기도	여주시	당산1리 새마을회	경기도 여주시 대신면 당산리 15-22
경기도	여주시	당산2리	경기도 여주시 대신면 당산리 160-1
경기도	여주시	도롱리 새마을회	경기도 여주시 대신면 도롱리 102-1
경기도	여주시	보통2리 새마을회	경기도 여주시 대신면 보통리 331-6
경기도	여주시	상구1리	경기도 여주시 대신면 상구리 205-2
경기도	여주시	상구2리	경기도 여주시 대신면 상구리 26
경기도	여주시	송촌3리	경기도 여주시 대신면 송촌리 145-5
경기도	여주시	송촌2리	경기도 여주시 대신면 송촌리 395-1
경기도	여주시	옥촌2리 새마을회	경기도 여주시 대신면 옥촌리 612
경기도	여주시	장풍1리 새마을회	경기도 여주시 대신면 장풍리 51
경기도	여주시	장풍2리 새마을회	경기도 여주시 대신면 장풍리 700-2
경기도	여주시	천남1리	경기도 여주시 대신면 천남리 198-6
경기도	여주시	천남2리	경기도 여주시 대신면 천남리 457-2
경기도	여주시	천서1리 새마을회	경기도 여주시 대신면 천서리 318-7
경기도	여주시	초현1리 새마을회	경기도 여주시 대신면 초현리 26-4
경기도	여주시	하림1리 새마을회	경기도 여주시 대신면 하림리 219-6
경기도	여주시	하림2리장	경기도 여주시 대신면 하림리 331
경기도	여주시	후포1리 새마을회	경기도 여주시 대신면 후포리 743-1
경기도	여주시	계림2리공동집하장	경기도 여주시 대신면계림리350
경기도	여주시	무촌리 공동집하장	경기도 여주시 대신면무촌리45번지
경기도	여주시	멱곡1통 공동집하장	경기도 여주시 멱곡동 484-4번지선
경기도	여주시	본두1리 공동집하장	경기도 여주시 본두리 741-7
경기도	여주시	가정2리	경기도 여주시 북내면 가정리 121
경기도	여주시	상교리	경기도 여주시 북내면 상교리 116
경기도	여주시	서원1리	경기도 여주시 북내면 서원리 306
경기도	여주시	석우리	경기도 여주시 북내면 석우리  343-2
경기도	여주시	석우1리	경기도 여주시 북내면 석우리 380-2
경기도	여주시	신남리	경기도 여주시 북내면 신남리 223-2
경기도	여주시	외룡리	경기도 여주시 북내면 외룡리 263
경기도	여주시	장암1리	경기도 여주시 북내면 장암리 346-2
경기도	여주시	주암1리	경기도 여주시 북내면 주암리 210-1
경기도	여주시	상품2리	경기도 여주시 산북면 상품리 42-6
경기도	여주시	상품1리공동집하장	경기도 여주시 산북면 상품리336-6
경기도	여주시	삼교1통	경기도 여주시 삼교동 70
경기도	여주시	상거통 공동집하장	경기도 여주시 상거동210-4
경기도	여주시	상활1리 공동집하장	경기도 여주시 상활리 170
경기도	여주시	내양3리 새마을회	경기도 여주시 세종대왕면 능북로 57
경기도	여주시	양거리 공동집하장	경기도 여주시 세종대왕면 양거리 403
경기도	여주시	왕대리 공동집하장	경기도 여주시 세종대왕면 왕대리 297-2
경기도	여주시	용은2리공동집하장	경기도 여주시 세종대왕면 용은리266-1
경기도	여주시	연라동 공동집하장	경기도 여주시 연라동 300번지
경기도	여주시	연라1통 공동집하장	경기도 여주시 연라동 45
경기도	여주시	오학1통	경기도 여주시 오학동 134-12
경기도	여주시	우만1통 새마을회	경기도 여주시 우만동 52-1
경기도	여주시	월송2통 공동집하장	경기도 여주시 월송동117-5
경기도	여주시	윤촌리 공동집하장	경기도 여주시 윤촌리55-1
경기도	여주시	장풍2리 공동집하장	경기도 여주시 장풍리550-1
경기도	여주시	관한1리 공동집하장	경기도 여주시 점동면 관한1리
경기도	여주시	덕평1리 공동집하장	경기도 여주시 점동면 덕평1리
경기도	여주시	도리 공동집하장	경기도 여주시 점동면 도리
경기도	여주시	도리	경기도 여주시 점동면 도리 133-1
경기도	여주시	부구리 공동집하장	경기도 여주시 점동면 부구리
경기도	여주시	사곡1리 공동집하장	경기도 여주시 점동면 사곡1리
경기도	여주시	원부리 공동집하장	경기도 여주시 점동면 원부리
경기도	여주시	처리 공동집하장	경기도 여주시 점동면 처리
경기도	여주시	처리 공동집하장	경기도 여주시 점동면 처리 342
경기도	여주시	현수1리 공동집하장	경기도 여주시 점동면 현수1리
경기도	여주시	현수2리 공동집하장	경기도 여주시 점동면 현수리722-2
경기도	여주시	현수2리 공동집하장	경기도 여주시 점동면현수리 473-1
경기도	여주시	천송3통	경기도 여주시 천송동 425-1
경기도	여주시	현암2통공동집하장	경기도 여주시 현암2통
경기도	여주시	계신리 공동집하장	경기도 여주시 흥천면 계신리 149-1
경기도	여주시	귀백리공동집하장	경기도 여주시 흥천면 귀백로 23
경기도	여주시	대당2리 새마을회	경기도 여주시 흥천면 대당리 388
경기도	여주시	상대2리 새마을회	경기도 여주시 흥천면 문장리 38-1
경기도	여주시	문장2리공동집하장	경기도 여주시 흥천면 문장리 447-2
경기도	여주시	상대1리 공동집하장	경기도 여주시 흥천면 상대리 248-1
경기도	여주시	상백1리공동집하장	경기도 여주시 흥천면 상백리 208-3
경기도	여주시	신근3리 공동집하장	경기도 여주시 흥천면 신근리 202-1
경기도	여주시	외사3리공동집하장	경기도 여주시 흥천면 외사리 328-2
경기도	여주시	외사1리	경기도 여주시 흥천면 외사리 33-4
경기도	여주시	외사1리 공동집하장	경기도 여주시 흥천면 외사리33-4
경기도	여주시	신근2리 새마을회	경기도 여주시 흥천면 율극리 131-2
경기도	여주시	율극1리 공동집하장	경기도 여주시 흥천면 율극리 131-7
경기도	여주시	효지2리 공동집하장	경기도 여주시 흥천면 효지리 63-1
경기도	연천군	궁평1리마을집하장	경기도 연천군 5사단 신교대앞
경기도	연천군	연천읍 옥산리 공동집하장	경기도 연천군 경기도 연천군 연천읍 합내로854번길 383
경기도	연천군	신답리간이집하장	경기도 연천군 경기도 연천군 전곡읍 신답리 729
경기도	연천군	군남면 간이집하장	경기도 연천군 군남면 삼거리 360-1
경기도	연천군	군남면 폐비닐.폐농약병 집하장	경기도 연천군 군남면 삼거리 360-1
경기도	연천군	백의1리마을집하장	경기도 연천군 백의1리 마을회관 앞
경기도	연천군	도신2리 공동집하장	경기도 연천군 신서면 도신리  309-3
경기도	연천군	도신3리 간이집하장	경기도 연천군 신서면 도신리  74-3
경기도	연천군	도신4리 간이집하장	경기도 연천군 신서면 도신리 192-20
경기도	연천군	북삼리노인회 공동집하장	경기도 연천군 연천군 왕징면 북삼리 248
경기도	연천군	무등리새마을회 간이집하장	경기도 연천군 연천군 왕징면 왕산로 65번길 100-1
경기도	연천군	장탄2리마을집하장	경기도 연천군 장탄2리 마을회관
경기도	연천군	장탄2리 공동집하장	경기도 연천군 장탄리 1084-1
경기도	연천군	신답리 간이집하장	경기도 연천군 전곡읍 신답리 729
경기도	연천군	궁평2리마을집하장	경기도 연천군 청산면 아우라지길16-1
경기도	용인시	영농폐기물 간이집하장	경기도 용인시 기흥구 신갈동 77-1
경기도	용인시	원암3리(영농폐기물) 공동집하장	경기도 용인시 처인구 남사읍 원암리 43-4
경기도	용인시	영농폐기물 공동집하장	경기도 용인시 처인구 남사읍 창리 897
경기도	용인시	오산리(영농폐기물)공동집하장	경기도 용인시 처인구 모현읍 오산리 343-1
경기도	용인시	일산리(영농폐기물) 공동집하장	경기도 용인시 처인구 모현읍 일산리 665
경기도	용인시	가창2리(영농폐기물) 공동집하장	경기도 용인시 처인구 백암면 가창리 169
경기도	용인시	영농폐기물 공동집하장	경기도 용인시 처인구 백암면 박곡리 104-11
경기도	용인시	영농폐기물 공동집하장	경기도 용인시 처인구 백암면 박곡리 538-4
경기도	용인시	영농폐기물 공동집하장	경기도 용인시 처인구 백암면 박곡리 678-2
경기도	용인시	영농폐기물 공동집하장	경기도 용인시 처인구 백암면 박곡리 808-1
경기도	용인시	영농폐기물 공동집하장	경기도 용인시 처인구 운학동 150
경기도	용인시	영농폐기물 공동집하장	경기도 용인시 처인구 이동읍 덕성리 1130-7
경기도	용인시	영농폐기물 공동집하장	경기도 용인시 처인구 포곡읍 삼계리 582-6
경기도	용인시	영농폐기물 공동집하장	경기도 용인시 처인구 포곡읍 삼계리 588-5
경기도	이천시	폐비닐 공동집하장	경기도 이천시 갈산동 542-2
경기도	이천시	폐비닐 공동집하장	경기도 이천시 고담동 430-6
경기도	이천시	폐비닐 공동집하장	경기도 이천시 단월동 764 / 765 / 137
경기도	이천시	폐비닐 공동집하장	경기도 이천시 대월면 구시리 435-23
경기도	이천시	폐비닐 공동집하장	경기도 이천시 대월면 군량리 259
경기도	이천시	폐비닐 공동집하장	경기도 이천시 대월면 대대리 200-21
경기도	이천시	폐비닐 공동집하장	경기도 이천시 대월면 대대리 361
경기도	이천시	폐비닐 공동집하장	경기도 이천시 대월면 도리리 370-1
경기도	이천시	폐비닐 공동집하장	경기도 이천시 대월면 송라리 134-1
경기도	이천시	폐비닐 공동집하장	경기도 이천시 대포동 680-1
경기도	이천시	폐비닐 공동집하장	경기도 이천시 마장면 장암리 853
경기도	이천시	폐비닐 공동집하장	경기도 이천시 마장면 표교리 산21
경기도	이천시	폐비닐 공동집하장	경기도 이천시 모가면 서경리 519-8
경기도	이천시	폐비닐 공동집하장	경기도 이천시 모가면 서경리 624
경기도	이천시	폐비닐 공동집하장	경기도 이천시 모가면 서경리624(서경2리)
경기도	이천시	폐비닐 공동집하장	경기도 이천시 모가면 소고리 372-46
경기도	이천시	폐비닐 공동집하장	경기도 이천시 모가면 양평리 261-2
경기도	이천시	폐비닐 공동집하장	경기도 이천시 모가면 어농리 265
경기도	이천시	폐비닐 공동집하장	경기도 이천시 모가면 어농리 498-1
경기도	이천시	폐비닐 공동집하장	경기도 이천시 모가면 진가리 412
경기도	이천시	폐비닐 공동집하장	경기도 이천시 백사면 신대리 322-1
경기도	이천시	폐비닐 공동집하장	경기도 이천시 백사면 조읍리 374-6
경기도	이천시	폐비닐 공동집하장	경기도 이천시 부발읍 가산리 422-42
경기도	이천시	폐비닐 공동집하장	경기도 이천시 부발읍 가산리 422-42
경기도	이천시	폐비닐 공동집하장	경기도 이천시 부발읍 수정리 425-2
경기도	이천시	폐비닐 공동집하장	경기도 이천시 부발읍 신원리 120
경기도	이천시	폐비닐 공동집하장	경기도 이천시 부발읍 신원리 492-6
경기도	이천시	폐비닐 공동집하장	경기도 이천시 부발읍 아미리 580-1
경기도	이천시	폐비닐 공동집하장	경기도 이천시 설성면 대죽리 950
경기도	이천시	폐비닐 공동집하장	경기도 이천시 설성면 송계리 588-10
경기도	이천시	폐비닐 공동집하장	경기도 이천시 설성면 암산리 414
경기도	이천시	폐비닐 공동집하장	경기도 이천시 설성면 자석리 195-4 / 513
경기도	이천시	폐비닐 공동집하장	경기도 이천시 설성면 제요리 391-4
경기도	이천시	폐비닐 공동집하장	경기도 이천시 설성면 제요리 826-8
경기도	이천시	폐비닐 공동집하장	경기도 이천시 설성면 행죽리 373-1
경기도	이천시	폐비닐 공동집하장	경기도 이천시 신둔면 도암리 447-1
경기도	이천시	폐비닐 공동집하장	경기도 이천시 신둔면 마교리 369-23
경기도	이천시	폐비닐 공동집하장	경기도 이천시 신둔면 인후리 55-1
경기도	이천시	폐비닐 공동집하장	경기도 이천시 신둔면 장동리 793-7
경기도	이천시	폐비닐 공동집하장	경기도 이천시 율면 고당리 116-3
경기도	이천시	폐비닐 공동집하장	경기도 이천시 율면 본죽리 345
경기도	이천시	폐비닐 공동집하장	경기도 이천시 율면 북두리 29-8
경기도	이천시	폐비닐 공동집하장	경기도 이천시 율면 북두리303-1(북두2리마을회관)
경기도	이천시	폐비닐 공동집하장	경기도 이천시 율면 산성리 86-2
경기도	이천시	폐비닐 공동집하장	경기도 이천시 율면 산양리 227-5
경기도	이천시	폐비닐 공동집하장	경기도 이천시 율면 산양리 395-4
경기도	이천시	폐비닐 공동집하장	경기도 이천시 율면 석산리 362-3
경기도	이천시	폐비닐 공동집하장	경기도 이천시 율면 석산리 53
경기도	이천시	폐비닐 공동집하장	경기도 이천시 율면 신추리 1240
경기도	이천시	폐비닐 공동집하장	경기도 이천시 율면 신추리 626-4 / 626-8
경기도	이천시	폐비닐 공동집하장	경기도 이천시 율면 오성리 99-2
경기도	이천시	폐비닐 공동집하장	경기도 이천시 율면 월포리 1371
경기도	이천시	폐비닐 공동집하장	경기도 이천시 율면 월포리 386
경기도	이천시	폐비닐 공동집하장	경기도 이천시 율현동 515
경기도	이천시	폐비닐 공동집하장	경기도 이천시 장호원읍 대서리 568-5
경기도	이천시	폐비닐 공동집하장	경기도 이천시 장호원읍 방추리 246-12
경기도	이천시	폐비닐 공동집하장	경기도 이천시 장호원읍 선읍리 1033
경기도	이천시	폐비닐 공동집하장	경기도 이천시 장호원읍 선읍리 1281
경기도	이천시	폐비닐 공동집하장	경기도 이천시 장호원읍 이황리 674-1 / 674-5
경기도	이천시	폐비닐 공동집하장	경기도 이천시 장호원읍 진암리 131-1
경기도	이천시	폐비닐 공동집하장	경기도 이천시 장호원읍 풍계리 450-2
경기도	이천시	폐비닐 공동집하장	경기도 이천시 진상미로2232번길 140-18(고담동)
경기도	이천시	폐비닐 공동집하장	경기도 이천시 호법면 안평리 400-6 / 395-1
경기도	파주시	광탄선별장	경기도 파주시 광탄면 만장산로 243-151
경기도	파주시	법원읍 공동집하장	경기도 파주시 법원읍 사임당로556번길 19-1
경기도	파주시	가월리 공동집하장	경기도 파주시 적성면 가월리 1809-1번지
경기도	파주시	어유지리 공동집하장	경기도 파주시 적성면 어유지리 69-9
경기도	파주시	장현리 공동집하장	경기도 파주시 적성면 장현리 99-1
경기도	파주시	탄현면 공동집하장	경기도 파주시 탄현면 웅지로 76-64
경기도	평택시	송탄동 폐비닐집하장	경기도 평택시 가재동 20-54
경기도	평택시	사리마을 공동 집하장	경기도 평택시 서탄면 사리 787-4
경기도	평택시	금곡1리마을 폐비닐집하장	경기도 평택시 안중읍 금곡리 146-1
경기도	평택시	당거1리 공동집하장	경기도 평택시 오성면 당거1길 35
경기도	평택시	숙성3리 공동집하장	경기도 평택시 오성면 숙성3길 51-2
경기도	평택시	양교6리마을 폐비닐집하장	경기도 평택시 오성면 양교길 227-22
경기도	평택시	창내3리 공동집하장	경기도 평택시 오성면 창내3길 148
경기도	평택시	한산3리 폐비닐 집하장	경기도 평택시 청북읍 한산길 244
경기도	평택시	한산1리 공동집하장	경기도 평택시 청북읍 한산리 732-1
경기도	평택시	방림4리 공동 집하장	경기도 평택시 포승읍 방림리 559-7
경기도	평택시	석정6리 공동집하장	경기도 평택시 포승읍 석정리 530-18
경기도	평택시	외원마을 폐비닐집하장	경기도 평택시 포승읍 외원길 7
경기도	평택시	원정2리 공동집하장	경기도 평택시 포승읍 원정리 410-14
경기도	평택시	기산1리 공동집하장	경기도 평택시 현덕면 기산1길 37-14
경기도	평택시	현덕면 영농페비닐 집하장	경기도 평택시 현덕면 기산1길 37-14
경기도	평택시	도대1리 공동집하장	경기도 평택시 현덕면 도대길 115-13
경기도	평택시	현덕면 영농페비닐 집하장	경기도 평택시 현덕면 운정리 산 99-2
경기도	평택시	현덕면 영농페비닐 집하장	경기도 평택시 현덕면 인광리 252-8
경기도	평택시	방축2리 공동집하장	경기도 평택시 현덕면 현덕방축2길 61-1
경기도	포천시	관인면 초과리 산66	경기도 포천시 관인면 영농폐기물 공동집하장
경기도	포천시	군내면 직두리 776-15	경기도 포천시 군내면 영농폐기물 공동집하장
경기도	포천시	소흘읍 고모리산2-10 일원	경기도 포천시 소흘읍 영농폐기물 공동집하장
경기도	포천시	이동면 장암리 151-1	경기도 포천시 이동면 영농폐기물 공동집하장
경기도	포천시	창수면 가양리 599-90	경기도 포천시 창수면 영농폐기물 공동집하장
경기도	포천시	신북면, 영중면 공동집하장	경기도 포천시 포천시 신평로 16번길 207
경기도	화성시	이름 미등록	경기도 화성시 금곡동 572-12
경기도	화성시	금곡1리 마을회관	경기도 화성시 금곡로 163번길 40
경기도	화성시	금곡2리 마을회관	경기도 화성시 금곡로257번길 32
경기도	화성시	배양2통	경기도 화성시 기배로 171번길 1
경기도	화성시	기안2통 마을회관	경기도 화성시 기배로43번길 3
경기도	화성시	기산1통 마을회관	경기도 화성시 기산말길 105
경기도	화성시	기안2통	경기도 화성시 기안동 457-74
경기도	화성시	기안1통 마을회관	경기도 화성시 기안말길 50
경기도	화성시	장덕1리	경기도 화성시 남양로 24번길 29
경기도	화성시	시1리 마을회관	경기도 화성시 남양읍 남양서로 306
경기도	화성시	시1리 마을회관	경기도 화성시 남양읍 남양서로 306
경기도	화성시	문호2리	경기도 화성시 남양읍 남양서로 449번길 6
경기도	화성시	남양5리	경기도 화성시 남양읍 남양시장로 25-13
경기도	화성시	무송2리	경기도 화성시 남양읍 무하로 39-5
경기도	화성시	남양4리	경기도 화성시 남양읍 수작이길 113번길 1-2
경기도	화성시	신남1리 마을회관	경기도 화성시 남양읍 신남안길 184
경기도	화성시	안석2리	경기도 화성시 남양읍 안석길 99
경기도	화성시	온석1리	경기도 화성시 남양읍 온석길 175
경기도	화성시	온석2리	경기도 화성시 남양읍 온석서길 4-10
경기도	화성시	원천리 마을회관	경기도 화성시 남양읍 원천길 8-4
경기도	화성시	북양3리	경기도 화성시 남양읍 주석로 280번길 29
경기도	화성시	무송1리	경기도 화성시 남양읍 현대기아로 456
경기도	화성시	진안2통 마을회관	경기도 화성시 떡전골로 145
경기도	화성시	이름 미등록	경기도 화성시 마도면 고모리 228
경기도	화성시	금당2리 마을회관	경기도 화성시 마도면 금당길 77
경기도	화성시	금당1리 경로당	경기도 화성시 마도면 금당북길 70
경기도	화성시	해문2리 경로당	경기도 화성시 마도면 금해로 106
경기도	화성시	두곡1리 경로당	경기도 화성시 마도면 두곡길 15번길 1
경기도	화성시	두곡2리 경로당	경기도 화성시 마도면 두곡길26번길 2-16
경기도	화성시	백곡2리 마을회관	경기도 화성시 마도면 마도로 197-4
경기도	화성시	쌍송1리 마을회관	경기도 화성시 마도면 마도로 796-4
경기도	화성시	쌍송1리 경로당	경기도 화성시 마도면 마도로 796-4
경기도	화성시	승항2리 마을회관	경기도 화성시 마도면 마도북로 245번길 8
경기도	화성시	해문1리 경로당	경기도 화성시 마도면 마도북로 82
경기도	화성시	석교3리 경로당	경기도 화성시 마도면 석교로 150번길 7-4
경기도	화성시	석교2리 경로당	경기도 화성시 마도면 석교안길 16
경기도	화성시	쌍송2리 경로당	경기도 화성시 마도면 쌍송길 76
경기도	화성시	슬항1리 경로당	경기도 화성시 마도면 절골안길 41
경기도	화성시	청원2리 경로당	경기도 화성시 마도면 청원로 231번길 10
경기도	화성시	청원4리 경로당	경기도 화성시 마도면 청원로 99번길 4
경기도	화성시	이름 미등록	경기도 화성시 마도면 청원서길73번길 14-3
경기도	화성시	청원1리 경로당	경기도 화성시 마도면 해운로 770-2
경기도	화성시	안녕2통 경로당	경기도 화성시 만년로 929번길 6-4
경기도	화성시	반정1통 마을회관	경기도 화성시 반정로 169
경기도	화성시	배양동 집하장2	경기도 화성시 배양길 76번길 12
경기도	화성시	배양동 집하장4	경기도 화성시 배양남길 75-2
경기도	화성시	배양1통 마을회관	경기도 화성시 배양북길 59-4
경기도	화성시	진안13통 마을회관	경기도 화성시 병점동로 148번길 9-16
경기도	화성시	진안4통 마을회관	경기도 화성시 병점로17-9
경기도	화성시	진안1통 마을회관	경기도 화성시 병점중앙로211번길 10-4
경기도	화성시	세곡리	경기도 화성시 봉담읍 가능골1길 102
경기도	화성시	왕림2리	경기도 화성시 봉담읍 가마골길 25-16
경기도	화성시	와우4리	경기도 화성시 봉담읍 남촌길 22
경기도	화성시	덕1리	경기도 화성시 봉담읍 덕머루2길 26
경기도	화성시	동화1리	경기도 화성시 봉담읍 동화북길 43번길 14
경기도	화성시	와우1리	경기도 화성시 봉담읍 동화역말길 141-3
경기도	화성시	덕우리	경기도 화성시 봉담읍 마당바위로 285
경기도	화성시	수영1리	경기도 화성시 봉담읍 매송고색로 422번길 46-3
경기도	화성시	당하2리	경기도 화성시 봉담읍 복만터길 100
경기도	화성시	분천1리	경기도 화성시 봉담읍 분천길 39
경기도	화성시	내1리	경기도 화성시 봉담읍 삼봉안길 54
경기도	화성시	마하리	경기도 화성시 봉담읍 상방길 32
경기도	화성시	수기1리	경기도 화성시 봉담읍 수기리 12-2
경기도	화성시	분천2리	경기도 화성시 봉담읍 시냇말길 29
경기도	화성시	당하1리	경기도 화성시 봉담읍 안당하리길 28
경기도	화성시	상기2리	경기도 화성시 봉담읍 주석로 919-14
경기도	화성시	수영4리	경기도 화성시 봉담읍 진등2길 26-4
경기도	화성시	하가등리	경기도 화성시 봉담읍 하가등안길 25-4
경기도	화성시	상기1리	경기도 화성시 봉담읍 호련2길 40
경기도	화성시	구포3리 마을회관	경기도 화성시 비봉면 구포동길37번길 3
경기도	화성시	남전2리 마을회관	경기도 화성시 비봉면 남이로 135
경기도	화성시	유포1리 마을회관	경기도 화성시 비봉면 남이로 241-5
경기도	화성시	남전1리 마을회관	경기도 화성시 비봉면 남전로 116번길 42
경기도	화성시	구포1리 마을회관	경기도 화성시 비봉면 드랭이안길 41
경기도	화성시	양노4리 마을회관	경기도 화성시 비봉면 비봉로 152
경기도	화성시	삼화1리 마을회관	경기도 화성시 비봉면 삼화길 220-12
경기도	화성시	삼화5리 마을회관	경기도 화성시 비봉면 삼화리 253-6
경기도	화성시	쌍학3리 마을회관	경기도 화성시 비봉면 쌍학길 161
경기도	화성시	쌍학4리 마을회관	경기도 화성시 비봉면 쌍학길83번길 58
경기도	화성시	쌍학2리 마을회관	경기도 화성시 비봉면 쌍학안길 88
경기도	화성시	쌍학1리 마을회관	경기도 화성시 비봉면 쌍학안길21번길 17
경기도	화성시	삼화3리 마을회관	경기도 화성시 비봉면 양노로29번길 2-15
경기도	화성시	유포2리 마을회관	경기도 화성시 비봉면 유포길 5-4
경기도	화성시	삼화5리 마을회관	경기도 화성시 비봉면 이화길 69
경기도	화성시	구포2리 마을회관	경기도 화성시 비봉면 일묵동길 92
경기도	화성시	자안1리 마을회관	경기도 화성시 비봉면 자청로61번길 72
경기도	화성시	청요3리 마을회관	경기도 화성시 비봉면 주석로591번길 4
경기도	화성시	청요1리 마을회관	경기도 화성시 비봉면 주석로701번길 9
경기도	화성시	청요2리 마을회관	경기도 화성시 비봉면 청요로 37
경기도	화성시	양노2리 마을회관	경기도 화성시 비봉면 푸른들판로 1430번길 14
경기도	화성시	자안2리 마을회관	경기도 화성시 비봉면 푸른들판로1125번길 45
경기도	화성시	양노3리 마을회관	경기도 화성시 비봉면 화성로 1617번길 71
경기도	화성시	광평리 마을회관	경기도 화성시 서신면 광평리 232-4
경기도	화성시	용두2리 마을회관	경기도 화성시 서신면 궁평항로 1516-1
경기도	화성시	전곡2리 마을회관	경기도 화성시 서신면 당성로 191
경기도	화성시	매화3리 마을회관	경기도 화성시 서신면 매골길 157
경기도	화성시	매화1리 마을회관	경기도 화성시 서신면 매화리 321-2
경기도	화성시	매화2리 마을회관	경기도 화성시 서신면 매화리 638-2
경기도	화성시	매화2리 마을회관	경기도 화성시 서신면 매화리 797-1
경기도	화성시	상안2리 마을회관	경기도 화성시 서신면 비우물길 9
경기도	화성시	사곳리 마을회관	경기도 화성시 서신면 사곳리 267-1
경기도	화성시	송교리 마을회관	경기도 화성시 서신면 송교리 545-1
경기도	화성시	궁평1리 마을회관	경기도 화성시 서신면 수문개길 56
경기도	화성시	장외리 마을회관	경기도 화성시 서신면 수풀오얏길 5
경기도	화성시	매화4리 마을회관	경기도 화성시 서신면 염전길89번길 9
경기도	화성시	용두1리 마을회관	경기도 화성시 서신면 영종이길 72-4
경기도	화성시	용두2리 마을회관	경기도 화성시 서신면 영지길100번길 41
경기도	화성시	전곡1리 마을회관	경기도 화성시 서신면 은수포길 121-9
경기도	화성시	상안1리 마을회관	경기도 화성시 서신면 제부로 953-13
경기도	화성시	제부리 마을회관	경기도 화성시 서신면 제부말길 96
경기도	화성시	궁평2리 마을회관	경기도 화성시 서신면 해운로 10
경기도	화성시	대양3리 마을회관	경기도 화성시 양감면 개월안길 48-7
경기도	화성시	대양1리 마을회관	경기도 화성시 양감면 대양리 1138-1
경기도	화성시	신왕2리 마을회관	경기도 화성시 양감면 독줄길 112
경기도	화성시	동지골 마을회관	경기도 화성시 양감면 동지골길 32
경기도	화성시	사창1리 마을회관	경기도 화성시 양감면 사창길 18-1
경기도	화성시	신왕1리 마을회관	경기도 화성시 양감면 생이길 37-29
경기도	화성시	대양2리 마을회관	경기도 화성시 양감면 솔미마을길 59-13
경기도	화성시	송산3리 마을회관	경기도 화성시 양감면 송산리 12
경기도	화성시	사창4리 마을회관	경기도 화성시 양감면 신홍길 75번길 7
경기도	화성시	요당리 마을회관	경기도 화성시 양감면 요댕이길 12
경기도	화성시	용소1리 마을회관	경기도 화성시 양감면 용소리 305
경기도	화성시	용소2리 마을회관	경기도 화성시 양감면 용소리 330-3
경기도	화성시	송산4리 마을회관	경기도 화성시 양감면 월촌길 9
경기도	화성시	대양4리 마을회관	경기도 화성시 양감면 윗생이길 6
경기도	화성시	정문1리 마을회관	경기도 화성시 양감면 정문길 11-7
경기도	화성시	송산1리 마을회관	경기도 화성시 양감면 정문송산로 148
경기도	화성시	신왕리 마을회관	경기도 화성시 양감면 초록로 81-6
경기도	화성시	사창2리 마을회관	경기도 화성시 양감면 토성로 490
경기도	화성시	호곡3리 마을회관	경기도 화성시 우정읍 봉곡1길 44
경기도	화성시	호곡3리 마을회관	경기도 화성시 우정읍 봉곡1길 44
경기도	화성시	주곡3리 마을회관	경기도 화성시 우정읍 주곡리 202
경기도	화성시	호곡3리 마을회관	경기도 화성시 우정읍 평밭길 485-20
경기도	화성시	배양동집하장3	경기도 화성시 융건로172번길 8-10
경기도	화성시	송산3통 경로당	경기도 화성시 작현길 24번길 11
경기도	화성시	수촌1리 마을회관	경기도 화성시 장안면 3.1만세로 471-7번지
경기도	화성시	독정3리 마을회관	경기도 화성시 장안면 거묵골길 11번지
경기도	화성시	독정5리 마을회관	경기도 화성시 장안면 고해길 110번지
경기도	화성시	금의3리 마을회관	경기도 화성시 장안면 금의당골길 28-1번지
경기도	화성시	금의1리 마을회관	경기도 화성시 장안면 금의솔안길 228-2번지
경기도	화성시	어은3리 마을회관	경기도 화성시 장안면 기린골길 42-5번지
경기도	화성시	수촌2리 마을회관	경기도 화성시 장안면 꽃밭길 5-8번지
경기도	화성시	노진5리 마을회관	경기도 화성시 장안면 노진길 123-1번지
경기도	화성시	노진4리 마을회관	경기도 화성시 장안면 노진길 29-22
경기도	화성시	노진2리 마을회관	경기도 화성시 장안면 노진길 49번지
경기도	화성시	사곡2리 마을회관	경기도 화성시 장안면 대사곡길 64-13번지
경기도	화성시	덕다1리 마을회관	경기도 화성시 장안면 덕다길 123-2번지
경기도	화성시	덕다3리 마을회관	경기도 화성시 장안면 덕다주택길 5-8
경기도	화성시	독정1리 마을회관	경기도 화성시 장안면 독정리 1134-22번지
경기도	화성시	어은4리 마을회관	경기도 화성시 장안면 독지골길 40-3번지
경기도	화성시	석포1리 마을회관	경기도 화성시 장안면 돌서지길 27번지
경기도	화성시	장안3리 마을회관	경기도 화성시 장안면 동편길 38번지
경기도	화성시	석포6리 마을회관	경기도 화성시 장안면 무봉길 52번지
경기도	화성시	사곡4리 마을회관	경기도 화성시 장안면 밤밭일원길 151번지
경기도	화성시	석포3리 마을회관	경기도 화성시 장안면 버들로 1049-5번지
경기도	화성시	석포4리 마을회관	경기도 화성시 장안면 버들로 1217-9번지
경기도	화성시	석포2리 마을회관	경기도 화성시 장안면 버들안길 46-14번지
경기도	화성시	노진3리 마을회관	경기도 화성시 장안면 벌읍재길 21-2번지
경기도	화성시	사곡2리 마을회관	경기도 화성시 장안면 분토길 32-15번지
경기도	화성시	사랑2리 마을회관	경기도 화성시 장안면 사랑리 24번지
경기도	화성시	덕다3리 마을회관	경기도 화성시 장안면 산 70-20(덕다리512-9 앞 공토)
경기도	화성시	석포5리 마을회관	경기도 화성시 장안면 석포로 195번지
경기도	화성시	수촌3리 마을회관	경기도 화성시 장안면 수촌리 838번지
경기도	화성시	독정2리 마을회관	경기도 화성시 장안면 신촌길 15-3번지
경기도	화성시	어은1리 마을회관	경기도 화성시 장안면 어은리 133-1번지
경기도	화성시	장안5리 마을회관	경기도 화성시 장안면 온수골1길 100-2번지
경기도	화성시	사곡5리 마을회관	경기도 화성시 장안면 용토길 105번지
경기도	화성시	금의2리 마을회관	경기도 화성시 장안면 원금의길 41번지
경기도	화성시	장안9리 마을회관	경기도 화성시 장안면 장안당골길 101
경기도	화성시	장안9리 마을회관	경기도 화성시 장안면 장안당골길 129번지
경기도	화성시	장안1리 마을회관	경기도 화성시 장안면 장안리 1177-1번지
경기도	화성시	장안2리 마을회관	경기도 화성시 장안면 장안리 1219-1번지
경기도	화성시	사랑1리 마을회관	경기도 화성시 장안면 진개골길 19번지
경기도	화성시	독정4리 마을회관	경기도 화성시 장안면 풍무길 71
경기도	화성시	사곡3리 마을회관	경기도 화성시 장안면 홍천길 52번지
경기도	화성시	수촌4리 마을회관	경기도 화성시 장안면 황골길 46번길 36-1번지
경기도	화성시	장지동 동탄농협 장지지점	경기도 화성시 장지로 8
경기도	화성시	고지리 마을회관	경기도 화성시 정남면 고지3길 3
경기도	화성시	관항1리 마을회관	경기도 화성시 정남면 관항길 236
경기도	화성시	괘랑2리 마을회관	경기도 화성시 정남면 괘랑2길 17번길 48-1
경기도	화성시	괘랑1리 마을회관	경기도 화성시 정남면 괘랑4길 6
경기도	화성시	괘랑2리 마을회관	경기도 화성시 정남면 괘랑리 591
경기도	화성시	귀래리 마을회관	경기도 화성시 정남면 귀래길 42번길 8
경기도	화성시	계향2리 마을회관	경기도 화성시 정남면 내향로 83-3
경기도	화성시	덕절2리 마을회관	경기도 화성시 정남면 덕절전원길 19
경기도	화성시	문학4리 마을회관	경기도 화성시 정남면 문학로 80번길 4
경기도	화성시	발산1리 마을회관	경기도 화성시 정남면 발산5길 49
경기도	화성시	보통1리 마을회관	경기도 화성시 정남면 보통내길 239-7
경기도	화성시	보통3리 마을회관	경기도 화성시 정남면 보통내길 55번길 24
경기도	화성시	진안5통 마을회관	경기도 화성시 진안동 697-7번지
경기도	화성시	반정2통 마을회관	경기도 화성시 진안북길 101
경기도	화성시	기산3통 마을회관	경기도 화성시 진안북길 79-3
경기도	화성시	가재3리 마을회관	경기도 화성시 팔탄면 가재울길 29
경기도	화성시	기천3리 마을회관	경기도 화성시 팔탄면 건달산로 174
경기도	화성시	고주리 마을회관	경기도 화성시 팔탄면 고주골길 56
경기도	화성시	노하3리 마을회관	경기도 화성시 팔탄면 노하길 236
경기도	화성시	노하2리 마을회관	경기도 화성시 팔탄면 노하길 290
경기도	화성시	율암2리 마을회관	경기도 화성시 팔탄면 녹막말길 105-8
경기도	화성시	노하1리 마을회관	경기도 화성시 팔탄면 동막길 23
경기도	화성시	구장2리 마을회관	경기도 화성시 팔탄면 동촌길24번길 16
경기도	화성시	구장3리 마을회관	경기도 화성시 팔탄면 마곡길3번길 21-2
경기도	화성시	매곡리 마을회관	경기도 화성시 팔탄면 매산리길 29-3
경기도	화성시	율암3리 마을회관	경기도 화성시 팔탄면 밤뒤길 57-4
경기도	화성시	창곡2리 마을회관	경기도 화성시 팔탄면 살띄길 58-2
경기도	화성시	해창2리 마을회관	경기도 화성시 팔탄면 삼암길 32-2
경기도	화성시	서근리 마을회관	경기도 화성시 팔탄면 서근내길 69
경기도	화성시	가재2리 마을회관	경기도 화성시 팔탄면 신양2길 69
경기도	화성시	기천2리 마을회관	경기도 화성시 팔탄면 아랫사내길9번길 30
경기도	화성시	창곡1리 마을회관	경기도 화성시 팔탄면 언창길 50-3
경기도	화성시	덕우리 마을회관	경기도 화성시 팔탄면 오두물길 7-2
경기도	화성시	덕천리 마을회관	경기도 화성시 팔탄면 온천로 284-6
경기도	화성시	월문리 마을회관	경기도 화성시 팔탄면 월문길 30-3
경기도	화성시	기천1리 마을회관	경기도 화성시 팔탄면 윗사내길 14
경기도	화성시	율암1리 마을회관	경기도 화성시 팔탄면 율암길34번길 21
경기도	화성시	하저3리 마을회관	경기도 화성시 팔탄면 장승백안길 7
경기도	화성시	가재4리 마을회관	경기도 화성시 팔탄면 점촌길 8-4
경기도	화성시	지월리 마을회관	경기도 화성시 팔탄면 지월길 40
경기도	화성시	하저2리 마을회관	경기도 화성시 팔탄면 하저자안로 97
경기도	화성시	해창1리 마을회관	경기도 화성시 팔탄면 해창길 46
경기도	화성시	화당리 마을회관	경기도 화성시 팔탄면 화당길 54-4
경기도	화성시	구문천2리 마을회관	경기도 화성시 향남읍 구문천리 81-4
경기도	화성시	상두2리 마을회관	경기도 화성시 향남읍 두뫼길 25
경기도	화성시	백토1리 마을회관	경기도 화성시 향남읍 백토리 338-3
경기도	화성시	상신1리 마을회관	경기도 화성시 향남읍 분향동길 87
경기도	화성시	상신1리 마을회관	경기도 화성시 향남읍 상신리 3
경기도	화성시	발안농협	경기도 화성시 향남읍 서봉로 407(영농종합센터)
경기도	화성시	증거리 마을회관	경기도 화성시 향남읍 진개울길 5
경기도	화성시	하길3리 마을회관	경기도 화성시 향남읍 하길리 3-1
경기도	화성시	발안농협	경기도 화성시 향남읍 행정서남로 56(자재판매장앞)
경기도	화성시	송산2통 경로당	경기도 화성시 화산로 62번길 17
경기도	화성시	송산1통 경로당	경기도 화성시 화산중앙로 66번길 11-5
경기도	화성시	기배동행정복지센터	경기도 화성시 효행로 기안남로 62
경상남도	거제시	이름 미등록	경상남도 거제시
경상남도	거제시	이름 미등록	경상남도 거제시
경상남도	거제시	화원집하장	경상남도 거제시 거제면 옥산리 1318
경상남도	거제시	탑포집하장	경상남도 거제시 남부면 탑포리 산 73-62
경상남도	거제시	산양집하장	경상남도 거제시 동부면 산양리 977-7
경상남도	거제시	청곡집하장	경상남도 거제시 사등면 청곡길 70
경상남도	거제시	덕치집하장	경상남도 거제시 연초면 덕치리 414-4
경상남도	거제시	연사집하장	경상남도 거제시 연초면 연사리 1378-2
경상남도	거제시	와현집하장	경상남도 거제시 일운면 와현리 산115
경상남도	거제시	송진집하장	경상남도 거제시 장목면 송진포리 678-2
경상남도	거제시	율천집하장	경상남도 거제시 장목면 율천리 597-1
경상남도	거제시	대금집하장	경상남도 거제시 장목면대금리 476-1외2필지
경상남도	거제시	유계집하장	경상남도 거제시 하청면 유계리 917-11
경상남도	거창군	몽석마을 집하장	경상남도 거창군 가북면 몽석리 1199-1
경상남도	거창군	내촌마을 집하장	경상남도 거창군 가북면 몽석리 194-2
경상남도	거창군	공수마을 집하장	경상남도 거창군 가북면 박암리 1391
경상남도	거창군	박암마을 집하장	경상남도 거창군 가북면 박암리 442-2
경상남도	거창군	옥산마을 집하장	경상남도 거창군 가북면 박암리 산109
경상남도	거창군	용산마을 집하장	경상남도 거창군 가북면 용산리 1076-38
경상남도	거창군	율리마을 집하장	경상남도 거창군 가북면 용산리 480-6
경상남도	거창군	용암마을 집하장	경상남도 거창군 가북면 용암리 1233-3
경상남도	거창군	홍감마을 집하장	경상남도 거창군 가북면 용암리 1423-7
경상남도	거창군	송정마을 2집하장	경상남도 거창군 가북면 용암리 1980-1
경상남도	거창군	송정마을 1집하장	경상남도 거창군 가북면 용암리 1980-3
경상남도	거창군	개금마을 집하장	경상남도 거창군 가북면 용암리 374-1
경상남도	거창군	개금마을 집하장	경상남도 거창군 가북면 용암리 374-1
경상남도	거창군	우혜마을 집하장	경상남도 거창군 가북면 우혜리 1839-4
경상남도	거창군	감월마을 집하장	경상남도 거창군 가북면 우혜리 2042
경상남도	거창군	감월마을 집하장	경상남도 거창군 가북면 우혜리 2042
경상남도	거창군	어인마을 2집하장	경상남도 거창군 가북면 우혜리 2046
경상남도	거창군	어인마을 2집하장	경상남도 거창군 가북면 우혜리 2046
경상남도	거창군	산수마을 집하장	경상남도 거창군 가북면 중촌리 1473-4
경상남도	거창군	산수마을 집하장	경상남도 거창군 가북면 중촌리 1473-4
경상남도	거창군	중촌(동촌)마을 집하장	경상남도 거창군 가북면 중촌리 1874
경상남도	거창군	중촌(동촌)마을 집하장	경상남도 거창군 가북면 중촌리 1874
경상남도	거창군	수재마을 집하장	경상남도 거창군 가북면 중촌리 429
경상남도	거창군	수재마을 집하장	경상남도 거창군 가북면 중촌리 429
경상남도	거창군	심방마을 집하장	경상남도 거창군 가북면 중촌리 979-3
경상남도	거창군	심방마을 집하장	경상남도 거창군 가북면 중촌리 979-3
경상남도	거창군	회남마을 집하장	경상남도 거창군 가북면 해평리 1636
경상남도	거창군	회남마을 집하장	경상남도 거창군 가북면 해평리 1636
경상남도	거창군	달밭마을 집하장	경상남도 거창군 가북면 해평리 210-3
경상남도	거창군	달밭마을 집하장	경상남도 거창군 가북면 해평리 210-3
경상남도	거창군	추동마을 집하장	경상남도 거창군 가북면 해평리 763-3
경상남도	거창군	추동마을 집하장	경상남도 거창군 가북면 해평리 763-3
경상남도	거창군	이름 미등록	경상남도 거창군 가조면 기리 1221
경상남도	거창군	대초마을 2집하장	경상남도 거창군 가조면 대초리 407
경상남도	거창군	도산당마을 집하장	경상남도 거창군 가조면 도리 974-1
경상남도	거창군	안금마을 집하장	경상남도 거창군 가조면 동례리 1750
경상남도	거창군	동례마을 집하장	경상남도 거창군 가조면 동례리 1774
경상남도	거창군	중평마을 1 집하장	경상남도 거창군 가조면 동례리 415-1
경상남도	거창군	중평마을 2 집하장	경상남도 거창군 가조면 동례리 526-11
경상남도	거창군	상마마을 집하장	경상남도 거창군 가조면 마상리 522-3
경상남도	거창군	용당소마을 집하장	경상남도 거창군 가조면 수월리 1370-13
경상남도	거창군	원천마을 집하장	경상남도 거창군 가조면 원천 2길 31-8
경상남도	거창군	일부리 집하장	경상남도 거창군 가조면 일부리 979-2
경상남도	거창군	원천마을 집하장	경상남도 거창군 가조면 장기리 631
경상남도	거창군	중촌마을 집하장	경상남도 거창군 거창읍 가지리 1125-1
경상남도	거창군	중촌마을 집하장	경상남도 거창군 거창읍 가지리 1160-9
경상남도	거창군	갈지마을 집하장	경상남도 거창군 거창읍 가지리 872-5
경상남도	거창군	죽동마을 집하장	경상남도 거창군 거창읍 동변리 746-4
경상남도	거창군	구례마을 집하장	경상남도 거창군 거창읍 서변리 1047-118
경상남도	거창군	모곡마을 집하장	경상남도 거창군 거창읍 서변리 1047-119
경상남도	거창군	모곡마을 2 집하장	경상남도 거창군 거창읍 서변리 779-1
경상남도	거창군	운정마을 집하장	경상남도 거창군 거창읍 송정리 521-1(운정2길 70)
경상남도	거창군	절부마을 집하장	경상남도 거창군 거창읍 송정리 839-5(절부길13-6)
경상남도	거창군	양평마을 집하장	경상남도 거창군 거창읍 양평리 574-5
경상남도	거창군	노혜마을 집하장	경상남도 거창군 거창읍 양평리 574-5
경상남도	거창군	웅곡마을 집하장	경상남도 거창군 거창읍 장팔리 246
경상남도	거창군	모곡마을 1 집하장	경상남도 거창군 거창읍 주곡로 226-25
경상남도	거창군	학동마을 집하장	경상남도 거창군 거창읍 학리 306-2
경상남도	거창군	학림마을 집하장	경상남도 거창군 고제면 궁항리 801-1
경상남도	거창군	궁항리 1 집하장	경상남도 거창군 고제면 궁항리 806-15
경상남도	거창군	궁항리 3 집하장	경상남도 거창군 고제면 궁항리 산 180
경상남도	거창군	온곡마을 집하장	경상남도 거창군 고제면 농산리 1401-2
경상남도	거창군	봉계리 1 집하장	경상남도 거창군 고제면 봉계리 361-2
경상남도	거창군	봉계리 2 집하장	경상남도 거창군 고제면 봉계리 732-1
경상남도	거창군	탑선마을 집하장	경상남도 거창군 고제면 봉계리 산10
경상남도	거창군	봉산리 집하장	경상남도 거창군 고제면 봉산리 2581
경상남도	거창군	둔동리 집하장	경상남도 거창군 남상면 남진1길 68
경상남도	거창군	둔동리 1 집하장	경상남도 거창군 남상면 둔동리 1557
경상남도	거창군	둔동리 2 집하장	경상남도 거창군 남상면 둔동리 163-1
경상남도	거창군	무촌리 집하장	경상남도 거창군 남상면 무촌리 1095
경상남도	거창군	지하마을 집하장	경상남도 거창군 남상면 무촌리 1999
경상남도	거창군	송변마을 집하장	경상남도 거창군 남상면 송변리 248-5
경상남도	거창군	오계리 집하장	경상남도 거창군 남상면 오계리 224-1
경상남도	거창군	무촌리 집하장	경상남도 거창군 남상면 인평길 181
경상남도	거창군	남불마을 집하장	경상남도 거창군 남상면 임불리 2204
경상남도	거창군	전척리 집하장	경상남도 거창군 남상면 전척리 1001
경상남도	거창군	전척마을 집하장	경상남도 거창군 남상면 전척리 144-9
경상남도	거창군	진목리 집하장	경상남도 거창군 남상면 진목리 562
경상남도	거창군	춘전리 집하장	경상남도 거창군 남상면 춘전리 329
경상남도	거창군	대야마을 집하장	경상남도 거창군 남하면 대야리 1419-4
경상남도	거창군	가천마을 집하장	경상남도 거창군 남하면 대야리 424
경상남도	거창군	안흥마을 집하장	경상남도 거창군 남하면 둔마리 1145-1
경상남도	거창군	월곡마을 집하장	경상남도 거창군 남하면 무릉리 1750-1
경상남도	거창군	산포마을 집하장	경상남도 거창군 남하면 무릉리 산 261-2
경상남도	거창군	산포마을 집하장	경상남도 거창군 남하면 무릉리산 261-2
경상남도	거창군	대곡마을 집하장	경상남도 거창군 남하면 양항리 1024-2
경상남도	거창군	내곡마을 집하장	경상남도 거창군 남하면 양항리 1121
경상남도	거창군	대사마을 집하장	경상남도 거창군 남하면 지산리 213-1
경상남도	거창군	천동마을 집하장	경상남도 거창군 남하면 지산리 457-1
경상남도	거창군	고대마을 집하장2	경상남도 거창군 마리면 고학리 707 일원
경상남도	거창군	고대마을 집하장1	경상남도 거창군 마리면 고학리 846-3
경상남도	거창군	서편마을 집하장	경상남도 거창군 마리면 대동리 236-2
경상남도	거창군	동편마을 집하장	경상남도 거창군 마리면 대동리 318-1
경상남도	거창군	원말흘마을 집하장	경상남도 거창군 마리면 말흘리 858-1
경상남도	거창군	진산마을 집하장	경상남도 거창군 마리면 말흘리 9-2
경상남도	거창군	장백마을 집하장	경상남도 거창군 마리면 영승리 525-4
경상남도	거창군	계동마을 집하장	경상남도 거창군 마리면 영승리 675
경상남도	거창군	영승마을 집하장	경상남도 거창군 마리면 영승리 836-3
경상남도	거창군	풍계마을 집하장	경상남도 거창군 마리면 율리 161-4
경상남도	거창군	상율마을 집하장	경상남도 거창군 마리면 율리 780-2
경상남도	거창군	중산마을 집하장	경상남도 거창군 북상면 갈계리 379-6
경상남도	거창군	탑불마을 집하장	경상남도 거창군 북상면 갈계리 881-1
경상남도	거창군	농산마을 집하장	경상남도 거창군 북상면 농산리 196-2
경상남도	거창군	개삼마을 집하장	경상남도 거창군 북상면 소정리 1296
경상남도	거창군	신기마을 집하장	경상남도 거창군 북상면 소정리 492-3
경상남도	거창군	갈항마을 집하장	경상남도 거창군 북상면 소정리 788
경상남도	거창군	내계마을 집하장	경상남도 거창군 북상면 월성리 834
경상남도	거창군	창선마을 집하장	경상남도 거창군 북상면 창선리 304-1
경상남도	거창군	과정마을 집하장	경상남도 거창군 신원면 과정리 952-1
경상남도	거창군	신기마을 집하장	경상남도 거창군 신원면 구사리 1079-1
경상남도	거창군	감악마을 집하장	경상남도 거창군 신원면 구사리 659
경상남도	거창군	구사마을 집하장	경상남도 거창군 신원면 구사리 972-1
경상남도	거창군	대현마을 2 집하장	경상남도 거창군 신원면 대현리 1614
경상남도	거창군	외탐마을 집하장	경상남도 거창군 신원면 대현리 255 외 1
경상남도	거창군	대현마을 1 집하장	경상남도 거창군 신원면 대현리 657
경상남도	거창군	대현마을 집하장	경상남도 거창군 신원면 대현리 89, 93
경상남도	거창군	내탐마을 집하장	경상남도 거창군 신원면 대현리 산 53-1
경상남도	거창군	쳥연마을 집하장	경상남도 거창군 신원면 덕산리 114-1
경상남도	거창군	내동마을 집하장	경상남도 거창군 신원면 덕산리 649-2
경상남도	거창군	오례마을 집하장	경상남도 거창군 신원면 덕산리 산96-1
경상남도	거창군	원동마을 집하장	경상남도 거창군 신원면 수원리 857-4
경상남도	거창군	수옥마을 집하장	경상남도 거창군 신원면 양지리 655
경상남도	거창군	비곡마을 집하장	경상남도 거창군 신원면 와룡리 1392-3
경상남도	거창군	소룡마을 집하장	경상남도 거창군 신원면 와룡리 1625
경상남도	거창군	예동마을 집하장	경상남도 거창군 신원면 중유리 1457-1
경상남도	거창군	청용마을 집하장	경상남도 거창군 신원면 청수리 320-2
경상남도	거창군	수동마을 집하장	경상남도 거창군 신원면 청수리 567
경상남도	거창군	송산마을 1 집하장	경상남도 거창군 웅양면 군암리 1156-5
경상남도	거창군	송산마을 2 집하장	경상남도 거창군 웅양면 군암리 221-3
경상남도	거창군	군암마을 집하장	경상남도 거창군 웅양면 군암리 581-1
경상남도	거창군	용전마을 집하장	경상남도 거창군 웅양면 군암리 718-1
경상남도	거창군	화동마을 집하장	경상남도 거창군 웅양면 노현리 1229-2
경상남도	거창군	동호마을 집하장	경상남도 거창군 웅양면 동호리 177
경상남도	거창군	성북마을 집하장	경상남도 거창군 웅양면 동호리 198
경상남도	거창군	금광마을 집하장	경상남도 거창군 웅양면 산포리 1032-3
경상남도	거창군	강천마을 집하장	경상남도 거창군 웅양면 산포리 1420
경상남도	거창군	산포마을 집하장	경상남도 거창군 웅양면 산포리 1587
경상남도	거창군	석정마을 집하장	경상남도 거창군 웅양면 산포리 1736-1
경상남도	거창군	우랑마을 집하장	경상남도 거창군 웅양면 산포리 82
경상남도	거창군	왕암마을 2 집하장	경상남도 거창군 웅양면 신촌리 1689
경상남도	거창군	신촌마을 집하장	경상남도 거창군 웅양면 신촌리 1718
경상남도	거창군	아주마을 집하장	경상남도 거창군 웅양면 신촌리 174-1
경상남도	거창군	왕암마을 1 집하장	경상남도 거창군 웅양면 신촌리 517
경상남도	거창군	진마루마을 집하장	경상남도 거창군 웅양면 신촌리 620-5
경상남도	거창군	운평마을 집하장	경상남도 거창군 웅양면 죽림리 195-5
경상남도	거창군	구암마을 집하장	경상남도 거창군 웅양면 죽림리 344-2
경상남도	거창군	누룩재마을 집하장	경상남도 거창군 웅양면 죽림리 580-4
경상남도	거창군	죽림마을 집하장	경상남도 거창군 웅양면 죽림리 930
경상남도	거창군	죽림마을 집하장	경상남도 거창군 웅양면 죽림리 930
경상남도	거창군	하곡마을 집하장	경상남도 거창군 웅양면 한기리 598
경상남도	거창군	오산마을 2 집하장(하곡)	경상남도 거창군 웅양면 한기리 598
경상남도	거창군	한기마을 집하장	경상남도 거창군 웅양면 한기리 722
경상남도	거창군	오산마을 3 집하장(백학)	경상남도 거창군 웅양면 한기리 산 65
경상남도	거창군	오산마을 1 집하장(오산)	경상남도 거창군 웅양면 한기리 산31
경상남도	거창군	남산마을 집하장	경상남도 거창군 위천면 남산리 248-5
경상남도	거창군	원당마을 집하장	경상남도 거창군 위천면 모동리 511
경상남도	거창군	황산2구 집하장	경상남도 거창군 위천면 황산리 643-2
경상남도	거창군	원성기마을 집하장	경상남도 거창군 주상면 성기리 319-1
경상남도	거창군	정동마을 집하장	경상남도 거창군 주상면 성기리 949-1
경상남도	거창군	도동마을 집하장 2	경상남도 거창군 주상면 완대리 547
경상남도	거창군	도동마을 집하장 3	경상남도 거창군 주상면 완대리 752-5
경상남도	거창군	도동마을 집하장 3	경상남도 거창군 주상면 완대리 752-5
경상남도	고성군	명성집하장	경상남도 고성군 개천면 명성리 651-3
경상남도	고성군	송정집하장	경상남도 고성군 거류면 송산리 1127(송정)
경상남도	고성군	마동집하장	경상남도 고성군 거류면 신용리 1563-7(마동)
경상남도	고성군	거류복지회관(마동)	경상남도 고성군 거류면 신용리 산202-1(거류복지회관, 마동)
경상남도	고성군	기월집하장	경상남도 고성군 고성읍 기월리 427-2
경상남도	고성군	대평집하장	경상남도 고성군 고성읍 대평리 310-3
경상남도	고성군	무량집하장	경상남도 고성군 고성읍 무량리 246
경상남도	고성군	외우산집하장	경상남도 고성군 고성읍 우산리 162-14
경상남도	고성군	내우산집하장	경상남도 고성군 고성읍 우산리 740-7
경상남도	고성군	매수집하장	경상남도 고성군 고성읍 월평리 1092-9
경상남도	고성군	거운집하장	경상남도 고성군 고성읍 월평리 365-2
경상남도	고성군	면전집하장	경상남도 고성군 고성읍 이당리 183-4
경상남도	고성군	이곡집하장	경상남도 고성군 고성읍 이당리 727
경상남도	고성군	평계집하장	경상남도 고성군 고성읍 죽계리 89-1
경상남도	고성군	죽동집하장	경상남도 고성군 고성읍 죽동길 45-22
경상남도	고성군	덕암집하장	경상남도 고성군 구만면 광덕리70-1(덕암)
경상남도	고성군	와룡집하장	경상남도 고성군 구만면 용와리627(와룡)
경상남도	고성군	삼봉집하장	경상남도 고성군 삼산면 삼봉1길 161
경상남도	고성군	삼봉집하장	경상남도 고성군 삼산면 삼봉1길 161
경상남도	고성군	금산집하장	경상남도 고성군 영오면 성곡리 332-3
경상남도	고성군	양월집하장	경상남도 고성군 영오면 양산리 107
경상남도	고성군	연당집하장	경상남도 고성군 영오면 연당리 282
경상남도	고성군	영산집하장	경상남도 고성군 영오면 영산리 863-2
경상남도	고성군	금능집하장	경상남도 고성군 영현면 봉발리 730-8
경상남도	고성군	연화1구집하장	경상남도 고성군 영현면 연동길 65-17
경상남도	고성군	연화1구집하장	경상남도 고성군 영현면 연화리 569
경상남도	고성군	학림집하장	경상남도 고성군 하일면 학림리 380-14
경상남도	고성군	녹명집하장	경상남도 고성군 회화면 녹명리361-5
경상남도	고성군	금봉촌집하장	경상남도 고성군 회화면 봉동리693-3
경상남도	고성군	남진집하장	경상남도 고성군 회화면 삼덕리 135-8
경상남도	고성군	월계집하장	경상남도 고성군 회화면 삼덕리 1391-7
경상남도	고성군	신천집하장	경상남도 고성군 회화면 삼덕리687-5
경상남도	고성군	어신집하장	경상남도 고성군 회화면 어신리419
경상남도	김해시	초정 집하장	경상남도 김해시 대동면 초정리 1007-7
경상남도	김해시	매리 집하장	경상남도 김해시 상동면 매리 1245
경상남도	김해시	여차 집하장	경상남도 김해시 상동면 여차리 1567
경상남도	김해시	도요 집하장	경상남도 김해시 생림면 도요리 503-9
경상남도	김해시	마사1구 집하장	경상남도 김해시 생림면 마사리 1460
경상남도	김해시	마사 송촌 집하장	경상남도 김해시 생림면 마사리 1503-56
경상남도	김해시	전하 집하장	경상남도 김해시 전하동 1229-2, 3번지
경상남도	김해시	본산 집하장	경상남도 김해시 진영읍 본산리 571-1
경상남도	김해시	가동 집하장	경상남도 김해시 한림면 가동리 121-1
경상남도	김해시	모정 집하장	경상남도 김해시 한림면 시산리 751
경상남도	남해군	화전 공동집하장	경상남도 남해군 고현면 갈화리 1313-18
경상남도	남해군	서갈화마을 공동집하장	경상남도 남해군 고현면 갈화리 1383-12
경상남도	남해군	동갈화마을 공동집하장	경상남도 남해군 고현면 남서대로 2979번길 20
경상남도	남해군	북남치마을 공동집하장	경상남도 남해군 고현면 남치로159번길 30(고현면 남치리 142-4)
경상남도	남해군	동남치마을 공동집하장	경상남도 남해군 고현면 남치리 498(영농폐비닐 집하장)
경상남도	남해군	대곡마을 공동집하장	경상남도 남해군 고현면 대곡리 1456-42
경상남도	남해군	대계마을 공동집하장	경상남도 남해군 고현면 대곡리 산48-3
경상남도	남해군	서도마 공동집하장	경상남도 남해군 고현면 도마리 1135-1
경상남도	남해군	동도마마을 공동집하장	경상남도 남해군 고현면 도마리 61
경상남도	남해군	포상마을 공동집하장	경상남도 남해군 고현면 삼봉로 233
경상남도	남해군	이어마을 공동집하장	경상남도 남해군 고현면 이어리 427-1
경상남도	남해군	차면 공동집하장	경상남도 남해군 고현면 차면리 산20-2
경상남도	남해군	선원	경상남도 남해군 고현면 포상리 375
경상남도	남해군	양지마을  공동집하장	경상남도 남해군 남면 남서대로 874
경상남도	남해군	율곡마을 공동집하장	경상남도 남해군 남면 남서대로795번길 30-5
경상남도	남해군	당항마을 공동집하장	경상남도 남해군 남면 당항리 1230-5
경상남도	남해군	두곡마을 공동집하장	경상남도 남해군 남면 당항리 1289-2
경상남도	남해군	우형마을 공동집하장	경상남도 남해군 남면 당항리 1503-2
경상남도	남해군	죽전마을  공동집하장	경상남도 남해군 남면 당항리 2057-6
경상남도	남해군	홍덕마을 공동집하장	경상남도 남해군 남면 당항리 2083-1
경상남도	남해군	구미마을  공동집하장	경상남도 남해군 남면 덕월리 1104-5
경상남도	남해군	덕월마을  공동집하장	경상남도 남해군 남면 덕월리 157
경상남도	남해군	북구마을  공동집하장	경상남도 남해군 남면 상가리 1209
경상남도	남해군	남구마을  공동집하장	경상남도 남해군 남면 상가리 1322
경상남도	남해군	월포마을 공동집하장	경상남도 남해군 남면 석교리 604-1
경상남도	남해군	석교마을 공동집하장	경상남도 남해군 남면 석교리 930-5
경상남도	남해군	선구마을  공동집하장	경상남도 남해군 남면 선구리 1144-4
경상남도	남해군	항촌마을  공동집하장	경상남도 남해군 남면 선구리 681-5
경상남도	남해군	사촌마을  공동집하장	경상남도 남해군 남면 임포리 1173-32
경상남도	남해군	운암마을  공동집하장	경상남도 남해군 남면 임포리 522
경상남도	남해군	유구마을  공동집하장	경상남도 남해군 남면 평산리 1188-2
경상남도	남해군	평산2마을  공동집하장	경상남도 남해군 남면 평산리 1624
경상남도	남해군	오리마을  공동집하장	경상남도 남해군 남면 평산리 338-1
경상남도	남해군	홍현1마을 공동집하장	경상남도 남해군 남면 홍현리 322-1
경상남도	남해군	무지개마을 공동집하장	경상남도 남해군 남면 홍현리 546-2
경상남도	남해군	다랭이마을 공동집하장	경상남도 남해군 남면 홍현리 산286-5
경상남도	남해군	가인마을 공동집하장	경상남도 남해군 남해군 창선면 가인리 146-1
경상남도	남해군	언포마을 공동집하장	경상남도 남해군 남해군 창선면 가인리 477-4
경상남도	남해군	식포마을 공동집하장	경상남도 남해군 남해군 창선면 가인리 621-3
경상남도	남해군	사포마을 공동집하장	경상남도 남해군 남해군 창선면 광천리 434-8
경상남도	남해군	광천마을 공동집하장	경상남도 남해군 남해군 창선면 광천리 654-1
경상남도	남해군	당저1리마을 공동집하장	경상남도 남해군 남해군 창선면 당저리 127-1
경상남도	남해군	당저2리마을 공동집하장	경상남도 남해군 남해군 창선면 당저리 441-3
경상남도	남해군	냉천마을 공동집하장	경상남도 남해군 남해군 창선면 당항리 165
경상남도	남해군	당항마을 공동집하장	경상남도 남해군 남해군 창선면 당항리 산125-5
경상남도	남해군	대벽마을 공동집하장	경상남도 남해군 남해군 창선면 대벽리 862-4
경상남도	남해군	곤유마을 공동집하장	경상남도 남해군 남해군 창선면 동대리 457-1
경상남도	남해군	동대마을 공동집하장	경상남도 남해군 남해군 창선면 동대리 662
경상남도	남해군	부윤2마을 공동집하장	경상남도 남해군 남해군 창선면 부윤리 114-1
경상남도	남해군	부윤1마을 공동집하장	경상남도 남해군 남해군 창선면 부윤리 579-3
경상남도	남해군	상신마을 공동집하장	경상남도 남해군 남해군 창선면 상신리 320-1
경상남도	남해군	상죽마을 공동집하장	경상남도 남해군 남해군 창선면 상죽리 558
경상남도	남해군	서대마을 공동집하장	경상남도 남해군 남해군 창선면 서대리 1061-2
경상남도	남해군	보천마을 공동집하장	경상남도 남해군 남해군 창선면 서대리 1185
경상남도	남해군	단항마을 공동집하장	경상남도 남해군 남해군 창선면 서부로 1409
경상남도	남해군	수산마을 공동집하장	경상남도 남해군 남해군 창선면 수산리 421-1
경상남도	남해군	연곡마을 공동집하장	경상남도 남해군 남해군 창선면 연곡로 11번길
경상남도	남해군	오룡마을 공동집하장	경상남도 남해군 남해군 창선면 오용리 1285-5
경상남도	남해군	옥천마을 공동집하장	경상남도 남해군 남해군 창선면 옥천리 5-7
경상남도	남해군	소벽마을 공동집하장	경상남도 남해군 남해군 창선면 율도리 412
경상남도	남해군	율도마을 공동집하장	경상남도 남해군 남해군 창선면 율도리 681-11
경상남도	남해군	고순마을 공동집하장	경상남도 남해군 남해군 창선면 율도리 766-1
경상남도	남해군	지족마을 공동집하장	경상남도 남해군 남해군 창선면 지족리 142-13
경상남도	남해군	신흥마을 공동집하장	경상남도 남해군 남해군 창선면 지족리 813
경상남도	남해군	적량마을 공동집하장	경상남도 남해군 남해군 창선면 진동리 1058-4
경상남도	남해군	장포마을 공동집하장	경상남도 남해군 남해군 창선면 진동리 576-6
경상남도	남해군	섬호마을 공동집하장	경상남도 남해군 남해읍 강진만로 160
경상남도	남해군	토촌마을 공동집하장	경상남도 남해군 남해읍 강진만로 55-4
경상남도	남해군	소입현마을 공동집하장	경상남도 남해군 남해읍 남해대로2698번길 11-3
경상남도	남해군	봉성마을 공동집하장	경상남도 남해군 남해읍 남해읍 평현리 1739-1
경상남도	남해군	외금마을 공동집하장	경상남도 남해군 남해읍 당넘로247번길 18
경상남도	남해군	봉전마을 공동집하장	경상남도 남해군 남해읍 망운로46번길 12
경상남도	남해군	북변1리마을 공동집하장	경상남도 남해군 남해읍 북변리 56-4
경상남도	남해군	중촌마을 공동집하장	경상남도 남해군 남해읍 선소로76번길 10
경상남도	남해군	선소마을 공동집하장	경상남도 남해군 남해읍 선소리 196-23
경상남도	남해군	평현마을 공동집하장	경상남도 남해군 남해읍 스포츠로 264번길 33
경상남도	남해군	마산마을 공동집하장	경상남도 남해군 남해읍 스포츠로 68
경상남도	남해군	광포마을 공동집하장	경상남도 남해군 남해읍 스포츠로105번길 3-6
경상남도	남해군	평현마을 공동집하장	경상남도 남해군 남해읍 스포츠로264번길 33
경상남도	남해군	심천마을 공동집하장	경상남도 남해군 남해읍 심천리 436
경상남도	남해군	오동마을 공동집하장	경상남도 남해군 남해읍 아산리 1179
경상남도	남해군	곡내마을 공동집하장	경상남도 남해군 남해읍 차산리 125-4
경상남도	남해군	내금마을 공동집하장	경상남도 남해군 남해읍 평리 141-1
경상남도	남해군	야촌마을 공동집하장	경상남도 남해군 남해읍 평현로 124
경상남도	남해군	야촌마을 공동집하장	경상남도 남해군 남해읍 평현로 124
경상남도	남해군	양지마을 공동집하장	경상남도 남해군 남해읍 평현리 334
경상남도	남해군	유림1리마을 공동집하장	경상남도 남해군 남해읍 화전로122번가길 30
경상남도	남해군	방월마을 공동집하장	경상남도 남해군 대사리 1000-3(대사리 981-1부근)
경상남도	남해군	중앙마을	경상남도 남해군 대사리 633
경상남도	남해군	탑동마을 공동집하장	경상남도 남해군 대사리 780-3
경상남도	남해군	도산 공동집하장	경상남도 남해군 도마리 1514-8
경상남도	남해군	성산 공동집하장	경상남도 남해군 도마리 654-52
경상남도	남해군	설리마을 공동집하장	경상남도 남해군 미조면 송정리 1019-2
경상남도	남해군	가인포마을 공동집하장	경상남도 남해군 미조면 송정리 1432
경상남도	남해군	송정마을 공동집하장	경상남도 남해군 미조면 송정리 1465
경상남도	남해군	초전마을 공동집하장	경상남도 남해군 미조면 송정리 441-3
경상남도	남해군	송남마을 공동집하장	경상남도 남해군 미조면 송정리 725
경상남도	남해군	전도마을폐비닐집하장	경상남도 남해군 삼동면 금송리 546
경상남도	남해군	둔촌마을폐비닐집하장	경상남도 남해군 삼동면 금송리 66-4
경상남도	남해군	금송마을폐비닐집하장	경상남도 남해군 삼동면 금송리 909-13
경상남도	남해군	내산마을폐비닐집하장	경상남도 남해군 삼동면 금암로 383(내산마을회관 내 뒤편)
경상남도	남해군	화천마을폐비닐집하장	경상남도 남해군 삼동면 동천리 1755-3
경상남도	남해군	동천마을폐비닐집하장	경상남도 남해군 삼동면 동천리 308-16
경상남도	남해군	내동천마을폐비닐집하장	경상남도 남해군 삼동면 동천리 633-3(내동천마을회관 내)
경상남도	남해군	동천마을폐비닐집하장	경상남도 남해군 삼동면 동천리 956-1
경상남도	남해군	대지포마을폐비닐집하장	경상남도 남해군 삼동면 물건리 1089-3
경상남도	남해군	은점마을폐비닐집하장	경상남도 남해군 삼동면 물건리 677-6
경상남도	남해군	봉화마을폐비닐집하장	경상남도 남해군 삼동면 봉화로 130(봉화마을회관 내)
경상남도	남해군	화암마을폐비닐집하장	경상남도 남해군 삼동면 봉화리 2167(손목집하장)
경상남도	남해군	삼화마을폐비닐집하장	경상남도 남해군 삼동면 봉화리 772-5
경상남도	남해군	금천마을폐비닐집하장	경상남도 남해군 삼동면 양화금로 76(금천마을회관 앞)
경상남도	남해군	시문마을 폐비닐집하장	경상남도 남해군 삼동면 영지리 1226
경상남도	남해군	고암마을폐비닐집하장	경상남도 남해군 삼동면 영지리 1549-22
경상남도	남해군	갈현마을폐비닐집하장	경상남도 남해군 삼동면 영지리 197-4
경상남도	남해군	수곡마을폐비닐집하장	경상남도 남해군 삼동면 영지리 산 422
경상남도	남해군	지족1마을폐비닐집하장	경상남도 남해군 삼동면 지족리 994-2
경상남도	남해군	금포마을 공동집하장	경상남도 남해군 상주면 남해대로495번가길 30-2
경상남도	남해군	금전마을 공동집하장	경상남도 남해군 상주면 상주리 1272-1
경상남도	남해군	금양마을 공동집하장	경상남도 남해군 상주면 상주리 1999-3
경상남도	남해군	임촌마을 공동집하장	경상남도 남해군 상주면 상주리 2182
경상남도	남해군	벽련마을 공동집하장	경상남도 남해군 상주면 양아리 1892-1
경상남도	남해군	소량마을 공동집하장	경상남도 남해군 상주면 양아리 656-3
경상남도	남해군	대량마을 공동집하장	경상남도 남해군 상주면 양아리 918-7
경상남도	남해군	두모마을 공동집하장	경상남도 남해군 상주면 양아리 산 194-2
경상남도	남해군	남상 공동집하장	경상남도 남해군 서면 남상리 1166-32
경상남도	남해군	염해 공동집하장	경상남도 남해군 서면 남상리 1791-1
경상남도	남해군	중리 공동집하장	경상남도 남해군 서면 남상리 834-5
경상남도	남해군	유포 공동집하장	경상남도 남해군 서면 노구리 1049-7
경상남도	남해군	노구 공동집하장	경상남도 남해군 서면 노구리 651-2
경상남도	남해군	동정 공동집하장	경상남도 남해군 서면 대정리 406번지
경상남도	남해군	대정마을 공동집하장	경상남도 남해군 서면 대정리 972-12
경상남도	남해군	예계 공동집하장	경상남도 남해군 서면 서상리 1582-6
경상남도	남해군	서상 공동집하장	경상남도 남해군 서면 서상리 722-20
경상남도	남해군	장항 공동집하장	경상남도 남해군 서면 서상리 889-1
경상남도	남해군	서호 공동집하장	경상남도 남해군 서면 서호리 587-4
경상남도	남해군	연죽 공동집하장	경상남도 남해군 서면 연죽리 1139
경상남도	남해군	작장 공동집하장	경상남도 남해군 서면 작장리 1052-2
경상남도	남해군	상남 공동집하장	경상남도 남해군 서면 작장리 923-32
경상남도	남해군	정포 공동집하장	경상남도 남해군 서면 정포리 669-1
경상남도	남해군	우물 공동집하장	경상남도 남해군 서면 정포리 96-3 일원
경상남도	남해군	중현 공동집하장	경상남도 남해군 서면 중현리 1017
경상남도	남해군	회룡 공동집하장	경상남도 남해군 서면 중현리 1428-1
경상남도	남해군	현촌 공동집하장	경상남도 남해군 서면 중현리 1547번지
경상남도	남해군	도산 공동집하장	경상남도 남해군 서면 중현리 658-1
경상남도	남해군	금음마을 영농폐비닐 집하장	경상남도 남해군 설천면 금음리 1086-2
경상남도	남해군	봉우마을 영농폐비닐 집하장	경상남도 남해군 설천면 금음리 652-7
경상남도	남해군	남양마을 영농폐비닐 집하장	경상남도 남해군 설천면 금음리 799
경상남도	남해군	용강마을 영농폐비닐 집하장	경상남도 남해군 설천면 남양리 533-2
경상남도	남해군	노량마을 영농폐비닐 집하장	경상남도 남해군 설천면 노량리 328-3
경상남도	남해군	감암마을 영농폐비닐 집하장	경상남도 남해군 설천면 노량리 653-1
경상남도	남해군	월곡마을 영농폐비닐 집하장	경상남도 남해군 설천면 덕신리 1701-1
경상남도	남해군	덕신마을 영농폐비닐 집하장	경상남도 남해군 설천면 덕신리 654
경상남도	남해군	왕지마을 영농폐비닐 집하장	경상남도 남해군 설천면 문의리 1062-8
경상남도	남해군	문의마을 영농폐비닐 집하장	경상남도 남해군 설천면 문의리 616-1
경상남도	남해군	동흥마을 영농폐비닐 집하장	경상남도 남해군 설천면 문의리 70-9
경상남도	남해군	문항마을 영농폐비닐 집하장	경상남도 남해군 설천면 문항리 271-1
경상남도	남해군	옥동마을 영농폐비닐 집하장	경상남도 남해군 설천면 문항리 51
경상남도	남해군	모천마을 영농폐비닐 집하장	경상남도 남해군 설천면 문항리 648
경상남도	남해군	내곡마을 영농폐비닐 집하장	경상남도 남해군 설천면 비란리 1093
경상남도	남해군	동비마을 영농폐비닐 집하장	경상남도 남해군 설천면 비란리 789
경상남도	남해군	정태마을 영농폐비닐 집하장	경상남도 남해군 설천면 비란리 942-2
경상남도	남해군	고사마을 영농폐비닐 집하장	경상남도 남해군 설천면 진목리 141-1
경상남도	남해군	진목마을 영농폐비닐 집하장	경상남도 남해군 설천면 진목리 805-3
경상남도	남해군	오곡마을 공동집하장	경상남도 남해군 오곡리 1221
경상남도	남해군	관당마을 공동집하장	경상남도 남해군 오곡리 717-2
경상남도	남해군	대사마을 공동집하장	경상남도 남해군 오곡리 717-2
경상남도	남해군	문현마을 공동집하장	경상남도 남해군 이동면 난음리 1325 앞
경상남도	남해군	난음마을 공동집하장	경상남도 남해군 이동면 난음리 1632
경상남도	남해군	장전마을 공동집하장	경상남도 남해군 이동면 난음리 1648
경상남도	남해군	원천마을 공동집하장	경상남도 남해군 이동면 남해대로 1543
경상남도	남해군	고모마을 공동집하장	경상남도 남해군 이동면 남해대로2264번길 46-5
경상남도	남해군	다천마을 공동집하장	경상남도 남해군 이동면 남해대로2363번길 5
경상남도	남해군	금석마을 공동집하장	경상남도 남해군 이동면 남해대로2431번길 44
경상남도	남해군	다정마을 공동집하장	경상남도 남해군 이동면 다정리 1606-1
경상남도	남해군	무림마을 공동집하장	경상남도 남해군 이동면 무림리 1092-3
경상남도	남해군	정거마을 공동집하장	경상남도 남해군 이동면 무림리 1164-97
경상남도	남해군	봉곡마을 공동집하장	경상남도 남해군 이동면 무림리 395-4
경상남도	남해군	성현마을 공동집하장	경상남도 남해군 이동면 무림리 516-4
경상남도	남해군	난양마을 공동집하장	경상남도 남해군 이동면 삼이로 479
경상남도	남해군	석평마을 공동집하장	경상남도 남해군 이동면 석평리 90
경상남도	남해군	금평마을 공동집하장	경상남도 남해군 이동면 성남로 11
경상남도	남해군	신전마을 공동집하장	경상남도 남해군 이동면 신전리 790 -1
경상남도	남해군	용소마을 공동집하장	경상남도 남해군 이동면 용문사길 9-8
경상남도	남해군	초양마을 공동집하장	경상남도 남해군 이동면 초양로 158-10
경상남도	남해군	초음마을 공동집하장	경상남도 남해군 이동면 초음로 59
경상남도	남해군	광두마을 공동집하장	경상남도 남해군 이동면 초음리 17-2
경상남도	남해군	초곡마을 공동집하장	경상남도 남해군 이동면 초음리 845-6
경상남도	남해군	화계마을 공동집하장	경상남도 남해군 이동면 화계리 91-5
경상남도	남해군	대곡마을 공동집하장	경상남도 남해군 창선면 진동리 708-23
경상남도	남해군	천동	경상남도 남해군 포상리 975-5
경상남도	밀양시	교동 영농폐비닐 공동집하장	경상남도 밀양시 교동 1165-8
경상남도	밀양시	대촌집하장(새마을)	경상남도 밀양시 금천리 463-8(대촌마을)
경상남도	밀양시	대촌집하장	경상남도 밀양시 금천리 616-4(대촌마을)
경상남도	밀양시	태룡집하장	경상남도 밀양시 단장면 태룡리 430-3
경상남도	밀양시	부로 폐비닐 집하장	경상남도 밀양시 무안리 509-13
경상남도	밀양시	무안 폐비닐 집하장(1)	경상남도 밀양시 무안면 무안리 1001-2
경상남도	밀양시	무안 폐비닐 집하장(2)	경상남도 밀양시 무안면 무안리 1001-2
경상남도	밀양시	부북면 집하장	경상남도 밀양시 부북면 운전리 495-5
경상남도	밀양시	임천 폐비닐 공동집하장	경상남도 밀양시 삼랑진읍 임천리 1441
경상남도	밀양시	대성집하장	경상남도 밀양시 상남면 기산리 1796-19
경상남도	밀양시	평촌집하장	경상남도 밀양시 상남면 평촌리 2363
경상남도	밀양시	상동면집하장	경상남도 밀양시 상동면 금산리 266-1
경상남도	밀양시	금호마을 집하장	경상남도 밀양시 상동면 금산리 903-9
경상남도	밀양시	덕법 폐비닐 공동집하장	경상남도 밀양시 청도면 고법리 1324
경상남도	밀양시	고법 폐비닐 공동집하장	경상남도 밀양시 청도면 고법리 897-1
경상남도	밀양시	근기 폐비닐 공동집하장	경상남도 밀양시 청도면 구기리 1535-68
경상남도	밀양시	소태 폐비닐 공동집하장	경상남도 밀양시 청도면 소태리 1063
경상남도	밀양시	인산 폐비닐 공동집하장	경상남도 밀양시 청도면 인산리 1172
경상남도	밀양시	평지 폐비닐 집하장	경상남도 밀양시 청도면 인산리 183
경상남도	밀양시	조천 폐비닐 공동집하장	경상남도 밀양시 청도면 조천리 833
경상남도	밀양시	신호 폐비닐 집하장	경상남도 밀양시 초동면 신호리 143번지
경상남도	밀양시	평지 폐비닐 집하장	경상남도 밀양시 하남읍 명례리 1296-19
경상남도	밀양시	해동마을 집하장	경상남도 밀양시 하남읍 명례리 68-4
경상남도	밀양시	야촌마을 집하장	경상남도 밀양시 하남읍 백산리 2532
경상남도	밀양시	수산리 집하장	경상남도 밀양시 하남읍 수산리 421-11
경상남도	사천시	이름 미등록	경상남도 사천시 향촌동
경상남도	산청군	신아마을 폐비닐집하장	경상남도 산청군 금서면 신아리 387-9
경상남도	산청군	주상마을 폐비닐 집하장	경상남도 산청군 금서면 주상리 455-2
경상남도	산청군	화계마을 폐비닐 집하장	경상남도 산청군 금서면 화계리 199-2
경상남도	산청군	관정마을 농촌폐비닐 집하장	경상남도 산청군 단성면 관정리 648-2
경상남도	산청군	묵하마을 농촌폐비닐 집하장	경상남도 산청군 단성면 묵곡리 628-2
경상남도	산청군	입상마을 농촌폐비닐 집하장	경상남도 산청군 단성면 입석리 798-2
경상남도	산청군	용두마을 농촌폐비닐 집하장	경상남도 산청군 단성면 청계리 613
경상남도	산청군	자신마을 농촌폐비닐 집하장	경상남도 산청군 산청읍 정곡리 465-1
경상남도	산청군	상촌마을 농촌폐비닐 집하장	경상남도 산청군 삼장면 홍계리 645-1
경상남도	산청군	가계마을 폐비닐 집하장	경상남도 산청군 생비량면 가계리 180-7
경상남도	산청군	갈전마을 폐비닐집하장	경상남도 산청군 생초면 갈전리 175
경상남도	산청군	평촌마을 폐비닐집하장	경상남도 산청군 생초면 갈전리 621-8
경상남도	산청군	노은마을 폐비닐집하장	경상남도 산청군 생초면 노은리 394-6
경상남도	산청군	신기마을 폐비닐집하장	경상남도 산청군 생초면 상촌리 179
경상남도	산청군	신연마을 폐비닐집하장	경상남도 산청군 생초면 신연리 706-7
경상남도	산청군	화촌마을 폐비닐집하장	경상남도 산청군 생초면 어서리 207-1
경상남도	산청군	평촌마을 폐비닐집하장	경상남도 산청군 생초면 평촌리 554-6
경상남도	산청군	하촌마을 폐비닐집하장	경상남도 산청군 생초면 하촌리 627-2
경상남도	산청군	향양마을 폐비닐집하장	경상남도 산청군 생초면 향양리 416-4
경상남도	산청군	신등면 폐비닐 집하장	경상남도 산청군 신등면 단계리 459-2
경상남도	산청군	벽계마을 폐비닐 집하장	경상남도 산청군 신안면 소이리 199-3
경상남도	산청군	오전마을 폐비닐 집하장	경상남도 산청군 오부면 오전리 533
경상남도	양산시	중앙동 다방마을	경상남도 양산시 다방마을회관
경상남도	양산시	동면 본법마을	경상남도 양산시 동면 법기리 523-3
경상남도	양산시	동면 산지마을	경상남도 양산시 동면 산지로 275-1
경상남도	양산시	중앙동 명곡마을	경상남도 양산시 명곡마을회관
경상남도	양산시	상북면 소노마을	경상남도 양산시 상북면 소토리 1285-4
경상남도	양산시	덕계동 매곡마을	경상남도 양산시 양산시 매곡외산로 216 매곡마을회관
경상남도	양산시	원동면 신곡마을 공동집하장	경상남도 양산시 원동면 용당리 860-2
경상남도	양산시	원동면 명언마을 임시 공동집하장	경상남도 양산시 원동면 화제리 1787-3
경상남도	양산시	삼성동 임시집하장	경상남도 양산시 호계동 711-1
경상남도	의령군	궁류면 다현리 88-3	경상남도 의령군 궁류면 다현리 88-3
경상남도	의령군	궁류면 압곡리 531	경상남도 의령군 궁류면 압곡리 531
경상남도	의령군	정곡작목반	경상남도 의령군 낙서면 정곡리 385
경상남도	의령군	심지마을	경상남도 의령군 대의면 심지리 430-2
경상남도	의령군	봉수면 삼가리 630-11	경상남도 의령군 봉수면 삼가리 630-11
경상남도	의령군	봉수면 서암리 1126	경상남도 의령군 봉수면 서암리 1126
경상남도	의령군	옥동마을	경상남도 의령군 부림면 감암리 370-3
경상남도	의령군	수축마을	경상남도 의령군 부림면 단원리 40-3
경상남도	의령군	대곡마을	경상남도 의령군 부림면 대곡리 1548
경상남도	의령군	막곡마을	경상남도 의령군 부림면 막곡리 산70-2
경상남도	의령군	하여마을	경상남도 의령군 부림면 여배리 394-4
경상남도	의령군	소상마을	경상남도 의령군 용덕면 소상리 119-2
경상남도	의령군	소상마을	경상남도 의령군 용덕면 소상리 286
경상남도	의령군	신촌마을	경상남도 의령군 용덕면 신촌리 450
경상남도	의령군	정동작목반	경상남도 의령군 용덕면 정동리 535
경상남도	의령군	유곡면 당동리 26-2	경상남도 의령군 유곡면 당동리 26-2
경상남도	의령군	덕천마을	경상남도 의령군 유곡면 덕천리 497-3
경상남도	의령군	마두마을	경상남도 의령군 유곡면 마두리 539
경상남도	의령군	유곡면 마장리 232-1	경상남도 의령군 유곡면 마장리 232-1
경상남도	의령군	유곡면 상촌리 162-4	경상남도 의령군 유곡면 상촌리 162-4
경상남도	의령군	세간마을	경상남도 의령군 유곡면 세간리 555-1
경상남도	의령군	신송산2구마을	경상남도 의령군 유곡면 송산리 1655-1
경상남도	의령군	신촌마을	경상남도 의령군 유곡면 신촌리 109-5
경상남도	의령군	유곡면 신촌리 124-1	경상남도 의령군 유곡면 신촌리 124-1
경상남도	의령군	등대마을	경상남도 의령군 유곡면 칠곡리 381-2
경상남도	의령군	가현작목반	경상남도 의령군 정곡면 가현리 952
경상남도	의령군	지정작목반	경상남도 의령군 지정면 두곡리 1676-18
경상남도	의령군	신포작목반	경상남도 의령군 칠곡면 신포리 701
경상남도	의령군	화정작목반	경상남도 의령군 화정면 상정리 841-1
경상남도	진주시	두산마을	경상남도 진주시
경상남도	진주시	남성마을	경상남도 진주시 금산면 가방리 618-4
경상남도	진주시	관방마을	경상남도 진주시 금산면 가방리 93-7
경상남도	진주시	율곡마을	경상남도 진주시 내동면 신율리 855-12
경상남도	진주시	덕곡마을	경상남도 진주시 대곡면 덕곡리 1326-1
경상남도	진주시	설매마을	경상남도 진주시 대곡면 설매리 729-18
경상남도	진주시	대평마을	경상남도 진주시 대평면 대평리 1488
경상남도	진주시	반지마을	경상남도 진주시 미천면 반지리 834-5
경상남도	진주시	용암마을장	경상남도 진주시 이반성면 용암리 290-5
경상남도	진주시	압현마을	경상남도 진주시 지수면 압사리 1088-1
경상남도	진주시	청담마을	경상남도 진주시 지수면 청담리 433-8
경상남도	진주시	혈암마을	경상남도 진주시 집현면 대암리 592-1
경상남도	진주시	오동마을	경상남도 진주시 집현면 덕오리 531-1
경상남도	진주시	봉강마을	경상남도 진주시 집현면 봉강리 45-3
경상남도	진주시	신당마을	경상남도 진주시 집현면 신당리 4-1
경상남도	진주시	초전마을	경상남도 진주시 초전동 30
경상남도	창녕군	계교,계전,계성,계산,계남,평성	경상남도 창녕군 계성면 계성리 1289-106
경상남도	창녕군	화곡	경상남도 창녕군 계성면 계성리 1289-106
경상남도	창녕군	광계	경상남도 창녕군 계성면 광계리 166
경상남도	창녕군	남광계	경상남도 창녕군 계성면 광계리 177
경상남도	창녕군	달촌	경상남도 창녕군 계성면 명리 1278
경상남도	창녕군	명리	경상남도 창녕군 계성면 명리 533-8
경상남도	창녕군	봉산	경상남도 창녕군 계성면 봉산리 1404-1
경상남도	창녕군	전평	경상남도 창녕군 계성면 사리 1240
경상남도	창녕군	사리	경상남도 창녕군 계성면 사리 1288
경상남도	창녕군	신당	경상남도 창녕군 계성면 신당리 725-58
경상남도	창녕군	우천	경상남도 창녕군 계성면 우천리 1087-1
경상남도	창녕군	미곡	경상남도 창녕군 고암면 감리 1050-3
경상남도	창녕군	간지	경상남도 창녕군 고암면 감리 177
경상남도	창녕군	신기	경상남도 창녕군 고암면 계상리 1596-119
경상남도	창녕군	원촌2구(매산)	경상남도 창녕군 고암면 억만리 1556-1
경상남도	창녕군	괴산	경상남도 창녕군 고암면 억만리 309
경상남도	창녕군	상월	경상남도 창녕군 고암면 우천리 1091
경상남도	창녕군	상길	경상남도 창녕군 길곡면 길곡로 498-28
경상남도	창녕군	아랫대암	경상남도 창녕군 길곡면 대암리 479-53
경상남도	창녕군	마천	경상남도 창녕군 길곡면 마천리 623
경상남도	창녕군	외동	경상남도 창녕군 길곡면 오호리 920
경상남도	창녕군	증산	경상남도 창녕군 길곡면 증산리 412-1
경상남도	창녕군	하내	경상남도 창녕군 길곡면 증산리 687
경상남도	창녕군	두곡	경상남도 창녕군 남지읍 고곡리 111-3
경상남도	창녕군	대곡	경상남도 창녕군 남지읍 대곡리 225
경상남도	창녕군	반포	경상남도 창녕군 남지읍 반포리 256-1
경상남도	창녕군	담곡	경상남도 창녕군 남지읍 반포리 489-1
경상남도	창녕군	학암	경상남도 창녕군 남지읍 성사리 728-128
경상남도	창녕군	수개	경상남도 창녕군 남지읍 수개리 640-5
경상남도	창녕군	시남	경상남도 창녕군 남지읍 시남리 451
경상남도	창녕군	원촌1구	경상남도 창녕군 남지읍 원촌리 160
경상남도	창녕군	월평	경상남도 창녕군 남지읍 월하리 11
경상남도	창녕군	칠현	경상남도 창녕군 남지읍 칠현리 7
경상남도	창녕군	옥산	경상남도 창녕군 남지읍 학계리 1257-3
경상남도	창녕군	계팔	경상남도 창녕군 대지면 계상리 1596-60
경상남도	창녕군	구미	경상남도 창녕군 대지면 구미리 360
경상남도	창녕군	모산	경상남도 창녕군 대지면 모산리 532-3
경상남도	창녕군	대초	경상남도 창녕군 대지면 본초리 434
경상남도	창녕군	세거리	경상남도 창녕군 대지면 용소리 1185-1
경상남도	창녕군	용소	경상남도 창녕군 대지면 용소리 60-2
경상남도	창녕군	학성	경상남도 창녕군 대지면 용소리 957-6
경상남도	창녕군	소림	경상남도 창녕군 대지면 효정리 1205
경상남도	창녕군	효정	경상남도 창녕군 대지면 효정리 1491-6
경상남도	창녕군	귀동	경상남도 창녕군 대지면 효정리 723-7
경상남도	창녕군	간상	경상남도 창녕군 대합면 간상리 283-1
경상남도	창녕군	옥산	경상남도 창녕군 대합면 내울리 1135
경상남도	창녕군	계동(성지골)	경상남도 창녕군 대합면 내울리 340-1
경상남도	창녕군	계동	경상남도 창녕군 대합면 내울리 913-2
경상남도	창녕군	대곡	경상남도 창녕군 대합면 대곡리 182-4
경상남도	창녕군	구미	경상남도 창녕군 대합면 대곡리 260-12
경상남도	창녕군	용산	경상남도 창녕군 대합면 대동리 1067-2
경상남도	창녕군	대동	경상남도 창녕군 대합면 대동리 348
경상남도	창녕군	도개	경상남도 창녕군 대합면 도개리 89-41
경상남도	창녕군	무솔	경상남도 창녕군 대합면 등지리 27426
경상남도	창녕군	합산	경상남도 창녕군 대합면 등지리 742-3
경상남도	창녕군	신안	경상남도 창녕군 대합면 등지리 916-6
경상남도	창녕군	평지	경상남도 창녕군 대합면 등지리 961-1
경상남도	창녕군	수장	경상남도 창녕군 대합면 모전리 250-5
경상남도	창녕군	석실	경상남도 창녕군 대합면 모전리 382-3
경상남도	창녕군	월령	경상남도 창녕군 대합면 모전리 767
경상남도	창녕군	모전	경상남도 창녕군 대합면 모전리 776
경상남도	창녕군	용호	경상남도 창녕군 대합면 목단리 1540
경상남도	창녕군	목단	경상남도 창녕군 대합면 목단리 440
경상남도	창녕군	소야	경상남도 창녕군 대합면 소야리 601-9
경상남도	창녕군	신당	경상남도 창녕군 대합면 신당리 1061
경상남도	창녕군	십이리	경상남도 창녕군 대합면 십이리 164-4
경상남도	창녕군	창곡	경상남도 창녕군 대합면 십이리 388-1
경상남도	창녕군	월포	경상남도 창녕군 대합면 이방리 560
경상남도	창녕군	이방	경상남도 창녕군 대합면 이방리 580
경상남도	창녕군	유산	경상남도 창녕군 대합면 이방리 825-4
경상남도	창녕군	매탄	경상남도 창녕군 대합면 장기리  936-1
경상남도	창녕군	율곡	경상남도 창녕군 대합면 장기리 976
경상남도	창녕군	주매	경상남도 창녕군 대합면 주매리 305-1
경상남도	창녕군	퇴산	경상남도 창녕군 대합면 퇴산리 729
경상남도	창녕군	월계	경상남도 창녕군 대합면 퇴산리 산23-1
경상남도	창녕군	모지	경상남도 창녕군 대합면 평지리 959-3
경상남도	창녕군	용산	경상남도 창녕군 대합면 합리 1217-6
경상남도	창녕군	합리	경상남도 창녕군 대합면 합리 62-1
경상남도	창녕군	논리	경상남도 창녕군 도천면 논리 36039
경상남도	창녕군	송진3구	경상남도 창녕군 도천면 논리 693-6
경상남도	창녕군	윗대암	경상남도 창녕군 도천면 대암리 487
경상남도	창녕군	덕곡2구	경상남도 창녕군 도천면 덕곡리 259-6
경상남도	창녕군	일리	경상남도 창녕군 도천면 도천리 1069
경상남도	창녕군	도천1구	경상남도 창녕군 도천면 도천리 376-4
경상남도	창녕군	도천2구	경상남도 창녕군 도천면 도천리 502-10
경상남도	창녕군	송진2구	경상남도 창녕군 도천면 송진리 739
경상남도	창녕군	송진1구	경상남도 창녕군 도천면 송진리 791-9
경상남도	창녕군	예리2구	경상남도 창녕군 도천면 예리 1056-1
경상남도	창녕군	예리1구	경상남도 창녕군 도천면 예리 524
경상남도	창녕군	우강1구	경상남도 창녕군 도천면 우강리 100-5
경상남도	창녕군	우강2구	경상남도 창녕군 도천면 우강리 841-71
경상남도	창녕군	거문	경상남도 창녕군 부곡면 거문리 795-4
경상남도	창녕군	구산	경상남도 창녕군 부곡면 구산리 78-13
경상남도	창녕군	노리	경상남도 창녕군 부곡면 노리 438
경상남도	창녕군	노리	경상남도 창녕군 부곡면 노리 439-1
경상남도	창녕군	중대	경상남도 창녕군 부곡면 중대리 313-1
경상남도	창녕군	차실	경상남도 창녕군 부곡면 청암리 498-4
경상남도	창녕군	차실	경상남도 창녕군 부곡면 청암리 554
경상남도	창녕군	신포	경상남도 창녕군 부곡면 학포리 241-1
경상남도	창녕군	덕곡마을	경상남도 창녕군 성산면 가복리 산166-1
경상남도	창녕군	이천	경상남도 창녕군 성산면 냉천리 125-1
경상남도	창녕군	대견	경상남도 창녕군 성산면 대견리 185-6
경상남도	창녕군	원동	경상남도 창녕군 성산면 방리 1067
경상남도	창녕군	연당	경상남도 창녕군 성산면 연당리 199-1
경상남도	창녕군	운봉1구	경상남도 창녕군 성산면 운봉리 663-16
경상남도	창녕군	어은	경상남도 창녕군 성산면 원촌리 700-2
경상남도	창녕군	정녕1구	경상남도 창녕군 성산면 정녕리 산46-1
경상남도	창녕군	둔암	경상남도 창녕군 영산면 봉암리 702
경상남도	창녕군	서리	경상남도 창녕군 영산면 서리 455
경상남도	창녕군	월미	경상남도 창녕군 영산면 우천리 649
경상남도	창녕군	월령1구	경상남도 창녕군 영산면 월령리 217-38
경상남도	창녕군	월령2구	경상남도 창녕군 영산면 월령리 312-1
경상남도	창녕군	승계	경상남도 창녕군 유어면 가항리 1084-4
경상남도	창녕군	가항	경상남도 창녕군 유어면 가항리 1096-8
경상남도	창녕군	가항	경상남도 창녕군 유어면 가항리 930-1
경상남도	창녕군	칠월	경상남도 창녕군 유어면 계상리 1509
경상남도	창녕군	대동	경상남도 창녕군 유어면 광산리 1086
경상남도	창녕군	광산	경상남도 창녕군 유어면 광산리 486
경상남도	창녕군	회룡	경상남도 창녕군 유어면 대대리 364
경상남도	창녕군	대대	경상남도 창녕군 유어면 대대리 721
경상남도	창녕군	미구	경상남도 창녕군 유어면 미구리 641
경상남도	창녕군	마등	경상남도 창녕군 유어면 부곡리 22-2
경상남도	창녕군	마수원	경상남도 창녕군 유어면 부곡리 378-1
경상남도	창녕군	선소(사말)	경상남도 창녕군 유어면 선소리 251
경상남도	창녕군	내부곡	경상남도 창녕군 유어면 선소리 299
경상남도	창녕군	선소	경상남도 창녕군 유어면 선소리 329
경상남도	창녕군	생학	경상남도 창녕군 유어면 세진리  899-2
경상남도	창녕군	세진	경상남도 창녕군 유어면 세진리 939
경상남도	창녕군	거마	경상남도 창녕군 유어면 진창리 349-4
경상남도	창녕군	진창	경상남도 창녕군 유어면 진창리 351-2
경상남도	창녕군	신문	경상남도 창녕군 유어면 풍조리 128-1
경상남도	창녕군	풍조	경상남도 창녕군 유어면 풍조리 178-1
경상남도	창녕군	작달	경상남도 창녕군 유어면 풍조리 93-4
경상남도	창녕군	구학	경상남도 창녕군 이방면 거남리 1015
경상남도	창녕군	옥야	경상남도 창녕군 이방면 거남리 1090-80
경상남도	창녕군	송곡	경상남도 창녕군 이방면 거남리 355-1
경상남도	창녕군	거남(양정)	경상남도 창녕군 이방면 거남리 545-9
경상남도	창녕군	거남	경상남도 창녕군 이방면 거남리 산 39-1
경상남도	창녕군	동산	경상남도 창녕군 이방면 동산리 166
경상남도	창녕군	죽전	경상남도 창녕군 이방면 등림리 535-1
경상남도	창녕군	등림	경상남도 창녕군 이방면 등림리 802
경상남도	창녕군	모곡	경상남도 창녕군 이방면 모곡리 172-1
경상남도	창녕군	상리	경상남도 창녕군 이방면 상리 459-3
경상남도	창녕군	석리	경상남도 창녕군 이방면 석리 349-5
경상남도	창녕군	성산	경상남도 창녕군 이방면 성산리 141-2
경상남도	창녕군	송곡	경상남도 창녕군 이방면 송곡리 251
경상남도	창녕군	부곡	경상남도 창녕군 이방면 안리 1013
경상남도	창녕군	장재	경상남도 창녕군 이방면 안리 1378-3
경상남도	창녕군	안리	경상남도 창녕군 이방면 안리 941-6
경상남도	창녕군	만촌	경상남도 창녕군 이방면 억만리 1315-1
경상남도	창녕군	옥천	경상남도 창녕군 이방면 옥천리 238
경상남도	창녕군	우산	경상남도 창녕군 이방면 장천리 1125
경상남도	창녕군	장천	경상남도 창녕군 이방면 장천리 617-1
경상남도	창녕군	신기	경상남도 창녕군 이방면 초곡리  1150-2
경상남도	창녕군	우만신기	경상남도 창녕군 이방면 초곡리 1153-1
경상남도	창녕군	초곡	경상남도 창녕군 이방면 초곡리 864
경상남도	창녕군	우만	경상남도 창녕군 이방면 초곡리 900
경상남도	창녕군	이남	경상남도 창녕군 이방면 현창리 137
경상남도	창녕군	현창	경상남도 창녕군 이방면 현창리 691
경상남도	창녕군	강리	경상남도 창녕군 장마면 강리 338-20
경상남도	창녕군	대야	경상남도 창녕군 장마면 대봉리 238-1
경상남도	창녕군	산지	경상남도 창녕군 장마면 산지리 25-1
경상남도	창녕군	상이곡/하이곡	경상남도 창녕군 장마면 산지리 651-46
경상남도	창녕군	신구	경상남도 창녕군 장마면 신구리 634-2
경상남도	창녕군	미구	경상남도 창녕군 장마면 신구리 853
경상남도	창녕군	서암	경상남도 창녕군 장마면 원촌리 1
경상남도	창녕군	하유	경상남도 창녕군 장마면 유리 513
경상남도	창녕군	장가1구	경상남도 창녕군 장마면 장가리 105
경상남도	창녕군	장가2구	경상남도 창녕군 장마면 장가리 1100-6
경상남도	창녕군	월명	경상남도 창녕군 장마면 장가리 418
경상남도	창녕군	초곡리	경상남도 창녕군 장마면 초곡리 839
경상남도	창녕군	창서	경상남도 창녕군 창녕읍 교리 737-8
경상남도	창녕군	도야	경상남도 창녕군 창녕읍 도야리 661
경상남도	창녕군	환곡	경상남도 창녕군 창녕읍 신촌리 1042-3
경상남도	창녕군	회산	경상남도 창녕군 창녕읍 신촌리 387
경상남도	창녕군	여초	경상남도 창녕군 창녕읍 여초리 315-4
경상남도	창녕군	화전	경상남도 창녕군 창녕읍 여초리 산58
경상남도	창녕군	옥천	경상남도 창녕군 창녕읍 옥천리 1394
경상남도	창녕군	외부	경상남도 창녕군 창녕읍 외부리 560-3
경상남도	창녕군	이남	경상남도 창녕군 창녕읍 용석리 1241-1
경상남도	창녕군	어도	경상남도 창녕군 창녕읍 용석리 268
경상남도	창녕군	학산	경상남도 창녕군 창녕읍 용석리 692-3
경상남도	창녕군	조산	경상남도 창녕군 창녕읍 조산리 264-8
경상남도	창녕군	상대	경상남도 창녕군 창녕읍 중대리 503-99
경상남도	창녕군	직교	경상남도 창녕군 창녕읍 직교리 129-3
경상남도	창녕군	직신	경상남도 창녕군 창녕읍 직교리 266-3
경상남도	창녕군	탐하	경상남도 창녕군 창녕읍 탐하리 471
경상남도	창녕군	퇴천	경상남도 창녕군 창녕읍 퇴천리 527-16
경상남도	창녕군	퇴천	경상남도 창녕군 창녕읍 퇴천리 622-9
경상남도	창녕군	하리	경상남도 창녕군 창녕읍 하리 455
경상남도	창원시	욱곡마을 공동집하장	경상남도 창원시 마산합포구 구산면 내포리 1155-1
경상남도	창원시	신촌마을 공동집하장	경상남도 창원시 마산합포구 구산면 옥계리 826-1
경상남도	창원시	진북면	경상남도 창원시 마산합포구 진북면 지산리 61
경상남도	창원시	거락마을 공동집하장	경상남도 창원시 마산합포구 진전면 고사리 1018-2
경상남도	창원시	상촌마을 공동집하장	경상남도 창원시 마산합포구 진전면 금암리 298
경상남도	창원시	대정마을 공동집하장	경상남도 창원시 마산합포구 진전면 양촌리 941-12
경상남도	창원시	둔덕마을 공동집하장	경상남도 창원시 마산합포구 진전면 여양리 1047
경상남도	창원시	신전마을 공동집하장	경상남도 창원시 의창구 대산면 갈전리 1077-2 구거 (1072-1 앞)
경상남도	창원시	대방마을 공동집하장	경상남도 창원시 의창구 대산면 대방리 240
경상남도	창원시	송등마을 공동집하장	경상남도 창원시 의창구 대산면 모산리 337-1
경상남도	창원시	남모산마을 공동집하장	경상남도 창원시 의창구 대산면 모산리 381-19
경상남도	창원시	서부마을 공동집하장	경상남도 창원시 의창구 대산면 북부리 536-2
경상남도	창원시	동부마을 공동집하장	경상남도 창원시 의창구 대산면 북부리 536-2
경상남도	창원시	우암마을 공동집하장	경상남도 창원시 의창구 대산면 우암리 265-24
경상남도	창원시	유청마을 공동집하장	경상남도 창원시 의창구 대산면 유등로 364 마을회관 옆
경상남도	창원시	유등마을 공동집하장	경상남도 창원시 의창구 대산면 유등리 118-1
경상남도	창원시	구산마을 공동집하장	경상남도 창원시 의창구 대산면 일동리 945-1
경상남도	창원시	상포마을 공동집하장	경상남도 창원시 의창구 대산면 제동리 510-23
경상남도	창원시	덕현마을 공동집하장	경상남도 창원시 의창구 대산면 제동리 573
경상남도	창원시	제동마을 공동집하장	경상남도 창원시 의창구 대산면 제동리 618
경상남도	창원시	금산 공동집하장	경상남도 창원시 의창구 동읍 금산리 602
경상남도	창원시	봉곡 공동집하장	경상남도 창원시 의창구 동읍 봉곡리 406-2
경상남도	창원시	마산리 폐비닐집하장	경상남도 창원시 의창구 북면 마산리 34-4
경상남도	창원시	외감마을 공동집하장	경상남도 창원시 의창구 외감리 1087, 1088
경상남도	창원시	곡목 공동집하장	경상남도 창원시 의창구 의창구 동읍 화양리 619-1
경상남도	창원시	상리마을	경상남도 창원시 진해구 장천동 185-3
경상남도	통영시	산양읍 미남리 달아마을	경상남도 통영시 달아마을
경상남도	통영시	도산면 관덕리 덕치마을	경상남도 통영시 덕치마을
경상남도	통영시	도산면 도선리 도선마을	경상남도 통영시 도선마을
경상남도	통영시	도산면 원산리 평촌마을	경상남도 통영시 평촌마을
경상남도	통영시	도산면 관덕리 한퇴마을	경상남도 통영시 한퇴마을
경상남도	하동군	범아(2019)	경상남도 하동군 고전면 범아리 79-3
경상남도	하동군	선소(2018)	경상남도 하동군 고전면 선소길 39
경상남도	하동군	선소(2019)	경상남도 하동군 고전면 전도리 1012-5
경상남도	하동군	영천(2022)	경상남도 하동군 금남면 계천리 736-52
경상남도	하동군	구노량(2018)	경상남도 하동군 금남면 노량리 72-8
경상남도	하동군	대치(2016)	경상남도 하동군 금남면 대치리 97
경상남도	하동군	덕천(2017)	경상남도 하동군 금남면 덕천리 748-1
경상남도	하동군	연막(2017)	경상남도 하동군 금성면 갈사리 238
경상남도	하동군	나팔(2017)	경상남도 하동군 금성면 나팔중앙길 21-1
경상남도	하동군	명덕(2021)	경상남도 하동군 금성면 명덕길 3
경상남도	하동군	신전(2018)	경상남도 하동군 양보면 감당리 1-2
경상남도	하동군	신정(2023)	경상남도 하동군 양보면 통정리 186-2
경상남도	하동군	궁항(2021)	경상남도 하동군 옥종면 궁항리 938
경상남도	하동군	두양(2022)	경상남도 하동군 옥종면 두양리 513-1
경상남도	하동군	안성(2022)	경상남도 하동군 적량면 고절리 825-2
경상남도	하동군	하동산(2015)	경상남도 하동군 적량면 동산리 348
경상남도	하동군	난정(2023)	경상남도 하동군 적량면 안성길 35
경상남도	하동군	이곡(2019)	경상남도 하동군 진교면 고이리 71-2
경상남도	하동군	고룡(2016)	경상남도 하동군 진교면 금오산길 155-138
경상남도	하동군	양일(2020)	경상남도 하동군 진교면 양포리 55
경상남도	하동군	심답(2023)	경상남도 하동군 청암면 상이리 산 333-1
경상남도	하동군	평촌(2020)	경상남도 하동군 청암면 평촌리 1108-6
경상남도	하동군	부춘(2020)	경상남도 하동군 화개면 부춘리 318
경상남도	하동군	부춘(2022)	경상남도 하동군 화개면 섬진강대로 3526-9
경상남도	하동군	정금(2017)	경상남도 하동군 화개면 정금리 1382
경상남도	하동군	원탑(2017)	경상남도 하동군 화개면 탑리 734-5
경상남도	하동군	상남(2021)	경상남도 하동군 횡천면 남산리 282-2
경상남도	하동군	애치리(2020)	경상남도 하동군 횡천면 애치리 538-5
경상남도	하동군	중앙(2023)	경상남도 하동군 횡천면 횡천리 571-8
경상남도	함안군	당산마을 공동집하장	경상남도 함안군 가야읍 도항리 171
경상남도	함안군	의봉마을 공동집하장	경상남도 함안군 군북면 월촌내길 206-6
경상남도	함안군	유현마을 공동집하장	경상남도 함안군 군북면 유현1길 68
경상남도	함안군	신대마을 공동집하장	경상남도 함안군 대산면 하기리 304-4
경상남도	함안군	사정마을 공동집하장	경상남도 함안군 법수면 사정길 78-1
경상남도	함안군	송정마을 공동집하장	경상남도 함안군 산인면 송정리 678
경상남도	함안군	내봉촌마을 공동집하장	경상남도 함안군 칠북면 온천로 342
경상남도	함안군	신기마을 공동집하장	경상남도 함안군 칠서면 이룡리 1411-6,7,10
경상남도	함안군	유상마을 공동집하장	경상남도 함안군 칠원읍 유장길 122
경상남도	함양군	강청 공동집하장	경상남도 함양군 마천면 강청리 746-7
경상남도	함양군	촉동 공동집하장	경상남도 함양군 마천면 구양리 1030
경상남도	함양군	음정 공동집하장	경상남도 함양군 마천면 삼정리 113-1
경상남도	함양군	의중 공동집하장	경상남도 함양군 마천면 의탄리 1304
경상남도	함양군	창원 공동집하장	경상남도 함양군 마천면 창원리 733-4
경상남도	함양군	하백현마을	경상남도 함양군 백전면 경백리 364-2
경상남도	함양군	상백현마을	경상남도 함양군 백전면 경백리 678-2
경상남도	함양군	상대평마을	경상남도 함양군 백전면 경백리 86
경상남도	함양군	구산마을	경상남도 함양군 백전면 구산리 51-1
경상남도	함양군	상조마을	경상남도 함양군 백전면 백운리 1070-1
경상남도	함양군	대방마을	경상남도 함양군 백전면 백운리 280
경상남도	함양군	하조마을	경상남도 함양군 백전면 백운리 697-1
경상남도	함양군	서백마을	경상남도 함양군 백전면 양백리 1165
경상남도	함양군	동백마을	경상남도 함양군 백전면 양백리 453
경상남도	함양군	중기마을	경상남도 함양군 백전면 운산리 1002
경상남도	함양군	운산마을	경상남도 함양군 백전면 운산리 36-2
경상남도	함양군	평정마을	경상남도 함양군 백전면 평정리 178-1
경상남도	함양군	평촌마을	경상남도 함양군 백전면 평정리 595-1
경상남도	함양군	마평 폐비닐집하장	경상남도 함양군 병곡면 광평리 846-4
경상남도	함양군	가촌 폐비닐집하장	경상남도 함양군 병곡면 도천리 886-1(병곡면 가촌길 37-18)
경상남도	함양군	송평 폐비닐집하장	경상남도 함양군 병곡면 송평리 21-17
경상남도	함양군	덕평 폐비닐집하장	경상남도 함양군 병곡면 연덕리 485-4
경상남도	함양군	연서 폐비닐집하장	경상남도 함양군 병곡면 연덕리 869
경상남도	함양군	하대평마을	경상남도 함양군 병곡면 옥계리 1305-7
경상남도	함양군	원산 폐비닐집하장	경상남도 함양군 병곡면 원산리 258-5(병곡면 송평원산로 502)
경상남도	함양군	망월 폐비닐집하장	경상남도 함양군 병곡면 월암리 376-1
경상남도	함양군	추상	경상남도 함양군 서상면 가르내길 174
경상남도	함양군	추하	경상남도 함양군 서상면 금당리 209
경상남도	함양군	오산	경상남도 함양군 서상면 대남리 1319
경상남도	함양군	대로	경상남도 함양군 서상면 대남리 1883
경상남도	함양군	노상	경상남도 함양군 서상면 대남리 374-2
경상남도	함양군	칠형정	경상남도 함양군 서상면 도천리 1075-15
경상남도	함양군	도천	경상남도 함양군 서상면 도천리 791-2
경상남도	함양군	조산	경상남도 함양군 서상면 상남리 867-1
경상남도	함양군	봉정	경상남도 함양군 서상면 옥산리 660
경상남도	함양군	복동	경상남도 함양군 서상면 중남리 536
경상남도	함양군	우전 폐비닐집하장	경상남도 함양군 서하면 봉전리 429-1
경상남도	함양군	반정  폐비닐집하장	경상남도 함양군 서하면 봉전리 952-1
경상남도	함양군	거기  폐비닐집하장	경상남도 함양군 서하면 송계리 390
경상남도	함양군	황산  폐비닐집하장	경상남도 함양군 서하면 황산리 1113-2
경상남도	함양군	상백	경상남도 함양군 수동면 고실길 7-6
경상남도	함양군	내백	경상남도 함양군 수동면 내백리 414-1 내
경상남도	함양군	도북	경상남도 함양군 수동면 도북리 690
경상남도	함양군	구라	경상남도 함양군 수동면 우명리 1022
경상남도	함양군	거평마을 폐비닐집하장	경상남도 함양군 수동면 우명리 383-26
경상남도	함양군	가성	경상남도 함양군 수동면 우명리 611-1
경상남도	함양군	효리	경상남도 함양군 수동면 우명리 929-1
경상남도	함양군	서평	경상남도 함양군 수동면 원평리 407-1
경상남도	함양군	남계	경상남도 함양군 수동면 원평리 42-28
경상남도	함양군	내산	경상남도 함양군 수동면 죽산리 1282-9
경상남도	함양군	외산	경상남도 함양군 수동면 죽산리 1310-26
경상남도	함양군	치라골 2	경상남도 함양군 수동면 죽산리 237-4
경상남도	함양군	교항	경상남도 함양군 수동면 하교리 162
경상남도	함양군	교항(내산)	경상남도 함양군 수동면 하교리 187-4
경상남도	함양군	하교	경상남도 함양군 수동면 하교리 325-12
경상남도	함양군	분덕	경상남도 함양군 수동면 화산리 641
경상남도	함양군	변동외 4개마을	경상남도 함양군 수동면 화산리 산 134-1
경상남도	함양군	마암	경상남도 함양군 안의면 당본마암길 103-24 (당본리 552)
경상남도	함양군	두항	경상남도 함양군 안의면 대대리 1358
경상남도	함양군	중동	경상남도 함양군 안의면 도림리 502
경상남도	함양군	관동	경상남도 함양군 안의면 도림리 산 59-2
경상남도	함양군	숙림	경상남도 함양군 안의면 도림리1588
경상남도	함양군	석천	경상남도 함양군 안의면 석천리 477-1
경상남도	함양군	이전	경상남도 함양군 안의면 이전리 313-2
경상남도	함양군	박동	경상남도 함양군 안의면 초동리 1222
경상남도	함양군	상비	경상남도 함양군 안의면 하원리 402-2
경상남도	함양군	이문	경상남도 함양군 안의면 황곡리 1919
경상남도	함양군	독자	경상남도 함양군 안의면 황곡리 309-2
경상남도	함양군	국계집하장	경상남도 함양군 유림면 국계리 17-7
경상남도	함양군	사안집하장	경상남도 함양군 유림면 대궁리 344-2
경상남도	함양군	대치집하장	경상남도 함양군 유림면 대궁리 662-3
경상남도	함양군	재궁집하장	경상남도 함양군 유림면 대궁리 79-1
경상남도	함양군	서주집하장	경상남도 함양군 유림면 서주리 126
경상남도	함양군	회동집하장	경상남도 함양군 유림면 서주리 627-1
경상남도	함양군	지곡집하장	경상남도 함양군 유림면 손곡리 130
경상남도	함양군	손곡집하장	경상남도 함양군 유림면 손곡리 632-3
경상남도	함양군	차의집하장	경상남도 함양군 유림면 옥매리 1092-1
경상남도	함양군	매촌집하장	경상남도 함양군 유림면 옥매리 1179-78
경상남도	함양군	옥동집하장	경상남도 함양군 유림면 옥매리 785-2
경상남도	함양군	웅평집하장	경상남도 함양군 유림면 웅평리 50
경상남도	함양군	판문집하장	경상남도 함양군 유림면 유평리 1256-2
경상남도	함양군	유평집하장	경상남도 함양군 유림면 유평리 214-2
경상남도	함양군	화암집하장	경상남도 함양군 유림면 유평리 555-1
경상남도	함양군	옥산집하장	경상남도 함양군 유림면 유평리 613
경상남도	함양군	장항집하장	경상남도 함양군 유림면 장항리 220
경상남도	함양군	우동집하장	경상남도 함양군 유림면 화촌리 368-5
경상남도	함양군	화촌집하장	경상남도 함양군 유림면 화촌리 702-1
경상남도	함양군	공배마을 공동집하장	경상남도 함양군 지곡면 공배리 162-1
경상남도	함양군	부야마을 공동집하장	경상남도 함양군 지곡면 공배리 790-2
경상남도	함양군	백일마을 공동집하장	경상남도 함양군 지곡면 공배리 915-74
경상남도	함양군	남효마을 공동집하장	경상남도 함양군 지곡면 남효리 41
경상남도	함양군	덕암마을 공동집하장	경상남도 함양군 지곡면 덕암리 124-1
경상남도	함양군	주암마을 공동집하장	경상남도 함양군 지곡면 덕암리 산35-1
경상남도	함양군	마산마을 폐비닐집하장	경상남도 함양군 지곡면 마산리 421
경상남도	함양군	계곡마을 공동집하장	경상남도 함양군 지곡면 마산리 68-6
경상남도	함양군	효산마을 공동집하장	경상남도 함양군 지곡면 보산리 산23-5
경상남도	함양군	정취마을 공동집하장	경상남도 함양군 지곡면 보산리 산75-6
경상남도	함양군	봉곡마을 공동집하장	경상남도 함양군 지곡면 시목리 831-2
경상남도	함양군	개평마을 공동집하장	경상남도 함양군 지곡면 창평리 782
경상남도	함양군	상개평마을 공동집하장	경상남도 함양군 지곡면 평촌리 287-8
경상남도	함양군	주곡마을 공동집하장	경상남도 함양군 지곡면 평촌리 508-5
경상남도	함양군	구만마을	경상남도 함양군 함양읍 구룡리 78-6
경상남도	함양군	신기마을	경상남도 함양군 함양읍 난평리 153-2
경상남도	함양군	관동마을	경상남도 함양군 함양읍 난평리 503-1
경상남도	함양군	죽장마을	경상남도 함양군 함양읍 대덕리 310-1
경상남도	함양군	대병 영농폐비닐 공동집하장	경상남도 함양군 함양읍 대덕리 410-5
경상남도	함양군	죽곡마을	경상남도 함양군 함양읍 대실길 66-2
경상남도	함양군	두산마을	경상남도 함양군 함양읍 두산길 57
경상남도	함양군	중촌마을	경상남도 함양군 함양읍 백천리 1365-6
경상남도	함양군	본백마을	경상남도 함양군 함양읍 백천리 1544-4
경상남도	함양군	척지마을	경상남도 함양군 함양읍 백천리 340-1외 2필지
경상남도	함양군	안평집하장	경상남도 함양군 함양읍 백천리 43-17
경상남도	함양군	척지마을	경상남도 함양군 함양읍 백천리 463-3
경상남도	함양군	뇌산마을	경상남도 함양군 함양읍 삼산리 209-3
경상남도	함양군	삼휴마을	경상남도 함양군 함양읍 삼산리 312
경상남도	함양군	삼천마을	경상남도 함양군 함양읍 삼천길 9
경상남도	함양군	기동마을	경상남도 함양군 함양읍 신관리 513
경상남도	함양군	후동마을	경상남도 함양군 함양읍 신천리 739
경상남도	함양군	학동마을	경상남도 함양군 함양읍 용평리 235-4
경상남도	함양군	학동마을	경상남도 함양군 함양읍 용평리 235-4
경상남도	함양군	웅곡마을	경상남도 함양군 함양읍 웅곡리 191
경상남도	함양군	원교마을	경상남도 함양군 함양읍 원교1길 23
경상남도	함양군	원구마을	경상남도 함양군 함양읍 원구길 58-2
경상남도	함양군	거면마을	경상남도 함양군 함양읍 이은리 831-2
경상남도	함양군	조동마을	경상남도 함양군 함양읍 조동길 3
경상남도	함양군	시목마을	경상남도 함양군 함양읍 죽림리 산145-10
경상남도	함양군	상죽마을	경상남도 함양군 함양읍 죽림리 산246-1
경상남도	함양군	평촌마을	경상남도 함양군 함양읍 평촌앞길 29-1
경상남도	함양군	내곡마을	경상남도 함양군 함양읍 함양로 405
경상남도	함양군	금반마을	경상남도 함양군 휴천면 금반리 71-3
경상남도	함양군	동호마을	경상남도 함양군 휴천면 남호리 236-1
경상남도	함양군	원기마을	경상남도 함양군 휴천면 남호리 461-2
경상남도	함양군	한남마을	경상남도 함양군 휴천면 남호리 770-2
경상남도	함양군	미천마을	경상남도 함양군 휴천면 대천리 390-2
경상남도	함양군	목현마을	경상남도 함양군 휴천면 목현리 594-9
경상남도	함양군	백연마을	경상남도 함양군 휴천면 문정리 1075
경상남도	함양군	백연마을	경상남도 함양군 휴천면 문정리 956-7
경상남도	함양군	마상마을	경상남도 함양군 휴천면 태관리 175-1
경상남도	함양군	산두마을	경상남도 함양군 휴천면 호산리 187-1
경상남도	함양군	임호마을	경상남도 함양군 휴천면 호산리 503
경상남도	합천군	이천 공동집하장	경상남도 합천군 가야면 이천리 554
경상남도	합천군	치인 공동집하장	경상남도 합천군 가야면 치인리 797
경상남도	합천군	덕촌리 집하장	경상남도 합천군 가회면 덕촌리 1063(연동마을)
경상남도	합천군	연동마을 집하장	경상남도 합천군 가회면 덕촌리 694-1
경상남도	합천군	두심마을 집하장	경상남도 합천군 가회면 둔내리 14(두심마을)
경상남도	합천군	둔내리 집하장	경상남도 합천군 가회면 둔내리 761-3(복치동마을)
경상남도	합천군	오도마을 집하장	경상남도 합천군 가회면 오도리 76-6(오도마을)
경상남도	합천군	내사마을 집하장	경상남도 합천군 가회면 외사리 45-2(내사마을)
경상남도	합천군	외사리 집하장	경상남도 합천군 가회면 외사리 609-3(외사마을)
경상남도	합천군	월계리 집하장	경상남도 합천군 가회면 월계리 504-4(산두마을)
경상남도	합천군	다공마을 집하장	경상남도 합천군 가회면 장대리 138(다공마을)
경상남도	합천군	동곡마을 집하장	경상남도 합천군 가회면 중촌리 산131(동곡마을)
경상남도	합천군	함방리 집하장	경상남도 합천군 가회면 함방리 339(구전마을)
경상남도	합천군	상천마을 집하장	경상남도 합천군 대병면 상천리 515-2
경상남도	합천군	성리1구집하장	경상남도 합천군 대병면 성리 1188-2
경상남도	합천군	평학마을집하장	경상남도 합천군 대병면 성리 480
경상남도	합천군	장단1구집하장	경상남도 합천군 대병면 장단리 1214
경상남도	합천군	하금1구집하장	경상남도 합천군 대병면 하금리 704
경상남도	합천군	회양2구집하장	경상남도 합천군 대병면 회양리 337-1
경상남도	합천군	덕정리 폐비닐집하장(대양면 재활용선별장)	경상남도 합천군 대양면 덕정리 925-18(대양면 대한로 8)
경상남도	합천군	무곡마을폐비닐집하장	경상남도 합천군 대양면 무곡리 984
경상남도	합천군	상촌마을폐비닐집하장	경상남도 합천군 대양면 백암리 367
경상남도	합천군	안금본동마을폐비닐집하장	경상남도 합천군 대양면 안금리 576-2
경상남도	합천군	양산(배미동)마을폐비닐집하장	경상남도 합천군 대양면 양산리 923-7
경상남도	합천군	오산마을폐비닐집하장	경상남도 합천군 대양면 오산리 307
경상남도	합천군	율원 재활용선별장	경상남도 합천군 덕곡면 율원리 492-4
경상남도	합천군	율원폐비닐 집하장	경상남도 합천군 덕곡면 율원리 562
경상남도	합천군	율지폐비닐 집하장	경상남도 합천군 덕곡면 율지리314-1
경상남도	합천군	북동폐비닐 집하장	경상남도 합천군 덕곡면 포두리13-25
경상남도	합천군	가산집하장	경상남도 합천군 묘산면 가산리 754-5
경상남도	합천군	거산집하장	경상남도 합천군 묘산면 거산리 405-3
경상남도	합천군	관기집하장	경상남도 합천군 묘산면 관기리 1000-16
경상남도	합천군	중촌집하장	경상남도 합천군 묘산면 관기리 280-2
경상남도	합천군	관기마을회관앞집하장	경상남도 합천군 묘산면 관기리 639-1
경상남도	합천군	광산집하장	경상남도 합천군 묘산면 광산리 272
경상남도	합천군	도옥집하장	경상남도 합천군 묘산면 도옥리 298
경상남도	합천군	반포집하장	경상남도 합천군 묘산면 반포리 124-1
경상남도	합천군	교동집하장	경상남도 합천군 묘산면 산제리 278-4
경상남도	합천군	산제집하장	경상남도 합천군 묘산면 산제리 462-5
경상남도	합천군	평촌집하장	경상남도 합천군 묘산면 안성리 496
경상남도	합천군	필심집하장	경상남도 합천군 묘산면 팔심리 398-1
경상남도	합천군	화양집하장	경상남도 합천군 묘산면 화양리 327-3
경상남도	합천군	상나곡집하장	경상남도 합천군 묘산면 화양리 862
경상남도	합천군	계산리집하장	경상남도 합천군 봉산면 계산리 136
경상남도	합천군	행정리집하장	경상남도 합천군 봉산면 도곡리 116-3
경상남도	합천군	봉계리집하장	경상남도 합천군 봉산면 봉게리 849
경상남도	합천군	양지리집하장	경상남도 합천군 봉산면 양지리 671
경상남도	합천군	덕진 집하장	경상남도 합천군 삼가면 덕진리 162-1
경상남도	합천군	동리 집하장	경상남도 합천군 삼가면 동리 269
경상남도	합천군	인평 집하장	경상남도 합천군 삼가면 동리 575-1
경상남도	합천군	신기 집하장	경상남도 합천군 삼가면 문송리 496-6
경상남도	합천군	교동 집하장	경상남도 합천군 삼가면 소오리 176-3
경상남도	합천군	토동 집하장	경상남도 합천군 삼가면 외토리 610-20
경상남도	합천군	아초 집하장	경상남도 합천군 삼가면 용흥리 889-1
경상남도	합천군	대곡 집하장	경상남도 합천군 쌍백면 대곡리 577-1
경상남도	합천군	대현리 집하장	경상남도 합천군 쌍백면 대현리 515-1
경상남도	합천군	외초리 2집하장	경상남도 합천군 쌍백면 동리외초길 347
경상남도	합천군	외초마을 집하장	경상남도 합천군 쌍백면 동리외초길 393-14
경상남도	합천군	삼리 집하장	경상남도 합천군 쌍백면 삼리 251-1
경상남도	합천군	어파마을 집하장	경상남도 합천군 쌍백면 외초리 397-1
경상남도	합천군	육리 2집하장	경상남도 합천군 쌍백면 육리 1291-1
경상남도	합천군	죽전리 집하장	경상남도 합천군 쌍백면 죽전리 736-3
경상남도	합천군	안계리 집하장	경상남도 합천군 쌍백면 청정로 400
경상남도	합천군	평구2구 집하장	경상남도 합천군 쌍백면 평구리 312
경상남도	합천군	안구 집하장	경상남도 합천군 쌍백면 평구리 629-1
경상남도	합천군	하안마을 집하장	경상남도 합천군 쌍백면 평구리 887-1
경상남도	합천군	육리 1집하장	경상남도 합천군 쌍백면 평구묵골길 429-6
경상남도	합천군	평지리 1집하장	경상남도 합천군 쌍백면 평지리 446
경상남도	합천군	하신마을 집하장	경상남도 합천군 쌍백면 하신리 972-1
경상남도	합천군	매호 집하장	경상남도 합천군 쌍책면 건태리 1043
경상남도	합천군	건태 집하장	경상남도 합천군 쌍책면 건태리 산69-5
경상남도	합천군	중촌 집하장	경상남도 합천군 쌍책면 다라리 536-1
경상남도	합천군	진정 집하장	경상남도 합천군 쌍책면 다라리 826-10
경상남도	합천군	덕봉 집하장	경상남도 합천군 쌍책면 덕봉리 575
경상남도	합천군	사양 집하장	경상남도 합천군 쌍책면 사양리 407-2
경상남도	합천군	도방 집하장	경상남도 합천군 쌍책면 상신리 526
경상남도	합천군	박곡 집하장	경상남도 합천군 쌍책면 상신리 산241-1
경상남도	합천군	상포 집하장	경상남도 합천군 쌍책면 상포리 411-5
경상남도	합천군	관수 집하장	경상남도 합천군 쌍책면 상포리 448
경상남도	합천군	외촌 집하장	경상남도 합천군 쌍책면 성산리 252
경상남도	합천군	오서 집하장	경상남도 합천군 쌍책면 오서리 14-6
경상남도	합천군	제촌 집하장	경상남도 합천군 쌍책면 오서리 723
경상남도	합천군	창동 집하장	경상남도 합천군 쌍책면 하신리 294-2
경상남도	합천군	월곡 집하장	경상남도 합천군 쌍책면 합천군 하신리 278-3
경상남도	합천군	금평리 집하장	경상남도 합천군 야로면 금평리 557-2
경상남도	합천군	묵촌1구 집하장	경상남도 합천군 야로면 묵촌리 2-3
경상남도	합천군	묵촌리 집하장	경상남도 합천군 야로면 묵촌리 산80-11
경상남도	합천군	월광 집하장	경상남도 합천군 야로면 월광리 33-3
경상남도	합천군	정대리 집하장	경상남도 합천군 야로면 정대리 986
경상남도	합천군	가호폐비닐집하장	경상남도 합천군 용주면 가호리 428-2
경상남도	합천군	고품2구 집하장	경상남도 합천군 용주면 고품리 179
경상남도	합천군	공암폐비닐집하장	경상남도 합천군 용주면 공암리 171
경상남도	합천군	방곡폐비닐집하장	경상남도 합천군 용주면 방곡리 315
경상남도	합천군	월평폐비닐집하장	경상남도 합천군 용주면 월평리 693-3
경상남도	합천군	용지폐비닐집하장	경상남도 합천군 용주면 황계폭포로 1061-12
경상남도	합천군	갑산폐비닐집하장	경상남도 합천군 율곡면 갑산2길 14-6
경상남도	합천군	갑산폐비닐집하장	경상남도 합천군 율곡면 갑산리 1079
경상남도	합천군	갑산2구 공동집하장	경상남도 합천군 율곡면 갑산리 564-15
경상남도	합천군	기리 공동집하장	경상남도 합천군 율곡면 기리 316-1
경상남도	합천군	낙민폐비닐집하장	경상남도 합천군 율곡면 낙민리 1358
경상남도	합천군	내천폐비닐집하장	경상남도 합천군 율곡면 내천리 434
경상남도	합천군	노양폐비닐집하장	경상남도 합천군 율곡면 노양리 548-2
경상남도	합천군	본천폐비닐집하장	경상남도 합천군 율곡면 본천리 306
경상남도	합천군	본천1구 공동집하장	경상남도 합천군 율곡면 본천리 424
경상남도	합천군	영전폐비닐집하장	경상남도 합천군 율곡면 영전리 74-4
경상남도	합천군	와리 공동집하장	경상남도 합천군 율곡면 와리 176-2
경상남도	합천군	율진1구 공동집하장	경상남도 합천군 율곡면 율진리 1168
경상남도	합천군	율진폐비닐집하장	경상남도 합천군 율곡면 율진리 521
경상남도	합천군	제내폐비닐집하장	경상남도 합천군 율곡면 제내리 24-5
경상남도	합천군	항곡폐비닐집하장	경상남도 합천군 율곡면 항곡리 243-2
경상남도	합천군	항곡폐비닐집하장	경상남도 합천군 율곡면 항곡리 557-3
경상남도	합천군	명곡 폐비닐 집하장	경상남도 합천군 적중면 누하리 26-1
경상남도	합천군	누하 폐비닐 집하장	경상남도 합천군 적중면 누하리 554-1
경상남도	합천군	두방 폐비닐 집하장	경상남도 합천군 적중면 두방리 357
경상남도	합천군	양림 폐비닐 집하장	경상남도 합천군 적중면 양림리 887
경상남도	합천군	장동마을 폐비닐집하장	경상남도 합천군 적중면 양림리 887-29
경상남도	합천군	옥두 폐비닐 집하장	경상남도 합천군 적중면 옥두리 568-3
경상남도	합천군	정토 폐비닐 집하장	경상남도 합천군 적중면 정토 양림길 6
경상남도	합천군	죽고 폐비닐 집하장	경상남도 합천군 적중면 죽고리 287-2
경상남도	합천군	평산 폐비닐 집하장	경상남도 합천군 적중면 황정리 564-10
경상남도	합천군	황정 폐비닐 집하장	경상남도 합천군 적중면 황정리 574
경상남도	합천군	가현 집하장	경상남도 합천군 청덕면 가현리 498-26
경상남도	합천군	중회 집하장	경상남도 합천군 청덕면 가현리 948-4
경상남도	합천군	대부 집하장	경상남도 합천군 청덕면 대부리 1525
경상남도	합천군	소부 집하장	경상남도 합천군 청덕면 대부리 584-2
경상남도	합천군	두곡 집하장	경상남도 합천군 청덕면 두곡리 311-6
경상남도	합천군	송기 집하장	경상남도 합천군 청덕면 두곡리 515-7
경상남도	합천군	미곡(덕연) 집하장	경상남도 합천군 청덕면 미곡리 산 56-2
경상남도	합천군	외삼학 집하장	경상남도 합천군 청덕면 삼학리 45-1
경상남도	합천군	삼학 집하장	경상남도 합천군 청덕면 삼학리 600
경상남도	합천군	성태 폐비닐 집하장	경상남도 합천군 청덕면 성태리 1024-2, 1023-5
경상남도	합천군	소례 집하장	경상남도 합천군 청덕면 소례리 1075-5
경상남도	합천군	정산 집하장	경상남도 합천군 청덕면 소례리 870-2
경상남도	합천군	앙진 집하장	경상남도 합천군 청덕면 앙진리 1111-4
경상남도	합천군	유천 폐비닐 집하장	경상남도 합천군 청덕면 앙진리 42-8
경상남도	합천군	평촌 집하장	경상남도 합천군 청덕면 운봉리 190
경상남도	합천군	송정 집하장	경상남도 합천군 청덕면 운봉리 913
경상남도	합천군	적포 집하장	경상남도 합천군 청덕면 적포리 591
경상남도	합천군	하적포 집하장	경상남도 합천군 청덕면 적포리 919
경상남도	합천군	초곡 집하장	경상남도 합천군 청덕면 초곡리 833-20
경상남도	합천군	정동 집하장	경상남도 합천군 청덕면 초곡리 833-3
경상남도	합천군	대동마을 폐비닐집하장	경상남도 합천군 초계면 대동리 380-21
경상남도	합천군	대평마을 폐비닐 집하장	경상남도 합천군 초계면 대평리 161-1
경상남도	합천군	무릉마을 폐비닐집하장	경상남도 합천군 초계면 상대리 280
경상남도	합천군	정곡마을 폐비닐집하장	경상남도 합천군 초계면 신촌리 610
경상남도	합천군	원당마을 폐비닐집하장	경상남도 합천군 초계면 원당리 416-1
경상남도	합천군	유하마을 폐비닐집하장	경상남도 합천군 초계면 유하리 272-1
경상남도	합천군	중리마을 폐비닐집하장	경상남도 합천군 초계면 중리 417
경상남도	합천군	교촌마을 폐비닐집하장	경상남도 합천군 초계면 초계리 494
경상남도	합천군	각곡마을 폐비닐집하장	경상남도 합천군 초계면 택리 598-4
경상남도	합천군	보림 폐비닐 집하장	경상남도 합천군 합천읍 계림3길 54-4(서산리 1301-21)
경상남도	합천군	금양 폐비닐 집하장	경상남도 합천군 합천읍 금양리 274-2
경상남도	합천군	사동 폐비닐 집하장	경상남도 합천군 합천읍 금양리 857-5
경상남도	합천군	소사 폐비닐 집하장	경상남도 합천군 합천읍 내곡리 170
경상남도	합천군	내곡 폐비닐 집하장	경상남도 합천군 합천읍 내곡리 674-1
경상남도	합천군	서산 폐비닐 집하장	경상남도 합천군 합천읍 서산길 56(서산리 827)
경상남도	합천군	안계 폐비닐 집하장	경상남도 합천군 합천읍 서산리 산 174
경상남도	합천군	계림 폐비닐 집하장	경상남도 합천군 합천읍 서산리 산 216-2(계림경로당 옆)
경상남도	합천군	영창 폐비닐 집하장	경상남도 합천군 합천읍 영창리 853-6
경상남도	합천군	외곡 폐비닐 집하장	경상남도 합천군 합천읍 외곡리 405-1
경상남도	합천군	신평 폐비닐 집하장	경상남도 합천군 합천읍 외곡리 933-3
경상남도	합천군	법정 폐비닐 집하장	경상남도 합천군 합천읍 용계리 166-4
경상남도	합천군	관자 폐비닐 집하장	경상남도 합천군 합천읍 인곡리 1192-88 부근
경상남도	합천군	인곡 폐비닐 집하장	경상남도 합천군 합천읍 인곡리 629(인곡마을회관 옆)
경상남도	합천군	내기 폐비닐 집하장	경상남도 합천군 합천읍 장계리 1010-1
경상남도	합천군	장계 폐비닐 집하장	경상남도 합천군 합천읍 장계리 1186
경상남도	합천군	육정 폐비닐 집하장	경상남도 합천군 합천읍 장계리 산 195-1
경상북도	경산시	산전리 공동집하장	경상북도 경산시 남천면 산전리 406
경상북도	경산시	당리리 공동집하장	경상북도 경산시 압량읍 당리리 112-1
경상북도	경산시	신촌리 공동집하장	경상북도 경산시 압량읍 신촌리 341-2
경상북도	경산시	여천동 공동집하장	경상북도 경산시 여천동 672-2 다리인근
경상북도	경산시	덕천리 공동집하장	경상북도 경산시 용성면 덕천리 685-6
경상북도	경산시	용전리 공동집하장	경상북도 경산시 용성면 용전리 60-2
경상북도	경산시	용천리 공동집하장	경상북도 경산시 용성면 용천리 304-1
경상북도	경산시	임당동 공동집하장2	경상북도 경산시 임당동 898-1
경상북도	경산시	임당동 공동집하장1	경상북도 경산시 임당동 898-1
경상북도	경산시	교촌리 공동집하장	경상북도 경산시 자인면 교촌로 22-4
경상북도	경산시	보인리 공동집하장	경상북도 경산시 진량읍 보인리 7-4
경상북도	경산시	대곡리 공동집하장	경상북도 경산시 하양읍 대곡리 115-2
경상북도	경산시	한사리 공동집하장	경상북도 경산시 하양읍 한사들길 46
경상북도	경주시	영농폐기물 공동집하장	경상북도 경주시 갈곡리 275-2
경상북도	경주시	영농폐기물 공동집하장	경상북도 경주시 경감로 466-152(천군매립장 내)
경상북도	경주시	영농폐기물 공동집하장	경상북도 경주시 근계리 409-1
경상북도	경주시	영농폐기물 공동집하장	경상북도 경주시 내칠리 1996-1
경상북도	경주시	영농폐기물 공동집하장	경상북도 경주시 내칠리 516
경상북도	경주시	영농폐기물 공동집하장	경상북도 경주시 내칠리 516
경상북도	경주시	영농폐기물 공동집하장	경상북도 경주시 내칠리 516
경상북도	경주시	영농폐기물 공동집하장	경상북도 경주시 도계리 340번지
경상북도	경주시	영농폐기물 공동집하장	경상북도 경주시 도계리 8-2
경상북도	경주시	영농폐기물 공동집하장	경상북도 경주시 도리 399-3번지
경상북도	경주시	영농폐기물 공동집하장	경상북도 경주시 라원리 700-2
경상북도	경주시	영농폐기물 공동집하장	경상북도 경주시 모서1리 673 (수궁서당길 37-4)
경상북도	경주시	영농폐기물 공동집하장	경상북도 경주시 방내리 1299-1
경상북도	경주시	영농폐기물 공동집하장	경상북도 경주시 사라길
경상북도	경주시	영농폐기물 공동집하장	경상북도 경주시 사라리
경상북도	경주시	영농폐기물 공동집하장	경상북도 경주시 사방리 1008
경상북도	경주시	영농폐기물 공동집하장	경상북도 경주시 사방리 994-1
경상북도	경주시	영농폐기물 공동집하장	경상북도 경주시 사정동 372-2
경상북도	경주시	영농폐기물 공동집하장	경상북도 경주시 서오리 654-1
경상북도	경주시	영농폐기물 공동집하장	경상북도 경주시 서오리 산36
경상북도	경주시	영농폐기물 공동집하장	경상북도 경주시 성지중방길 7-4(성지리 224)
경상북도	경주시	영농폐기물 공동집하장	경상북도 경주시 시동 998-192
경상북도	경주시	영농폐기물 공동집하장	경상북도 경주시 심곡리 1172-49번지
경상북도	경주시	영농폐기물 공동집하장	경상북도 경주시 아화리 580-7
경상북도	경주시	영농폐기물 공동집하장	경상북도 경주시 어일리 1295-73
경상북도	경주시	영농폐기물 공동집하장	경상북도 경주시 옥산리 1667-2
경상북도	경주시	영농폐기물 공동집하장	경상북도 경주시 왕신리 726-1
경상북도	경주시	영농폐기물 공동집하장	경상북도 경주시 외칠리 산148-7, 148-10
경상북도	경주시	영농폐기물 공동집하장	경상북도 경주시 용명리 1534
경상북도	경주시	영농폐기물 공동집하장	경상북도 경주시 운대리 962-1번지
경상북도	경주시	영농폐기물 공동집하장	경상북도 경주시 유금1리 138-4
경상북도	경주시	영농폐기물 공동집하장	경상북도 경주시 유금리 1421-1
경상북도	경주시	영농폐기물 공동집하장	경상북도 경주시 유금리 1563-1
경상북도	경주시	영농폐기물 공동집하장	경상북도 경주시 육통리 1586
경상북도	경주시	영농폐기물 공동집하장	경상북도 경주시 육통리 1881-1
경상북도	경주시	영농폐기물 공동집하장	경상북도 경주시 의곡리 591-45
경상북도	경주시	영농폐기물 공동집하장	경상북도 경주시 이조중앙길 31
경상북도	경주시	영농폐기물 공동집하장	경상북도 경주시 천촌리 327-7
경상북도	경주시	영농폐기물 공동집하장	경상북도 경주시 탑동 145-4
경상북도	경주시	영농폐기물 공동집하장	경상북도 경주시 하서리 1081-1
경상북도	경주시	영농폐기물 공동집하장	경상북도 경주시 하서리 1081-1
경상북도	고령군	구곡1리집하장	경상북도 고령군 개진면 구곡리 829-2
경상북도	고령군	구곡2리집하장	경상북도 고령군 개진면 구곡리 990-6
경상북도	고령군	금천영농조합집하장	경상북도 고령군 개진면 반운리 604
경상북도	고령군	개진감자영농조합집하장	경상북도 고령군 개진면 부리 779-12
경상북도	고령군	양전1리집하장	경상북도 고령군 개진면 양전리 1146
경상북도	고령군	양전2리집하장	경상북도 고령군 개진면 양전리 194
경상북도	고령군	옥산리집하장	경상북도 고령군 개진면 옥산리 186-1
경상북도	고령군	다산영농폐비닐집하장	경상북도 고령군 다산면 좌학리 1000
경상북도	고령군	본관폐비닐집하장	경상북도 고령군 대가야읍 본관리 483-1
경상북도	고령군	일량폐비닐 집하장	경상북도 고령군 대가야읍 외리 21
경상북도	고령군	낫질폐비닐 집하장	경상북도 고령군 대가야읍 저전리 888-157
경상북도	고령군	덕곡폐비닐 집하장	경상북도 고령군 덕곡면 예리 273
경상북도	고령군	어곡리 영농폐비닐집하장	경상북도 고령군 성산면 기족리 969
경상북도	고령군	득성리 영농폐비닐집하장	경상북도 고령군 성산면 득성리 75일원
경상북도	고령군	강정 영농폐비닐집하장	경상북도 고령군 성산면 박곡리 649
경상북도	고령군	박곡1리 영농폐비닐집하장	경상북도 고령군 성산면 박곡리 699-14일원
경상북도	고령군	삼대1리 영농폐비닐 집하장(성산면 새마을회)	경상북도 고령군 성산면 삼대리 139-2
경상북도	고령군	삼대2리 영농폐비닐집하장	경상북도 고령군 성산면 삼대리 253-1
경상북도	고령군	용소리 영농폐비닐 집하장	경상북도 고령군 성산면 용소리 835-47 일원
경상북도	고령군	귀원 영농폐비닐집하장	경상북도 고령군 쌍림면 귀원리 253-1
경상북도	고령군	신촌 영농폐비닐집하장	경상북도 고령군 쌍림면 신촌리 122-4
경상북도	고령군	신촌리 영농폐비닐집하장	경상북도 고령군 쌍림면 신촌리 665-126
경상북도	고령군	안림 영농폐비닐집하장	경상북도 고령군 쌍림면 안림리 176-3
경상북도	고령군	객기리 영농폐비닐집하장	경상북도 고령군 우곡면 객기리 122-6(제방위)
경상북도	고령군	답곡2리 영농폐비닐집하장	경상북도 고령군 우곡면 답곡리 644-3
경상북도	고령군	대곡리 영농폐비닐집하장	경상북도 고령군 우곡면 대곡리 산 14
경상북도	고령군	봉산2리 영농폐비닐집하장	경상북도 고령군 우곡면 봉산리 1195-1
경상북도	고령군	봉산1리 영농폐비닐집하장	경상북도 고령군 우곡면 봉산리 259
경상북도	고령군	사촌리 영농폐비닐집하장	경상북도 고령군 우곡면 사촌리 1147
경상북도	고령군	야정황성 영농폐비닐집하장	경상북도 고령군 우곡면 사촌리 899-15
경상북도	고령군	야정리 영농폐비닐집하장	경상북도 고령군 우곡면 야정리 435
경상북도	고령군	연리 영농폐비닐집하장	경상북도 고령군 우곡면 연리 442-2
경상북도	고령군	예곡리 영농폐비닐집하장	경상북도 고령군 우곡면 예곡리 718
경상북도	고령군	월오리 영농폐비닐집하장	경상북도 고령군 우곡면 월오리 398-5
경상북도	고령군	포리 영농폐비닐집하장	경상북도 고령군 우곡면 포리 1121
경상북도	고령군	대평리 영농폐비닐집하장	경상북도 고령군 운수면 대평리 599-1
경상북도	고령군	봉평리 영농폐비닐집하장	경상북도 고령군 운수면 봉평리 579-1
경상북도	고령군	운산리 영농폐비닐집하장	경상북도 고령군 운수면 운산리 산 45
경상북도	고령군	월산리 영농폐비닐집하장	경상북도 고령군 운수면 월산리 245-2
경상북도	고령군	화암2리 영농폐비닐집하장	경상북도 고령군 운수면 화암리 1196-101
경상북도	고령군	화암1리 영농폐비닐집하장	경상북도 고령군 운수면 화암리 148
경상북도	구미시	괴평3리집하장	경상북도 구미시 고아읍 괴평리 1112-532
경상북도	구미시	대망2리마을회	경상북도 구미시 고아읍 대망리  684-3
경상북도	구미시	대망리영농회	경상북도 구미시 고아읍 대망리 822-1
경상북도	구미시	신촌리집하장	경상북도 구미시 고아읍 신촌2길 95
경상북도	구미시	신촌리집하장	경상북도 구미시 고아읍 신촌리 755
경상북도	구미시	예강2리집하장	경상북도 구미시 고아읍 예강2리 255-5
경상북도	구미시	예강1리집하장	경상북도 구미시 고아읍 예강리 1217
경상북도	구미시	오로리집하장	경상북도 구미시 고아읍 오로4길16
경상북도	구미시	외예리	경상북도 구미시 고아읍 외예리 46
경상북도	구미시	관심2리집하장	경상북도 구미시 고아읍 이례리 563(관심리)
경상북도	구미시	황산리부녀회	경상북도 구미시 고아읍 황산리 107
경상북도	구미시	횡산리말골	경상북도 구미시 고아읍 횡산리 258
경상북도	구미시	횡산리집하장	경상북도 구미시 고아읍 횡산리 364-8
경상북도	구미시	다곡1리집하장	경상북도 구미시 도개면 다곡리  765-1
경상북도	구미시	다곡1리집하장	경상북도 구미시 도개면 다곡리 765-1
경상북도	구미시	다곡2리 집하장	경상북도 구미시 도개면 다곡리 산75-8
경상북도	구미시	도개1리집하장	경상북도 구미시 도개면 도개리 924-3
경상북도	구미시	동산리집하장	경상북도 구미시 도개면 동산리 776
경상북도	구미시	신곡리집하장	경상북도 구미시 도개면 신곡리 802-1
경상북도	구미시	신림리영농회	경상북도 구미시 도개면 신림리 647
경상북도	구미시	월림1리집하장	경상북도 구미시 도개면 월림리 894-4
경상북도	구미시	무이리마을회	경상북도 구미시 무을면 무이1길 27
경상북도	구미시	안곡1리마을회	경상북도 구미시 무을면 안곡리 557-1
경상북도	구미시	원2리마을회	경상북도 구미시 무을면 원리 1062-1
경상북도	구미시	부곡동	경상북도 구미시 부곡동 597-6(진줄)
경상북도	구미시	임천리집하장	경상북도 구미시 산동읍 1090-1
경상북도	구미시	동곡리집하장	경상북도 구미시 산동읍 동곡리 381
경상북도	구미시	백현2리집하장	경상북도 구미시 산동읍 백현리 1151(백현리313-2 옆)
경상북도	구미시	백현1리집하장	경상북도 구미시 산동읍 백현리 산48(백현리 694옆)
경상북도	구미시	송산리집하장	경상북도 구미시 산동읍 송산리 704(송산리 281-3옆)
경상북도	구미시	임천리집하장	경상북도 구미시 산동읍 임천리 1090-1(임천리1090-22옆)
경상북도	구미시	선기2동	경상북도 구미시 선기동 747-121
경상북도	구미시	선기1동	경상북도 구미시 선기동 800-4(오릿골)
경상북도	구미시	독동리집하장	경상북도 구미시 선산읍 독동리 464
경상북도	구미시	봉남1리집하장	경상북도 구미시 선산읍 봉남1리 387-2  회관앞
경상북도	구미시	봉남2리집하장	경상북도 구미시 선산읍 봉남리 909-1(636앞공터)
경상북도	구미시	북산1리집하장	경상북도 구미시 선산읍 북산리 730-1
경상북도	구미시	생곡리영농집하장	경상북도 구미시 선산읍 생곡리 904-18(구거)
경상북도	구미시	소재리영농집하장	경상북도 구미시 선산읍 소재리 29-2 (마을앞도로변)
경상북도	구미시	습례1리집하장	경상북도 구미시 선산읍 습례리 195-4 부근
경상북도	구미시	습례리집하장	경상북도 구미시 선산읍 습례리 401-2
경상북도	구미시	습례1리집하장	경상북도 구미시 선산읍 습례리 832
경상북도	구미시	원2리새마을회	경상북도 구미시 선산읍 원2리 1080번지(239번지선)
경상북도	구미시	원3리영농회	경상북도 구미시 선산읍 원3리(관심리827-10)
경상북도	구미시	시설원예작목반장폐비닐집하장	경상북도 구미시 양호동 591-37
경상북도	구미시	구봉2리집하장	경상북도 구미시 옥성면 구봉리 703
경상북도	구미시	구봉1리집하장	경상북도 구미시 옥성면 구봉리 746-71
경상북도	구미시	농소1리집하장	경상북도 구미시 옥성면 농소리 126-1
경상북도	구미시	덕촌2리집하장	경상북도 구미시 옥성면 덕촌리 99-5
경상북도	구미시	옥관1리집하장	경상북도 구미시 옥성면 옥관리 594-1
경상북도	구미시	금산리집하장	경상북도 구미시 장천면 금산리 산 106
경상북도	구미시	상림리집하장	경상북도 구미시 장천면 상림리 670-29
경상북도	구미시	상장리집하장	경상북도 구미시 장천면 상장리 942-1
경상북도	구미시	여남리집하장	경상북도 구미시 장천면 여남리 1007
경상북도	구미시	오로1리집하장	경상북도 구미시 장천면 오로리 1863
경상북도	구미시	괴곡2리집하장	경상북도 구미시 해평면 괴곡4길 41-2 부근
경상북도	구미시	문량2리집하장	경상북도 구미시 해평면 문량리 143-1
경상북도	구미시	문량1리집하장	경상북도 구미시 해평면 문량리 산 31
경상북도	구미시	금산1리집하장	경상북도 구미시 해평면 소상길 60 부근
경상북도	구미시	오상리영농회	경상북도 구미시 해평면 오상리 마을회관옆(오상4길3)
경상북도	김천시	폐비닐 공동집하장	경상북도 김천시 가례리 455-3
경상북도	김천시	폐비닐 공동집하장	경상북도 김천시 강곡리 15
경상북도	김천시	폐비닐 공동집하장	경상북도 김천시 강곡리 817-2
경상북도	김천시	폐비닐 공동집하장	경상북도 김천시 거물리 168-2
경상북도	김천시	폐비닐 공동집하장	경상북도 김천시 거물리 374-4
경상북도	김천시	폐비닐 공동집하장	경상북도 김천시 관기리 1076-1
경상북도	김천시	폐비닐 공동집하장	경상북도 김천시 관기리 194-2
경상북도	김천시	폐비닐 공동집하장	경상북도 김천시 관덕리 219-4
경상북도	김천시	폐비닐 공동집하장	경상북도 김천시 광명리 168
경상북도	김천시	폐비닐 공동집하장	경상북도 김천시 광명리 593-3
경상북도	김천시	폐비닐 공동집하장	경상북도 김천시 광명리 673-10
경상북도	김천시	폐비닐 공동집하장	경상북도 김천시 광천리 1305-14(광천2리)
경상북도	김천시	폐비닐 공동집하장	경상북도 김천시 교리 347-1
경상북도	김천시	폐비닐 공동집하장	경상북도 김천시 구례리 115-3
경상북도	김천시	폐비닐 공동집하장	경상북도 김천시 구례리 548
경상북도	김천시	폐비닐 공동집하장	경상북도 김천시 구례리 673-4
경상북도	김천시	폐비닐 공동집하장	경상북도 김천시 구미리 126-5
경상북도	김천시	폐비닐 공동집하장	경상북도 김천시 구미리 512
경상북도	김천시	폐비닐 공동집하장	경상북도 김천시 구성면 금평리 527-3
경상북도	김천시	폐비닐 공동집하장	경상북도 김천시 구야리 319-2
경상북도	김천시	폐비닐 공동집하장	경상북도 김천시 국사리 175-1(국사1리)
경상북도	김천시	폐비닐 공동집하장	경상북도 김천시 군자리 480-5
경상북도	김천시	폐비닐 공동집하장	경상북도 김천시 군자리 721
경상북도	김천시	폐비닐 공동집하장	경상북도 김천시 금곡리 1196
경상북도	김천시	폐비닐 공동집하장	경상북도 김천시 금곡리 1219
경상북도	김천시	폐비닐 공동집하장	경상북도 김천시 금곡리 545-1
경상북도	김천시	폐비닐 공동집하장	경상북도 김천시 금라리 615
경상북도	김천시	폐비닐 공동집하장	경상북도 김천시 금라리 976
경상북도	김천시	폐비닐 공동집하장	경상북도 김천시 금평리 662
경상북도	김천시	폐비닐 공동집하장	경상북도 김천시 남곡리 722-2
경상북도	김천시	폐비닐 공동집하장	경상북도 김천시 남산리 623-7
경상북도	김천시	폐비닐 공동집하장	경상북도 김천시 남전리 1068-17(광천1리)
경상북도	김천시	폐비닐 공동집하장	경상북도 김천시 내감리 425-3
경상북도	김천시	폐비닐 공동집하장	경상북도 김천시 능치리 812
경상북도	김천시	폐비닐 공동집하장	경상북도 김천시 다남리 산 10
경상북도	김천시	폐비닐 공동집하장	경상북도 김천시 다수동 51-1
경상북도	김천시	폐비닐 공동집하장	경상북도 김천시 대광동 산86(묘광)
경상북도	김천시	폐비닐 공동집하장	경상북도 김천시 대덕면 관기리 765-1
경상북도	김천시	폐비닐 공동집하장	경상북도 김천시 대덕면 대리 844
경상북도	김천시	폐비닐 공동집하장	경상북도 김천시 대신리 1130-4(대신1리)
경상북도	김천시	폐비닐 공동집하장	경상북도 김천시 대신리 560-1(대신3리)
경상북도	김천시	폐비닐 공동집하장	경상북도 김천시 대야리 421
경상북도	김천시	폐비닐 공동집하장	경상북도 김천시 대양리 954-1(대양2리)
경상북도	김천시	폐비닐 공동집하장	경상북도 김천시 대양리 산117(대양1리)
경상북도	김천시	폐비닐 공동집하장	경상북도 김천시 대율리 290
경상북도	김천시	폐비닐 공동집하장	경상북도 김천시 덕남리 995
경상북도	김천시	폐비닐 공동집하장	경상북도 김천시 덕남리 996-1(느티나무 밑)
경상북도	김천시	폐비닐 공동집하장	경상북도 김천시 덕마리 804-1
경상북도	김천시	폐비닐 공동집하장	경상북도 김천시 덕산리 1270-2
경상북도	김천시	폐비닐 공동집하장	경상북도 김천시 덕산리 776-1
경상북도	김천시	폐비닐 공동집하장	경상북도 김천시 덕촌리 119(덕촌3리)
경상북도	김천시	폐비닐 공동집하장	경상북도 김천시 덕촌리 324(덕촌2리)
경상북도	김천시	폐비닐 공동집하장	경상북도 김천시 덕촌리 914-1(덕촌1리)
경상북도	김천시	폐비닐 공동집하장	경상북도 김천시 도곡리 432
경상북도	김천시	폐비닐 공동집하장	경상북도 김천시 도명리 166-1
경상북도	김천시	폐비닐 공동집하장	경상북도 김천시 동안리 39-4
경상북도	김천시	폐비닐 공동집하장	경상북도 김천시 동좌리 851-1
경상북도	김천시	폐비닐 공동집하장	경상북도 김천시 두산리 329-2
경상북도	김천시	폐비닐 공동집하장	경상북도 김천시 문당동 607-1(당곡마을회)
경상북도	김천시	폐비닐 공동집하장	경상북도 김천시 문무리 804-3
경상북도	김천시	폐비닐 공동집하장	경상북도 김천시 문의리 625
경상북도	김천시	폐비닐 공동집하장	경상북도 김천시 문의리 산30-1, 30-2
경상북도	김천시	폐비닐 공동집하장	경상북도 김천시 미평리 112-2
경상북도	김천시	폐비닐 공동집하장	경상북도 김천시 보광리 281-1
경상북도	김천시	폐비닐 공동집하장	경상북도 김천시 봉곡리 1512-1
경상북도	김천시	폐비닐 공동집하장	경상북도 김천시 부항리 산8-16
경상북도	김천시	폐비닐 공동집하장	경상북도 김천시 부항면 파천리 1085
경상북도	김천시	폐비닐 공동집하장	경상북도 김천시 사등리 709-2
경상북도	김천시	폐비닐 공동집하장	경상북도 김천시 사등리 897
경상북도	김천시	폐비닐 공동집하장	경상북도 김천시 삼산리 689-43
경상북도	김천시	폐비닐 공동집하장	경상북도 김천시 상부리 728-40
경상북도	김천시	폐비닐 공동집하장	경상북도 김천시 상원리 234-17
경상북도	김천시	폐비닐 공동집하장	경상북도 김천시 상좌원리 308
경상북도	김천시	폐비닐 공동집하장	경상북도 김천시 서부리 238-2
경상북도	김천시	폐비닐 공동집하장	경상북도 김천시 성촌리 573-1(북성)
경상북도	김천시	폐비닐 공동집하장	경상북도 김천시 송북리 203
경상북도	김천시	폐비닐 공동집하장	경상북도 김천시 송죽리 403-1
경상북도	김천시	폐비닐 공동집하장	경상북도 김천시 송천리 1366-1(송천3리)
경상북도	김천시	폐비닐 공동집하장	경상북도 김천시 송천리 182
경상북도	김천시	폐비닐 공동집하장	경상북도 김천시 송천리 86(송천1리)
경상북도	김천시	폐비닐 공동집하장	경상북도 김천시 수도리 산13
경상북도	김천시	폐비닐 공동집하장	경상북도 김천시 신룡리 550(신룡1리)
경상북도	김천시	폐비닐 공동집하장	경상북도 김천시 신안리 290
경상북도	김천시	폐비닐 공동집하장	경상북도 김천시 신안리 425
경상북도	김천시	폐비닐 공동집하장	경상북도 김천시 신안리 757-2
경상북도	김천시	폐비닐 공동집하장	경상북도 김천시 신촌리 434-1
경상북도	김천시	폐비닐 공동집하장	경상북도 김천시 신평리 510-3
경상북도	김천시	폐비닐 공동집하장	경상북도 김천시 양천동 850-3
경상북도	김천시	폐비닐 공동집하장	경상북도 김천시 양천리 402-3
경상북도	김천시	폐비닐 공동집하장	경상북도 김천시 어모면 옥계리 112
경상북도	김천시	폐비닐 공동집하장	경상북도 김천시 어전리 261-2(정자나무 옆))
경상북도	김천시	폐비닐 공동집하장	경상북도 김천시 어전리 624-1
경상북도	김천시	폐비닐 공동집하장	경상북도 김천시 연화리 1052
경상북도	김천시	폐비닐 공동집하장	경상북도 김천시 연화리 1295-1
경상북도	김천시	폐비닐 공동집하장	경상북도 김천시 예리 1002-1(예2리)
경상북도	김천시	폐비닐 공동집하장	경상북도 김천시 예지리 210
경상북도	김천시	폐비닐 공동집하장	경상북도 김천시 외감리 906
경상북도	김천시	폐비닐 공동집하장	경상북도 김천시 운곡리 1125-46(송곡1리)
경상북도	김천시	폐비닐 공동집하장	경상북도 김천시 운남리 1014(운남1리)
경상북도	김천시	폐비닐 공동집하장	경상북도 김천시 울곡리 542-1
경상북도	김천시	폐비닐 공동집하장	경상북도 김천시 월곡리 350
경상북도	김천시	폐비닐 공동집하장	경상북도 김천시 유성리 281
경상북도	김천시	폐비닐 공동집하장	경상북도 김천시 유성리 483
경상북도	김천시	폐비닐 공동집하장	경상북도 김천시 은기리 539
경상북도	김천시	폐비닐 공동집하장	경상북도 김천시 은림리 509(본리)
경상북도	김천시	폐비닐 공동집하장	경상북도 김천시 은림리 700(상군)
경상북도	김천시	폐비닐 공동집하장	경상북도 김천시 응명동 206-6(매목)
경상북도	김천시	폐비닐 공동집하장	경상북도 김천시 의리 471(의2리)
경상북도	김천시	폐비닐 공동집하장	경상북도 김천시 의리 523-2(의1리)
경상북도	김천시	폐비닐 공동집하장	경상북도 김천시 임천리 363-1
경상북도	김천시	폐비닐 공동집하장	경상북도 김천시 임천리 433-1
경상북도	김천시	폐비닐 공동집하장	경상북도 김천시 장암리 95
경상북도	김천시	폐비닐 공동집하장	경상북도 김천시 장전리 661-1
경상북도	김천시	폐비닐 공동집하장	경상북도 김천시 제석리 692(제석1리)
경상북도	김천시	폐비닐 공동집하장	경상북도 김천시 조룡리 1093
경상북도	김천시	폐비닐 공동집하장	경상북도 김천시 조룡리 405-1
경상북도	김천시	폐비닐 공동집하장	경상북도 김천시 조마면 장암리 59-11
경상북도	김천시	폐비닐 공동집하장	경상북도 김천시 중산리 268
경상북도	김천시	폐비닐 공동집하장	경상북도 김천시 중산리 862
경상북도	김천시	폐비닐 공동집하장	경상북도 김천시 지좌리 382
경상북도	김천시	폐비닐 공동집하장	경상북도 김천시 추량리 1020
경상북도	김천시	폐비닐 공동집하장	경상북도 김천시 추량리 973
경상북도	김천시	폐비닐 공동집하장	경상북도 김천시 태촌리 502-4
경상북도	김천시	폐비닐 공동집하장	경상북도 김천시 파천리 172
경상북도	김천시	폐비닐 공동집하장	경상북도 김천시 평촌리 181
경상북도	김천시	폐비닐 공동집하장	경상북도 김천시 하대리 526-1
경상북도	김천시	폐비닐 공동집하장	경상북도 김천시 해인리 19
경상북도	김천시	폐비닐 공동집하장	경상북도 김천시 향천리 447-2
경상북도	김천시	폐비닐 공동집하장	경상북도 김천시 호동4길 86(덕곡동)
경상북도	김천시	폐비닐 공동집하장	경상북도 김천시 화전리 341
경상북도	김천시	폐비닐 공동집하장	경상북도 김천시 화전리 705-3
경상북도	김천시	폐비닐 공동집하장	경상북도 김천시 화전리 906
경상북도	김천시	폐비닐 공동집하장	경상북도 김천시 황계리 818-1(황계1리)
경상북도	김천시	폐비닐 공동집하장	경상북도 김천시 황점리 450
경상북도	김천시	폐비닐 공동집하장	경상북도 김천시 황정리 713(마을회관앞)
경상북도	김천시	폐비닐 공동집하장	경상북도 김천시 황항리 325-1
경상북도	김천시	폐비닐 공동집하장	경상북도 김천시 희곡리 607
경상북도	문경시	영농폐비닐 공동집하장	경상북도 문경시 가은읍 갈전리 1014-9
경상북도	문경시	영농폐비닐 공동집하장	경상북도 문경시 가은읍 민지리 198-2
경상북도	문경시	영농폐비닐 공동집하장	경상북도 문경시 가은읍 민지리 275-4
경상북도	문경시	영농폐비닐 공동집하장	경상북도 문경시 가은읍 민지리 400-2
경상북도	문경시	영농폐비닐 공동집하장	경상북도 문경시 가은읍 성유리 6
경상북도	문경시	영농폐비닐 공동집하장	경상북도 문경시 가은읍 성유리 70-2
경상북도	문경시	영농폐비닐 공동집하장	경상북도 문경시 가은읍 성저리 231
경상북도	문경시	영농폐비닐 공동집하장	경상북도 문경시 가은읍 성저리 68
경상북도	문경시	영농폐비닐 공동집하장	경상북도 문경시 가은읍 수예리 56-2
경상북도	문경시	영농폐비닐 공동집하장	경상북도 문경시 가은읍 작천리 345
경상북도	문경시	영농폐비닐 공동집하장	경상북도 문경시 가은읍 작천리 721-3
경상북도	문경시	영농폐비닐 공동집하장	경상북도 문경시 가은읍 전곡리 422
경상북도	문경시	영농폐비닐 공동집하장	경상북도 문경시 가은읍 전곡리 807-7
경상북도	문경시	영농폐비닐 공동집하장	경상북도 문경시 가은읍 전곡리 912
경상북도	문경시	영농폐비닐 공동집하장	경상북도 문경시 가은읍 하괴리 93-1
경상북도	문경시	갈동1리 공동집하장	경상북도 문경시 농암면 갈동리 666-2
경상북도	문경시	갈동2리 공동집하장	경상북도 문경시 농암면 갈동리 666-8
경상북도	문경시	궁기1리 공동집하장	경상북도 문경시 농암면 궁기리 15-1
경상북도	문경시	궁기2리 공동집하장	경상북도 문경시 농암면 궁기리 2-10
경상북도	문경시	내서1리 공동집하장	경상북도 문경시 농암면 내서리 137
경상북도	문경시	내서2리 서재 공동집하장	경상북도 문경시 농암면 내서리 632
경상북도	문경시	내서2리 공동집하장	경상북도 문경시 농암면 내서리 793
경상북도	문경시	내서1리 광정 공동집하장	경상북도 문경시 농암면 내서리 835
경상북도	문경시	농암리 공동집하장	경상북도 문경시 농암면 농암리 산6-3
경상북도	문경시	사현리 공동집하장	경상북도 문경시 농암면 사현리 236-1
경상북도	문경시	선곡1리 공동집하장	경상북도 문경시 농암면 선곡리 248-3
경상북도	문경시	선곡2리 공동집하장	경상북도 문경시 농암면 선곡리 78
경상북도	문경시	연천2리 공동집하장	경상북도 문경시 농암면 연천리 664
경상북도	문경시	연천1리 공동집하장	경상북도 문경시 농암면 연천리 727
경상북도	문경시	율수1리 공동집하장	경상북도 문경시 농암면 율수리 103-3
경상북도	문경시	율수2리 공동집하장	경상북도 문경시 농암면 율수리 355-1
경상북도	문경시	종곡3리 공동집하장	경상북도 문경시 농암면 종곡리 57
경상북도	문경시	종곡3리 공동집하장	경상북도 문경시 농암면 종곡리 산 1-8, 126-3
경상북도	문경시	지동2리 공동집하장	경상북도 문경시 농암면 지동리 106-4
경상북도	문경시	지동1리 공동집하장	경상북도 문경시 농암면 지동리 228-3
경상북도	문경시	화산1리 공동집하장	경상북도 문경시 농암면 화산리 224-6
경상북도	문경시	화산2리 공동집하장	경상북도 문경시 농암면 화산리 360-6
경상북도	문경시	영농폐비닐 공동집하장	경상북도 문경시 마성면 남호리 650-19
경상북도	문경시	영농폐비닐 공동집하장	경상북도 문경시 마성면 상내리 818
경상북도	문경시	영농폐비닐 공동집하장	경상북도 문경시 마성면 외어리 126-13
경상북도	문경시	영농폐비닐 공동집하장	경상북도 문경시 마성면 외어리 607-3
경상북도	문경시	영농폐비닐 공동집하장	경상북도 문경시 마성면 정리 103
경상북도	문경시	영농폐비닐 공동집하장	경상북도 문경시 마성면 정리 174-2
경상북도	문경시	영농폐비닐 공동집하장	경상북도 문경시 마성면 하내리 1071
경상북도	문경시	영농폐비닐 공동집하장	경상북도 문경시 문경시 동로면 간송리 132-2
경상북도	문경시	영농폐비닐 공동집하장	경상북도 문경시 문경시 동로면 마광리 607-2
경상북도	문경시	영농폐비닐 공동집하장	경상북도 문경시 문경시 동로면 명전리 산 37
경상북도	문경시	영농폐비닐 공동집하장	경상북도 문경시 문경시 동로면 명전리 산 55
경상북도	문경시	영농폐비닐 공동집하장	경상북도 문경시 문경시 동로면 인곡리 211
경상북도	문경시	영농폐비닐 공동집하장	경상북도 문경시 문경읍 갈평리 737-33
경상북도	문경시	영농폐비닐 공동집하장	경상북도 문경시 문경읍 마원리 681-1
경상북도	문경시	영농폐비닐 공동집하장	경상북도 문경시 산북면 거산리 277-1
경상북도	문경시	영농폐비닐 공동집하장	경상북도 문경시 산북면 대하리 498-5
경상북도	문경시	영농폐비닐 공동집하장	경상북도 문경시 산북면 석봉리 1116-1
경상북도	문경시	영농폐비닐 공동집하장	경상북도 문경시 산북면 소야리 206
경상북도	문경시	영농폐비닐 공동집하장	경상북도 문경시 산북면 우곡리 231-7
경상북도	문경시	영농폐비닐 공동집하장	경상북도 문경시 산북면 지내리 153-4
경상북도	문경시	영농폐비닐 공동집하장	경상북도 문경시 산북면 흑송리 145-3
경상북도	문경시	영농폐비닐 공동집하장	경상북도 문경시 산북면 흑송리 486
경상북도	문경시	봉정리 공동집하장	경상북도 문경시 산양면 봉정리 582-1
경상북도	문경시	연소리 공동집하장	경상북도 문경시 산양면 연소리 515-15
경상북도	문경시	위만리 공동집하장	경상북도 문경시 산양면 위만리 54-3
경상북도	문경시	존도리 공동집하장	경상북도 문경시 산양면 존도리 694-4
경상북도	문경시	영농폐비닐 공동집하장	경상북도 문경시 영순면 금림리 508-22
경상북도	문경시	영농폐비닐 공동집하장	경상북도 문경시 영순면 달지리 385-2
경상북도	문경시	영농폐비닐 공동집하장	경상북도 문경시 영순면 말응리 434
경상북도	문경시	영농폐비닐 공동집하장	경상북도 문경시 영순면 말응리 548-6
경상북도	문경시	영농폐비닐 공동집하장	경상북도 문경시 영순면 말응리 산 28
경상북도	문경시	영농폐비닐 공동집하장	경상북도 문경시 영순면 사근리 1170
경상북도	문경시	영농폐비닐 공동집하장	경상북도 문경시 영순면 오룡리 458-7
경상북도	문경시	영농폐비닐 공동집하장	경상북도 문경시 영순면 왕태리 789
경상북도	문경시	영농폐비닐 공동집하장	경상북도 문경시 영순면 율곡리 1073-4
경상북도	문경시	영농폐비닐 공동집하장	경상북도 문경시 영순면 율곡리 157-7
경상북도	문경시	영농폐비닐 공동집하장	경상북도 문경시 영순면 의곡리 364-4
경상북도	문경시	영농폐비닐 공동집하장	경상북도 문경시 영순면 이목리 159-2
경상북도	문경시	영농폐비닐 공동집하장	경상북도 문경시 영순면 이목리 368
경상북도	문경시	영농폐비닐 공동집하장	경상북도 문경시 영신동 725
경상북도	문경시	영농폐비닐 공동집하장	경상북도 문경시 점촌3동 우지동 325
경상북도	문경시	영농폐비닐 공동집하장	경상북도 문경시 점촌3동 창동 363
경상북도	문경시	영농폐비닐 공동집하장	경상북도 문경시 호계면 가도리 178-2
경상북도	문경시	영농폐비닐 공동집하장	경상북도 문경시 호계면 가도리 178-2
경상북도	문경시	영농폐비닐 공동집하장	경상북도 문경시 호계면 막곡리 17-2
경상북도	문경시	영농폐비닐 공동집하장	경상북도 문경시 호계면 봉서리 152
경상북도	문경시	영농폐비닐 공동집하장	경상북도 문경시 호계면 부곡리 312-1
경상북도	봉화군	고감1리마을회	경상북도 봉화군 명호면 고감1리 113
경상북도	봉화군	새마영농회	경상북도 봉화군 명호면 고감2리 703-2, 1434
경상북도	봉화군	고감2리새마을회	경상북도 봉화군 명호면 고감2리 산36-1, 1074-1
경상북도	봉화군	고계1리부녀회	경상북도 봉화군 명호면 고계1리 578-4
경상북도	봉화군	고계2리청년회	경상북도 봉화군 명호면 고계2리 299
경상북도	봉화군	고계2리마을회	경상북도 봉화군 명호면 고계2리 779
경상북도	봉화군	관창1리부녀회	경상북도 봉화군 명호면 관창1리 1162
경상북도	봉화군	관창2리부녀회	경상북도 봉화군 명호면 관창2리 111-2
경상북도	봉화군	관창2리부녀회	경상북도 봉화군 명호면 관창2리 산265
경상북도	봉화군	도천1리부녀회	경상북도 봉화군 명호면 도천1리 189-1
경상북도	봉화군	도천2리새마을회	경상북도 봉화군 명호면 도천2리 1135-11
경상북도	봉화군	도천2리새마을회	경상북도 봉화군 명호면 도천2리 1245-10
경상북도	봉화군	도천2리새마을회	경상북도 봉화군 명호면 도천2리 임1069, 1245-10
경상북도	봉화군	도천3리새마을회	경상북도 봉화군 명호면 도천3리 산58
경상북도	봉화군	도천4리부녀회	경상북도 봉화군 명호면 도천4리 357-2
경상북도	봉화군	도천1리부녀회	경상북도 봉화군 명호면 도천리 288
경상북도	봉화군	북곡리부녀회	경상북도 봉화군 명호면 북곡리 514
경상북도	봉화군	삼동1리부녀회	경상북도 봉화군 명호면 삼동1리 911-1, 1574
경상북도	봉화군	삼동2리부녀회	경상북도 봉화군 명호면 삼동2리 621-1
경상북도	봉화군	쌍현영농회	경상북도 봉화군 명호면 양곡1리 33-6
경상북도	봉화군	갓골영농회	경상북도 봉화군 명호면 양곡1리 산163
경상북도	봉화군	양곡2리부녀회	경상북도 봉화군 명호면 양곡2리 1032
경상북도	봉화군	풍호2리영농회	경상북도 봉화군 명호면 풍호2리 972
경상북도	봉화군	퐁호1리마을회	경상북도 봉화군 명호면 풍호리 174-3
경상북도	봉화군	가평1리부녀회	경상북도 봉화군 물야면 가평1리 200-2
경상북도	봉화군	가평1리부녀회	경상북도 봉화군 물야면 가평1리 516-1, 516-2
경상북도	봉화군	가평2리부녀회	경상북도 봉화군 물야면 가평2리 1631-11
경상북도	봉화군	개단1리부녀회	경상북도 봉화군 물야면 개단1리 200-1
경상북도	봉화군	개단2리부녀회	경상북도 봉화군 물야면 개단2리 1663
경상북도	봉화군	개단3리부녀회	경상북도 봉화군 물야면 개단3리 447
경상북도	봉화군	개단3리부녀회	경상북도 봉화군 물야면 개단3리 990-4
경상북도	봉화군	개단리	경상북도 봉화군 물야면 개단리 1145-1
경상북도	봉화군	개단2리부녀회	경상북도 봉화군 물야면 개단리 696, 679-1
경상북도	봉화군	두문1리부녀회	경상북도 봉화군 물야면 두문1리 41-8
경상북도	봉화군	두문2리부녀회	경상북도 봉화군 물야면 두문2리 556
경상북도	봉화군	북지1리부녀회	경상북도 봉화군 물야면 북지1리 482
경상북도	봉화군	북지2리부녀회	경상북도 봉화군 물야면 북지2리 1375-47
경상북도	봉화군	북지3리부녀회	경상북도 봉화군 물야면 북지3리 1348-1
경상북도	봉화군	북지2리부녀회	경상북도 봉화군 물야면 북지3리 83-3
경상북도	봉화군	북지3리부녀회	경상북도 봉화군 물야면 북지3리 산169-3
경상북도	봉화군	북지4리새마을회	경상북도 봉화군 물야면 북지4리 1376외 3필지
경상북도	봉화군	북지4리부녀회	경상북도 봉화군 물야면 북지4리 795-2
경상북도	봉화군	북지4리새마을회	경상북도 봉화군 물야면 북지리 1375-47
경상북도	봉화군	수식1리부녀회	경상북도 봉화군 물야면 수식1리 342-4
경상북도	봉화군	수식2리부녀회	경상북도 봉화군 물야면 수식2리 1309
경상북도	봉화군	수식2리부녀회	경상북도 봉화군 물야면 수식2리 708-4
경상북도	봉화군	수식1리부녀회	경상북도 봉화군 물야면 수식리 121-2
경상북도	봉화군	압동1리부녀회	경상북도 봉화군 물야면 압동1리 504
경상북도	봉화군	조양동영농회	경상북도 봉화군 물야면 압동2리 560-1,559-2
경상북도	봉화군	압동3리부녀회	경상북도 봉화군 물야면 압동리 183-1
경상북도	봉화군	압동리	경상북도 봉화군 물야면 압동리 337-2
경상북도	봉화군	오록1리창마회	경상북도 봉화군 물야면 오록1리 635
경상북도	봉화군	오록4리부녀회	경상북도 봉화군 물야면 오록4리 1024
경상북도	봉화군	오록리	경상북도 봉화군 물야면 오록리 411-2
경상북도	봉화군	오록2리부녀회	경상북도 봉화군 물야면 오록리 446-3
경상북도	봉화군	오전1리부녀회	경상북도 봉화군 물야면 오전1리 714-1
경상북도	봉화군	오전2리부녀회	경상북도 봉화군 물야면 오전리 892-5
경상북도	봉화군	법전1리마을회	경상북도 봉화군 법전면  법전리 242-3
경상북도	봉화군	눌산1리마을회	경상북도 봉화군 법전면 눌산1리 1270-2
경상북도	봉화군	눌산2리마을회	경상북도 봉화군 법전면 눌산2리 455-2
경상북도	봉화군	법전2리마을회	경상북도 봉화군 법전면 법전2리 1148
경상북도	봉화군	법전2리마을회	경상북도 봉화군 법전면 법전리 513-1
경상북도	봉화군	법전리	경상북도 봉화군 법전면 법전리 657
경상북도	봉화군	법전1리마을회	경상북도 봉화군 법전면 법전리 960-7
경상북도	봉화군	소지리	경상북도 봉화군 법전면 소지리 165-3
경상북도	봉화군	소지리마을회	경상북도 봉화군 법전면 소지리 345
경상북도	봉화군	소지리마을회	경상북도 봉화군 법전면 소지리 440
경상북도	봉화군	소천1리마을회	경상북도 봉화군 법전면 소천1리 200-1
경상북도	봉화군	소천2리마을회	경상북도 봉화군 법전면 소천2리 534-1
경상북도	봉화군	소천2리마을회	경상북도 봉화군 법전면 소천2리 793-4
경상북도	봉화군	소천2리마을회	경상북도 봉화군 법전면 소천2리 산229
경상북도	봉화군	소천1리마을회	경상북도 봉화군 법전면 소천리 291-2
경상북도	봉화군	어지리	경상북도 봉화군 법전면 어지리 688
경상북도	봉화군	어지1리마을회	경상북도 봉화군 법전면 어지리 838-5
경상북도	봉화군	척곡1리마을회	경상북도 봉화군 법전면 척곡1리 1135-1
경상북도	봉화군	척곡2리마을회	경상북도 봉화군 법전면 척곡2리 310-2
경상북도	봉화군	눌산2리마을회	경상북도 봉화군 법전면 척곡2리 580-7
경상북도	봉화군	척곡1리마을회	경상북도 봉화군 법전면 척곡리 1027
경상북도	봉화군	풍정2리마을회	경상북도 봉화군 법전면 풍정리 1093
경상북도	봉화군	풍정리	경상북도 봉화군 법전면 풍정리 1093
경상북도	봉화군	풍정리마을회	경상북도 봉화군 법전면 풍정리 819-3
경상북도	봉화군	풍정리	경상북도 봉화군 법전면 풍정리 819-3
경상북도	봉화군	풍정2리마을회	경상북도 봉화군 법전면 풍정리 산78-2
경상북도	봉화군	금봉1리부녀회	경상북도 봉화군 봉성면 금봉2리 204-8
경상북도	봉화군	동양리영농회	경상북도 봉화군 봉성면 동양리 225-1
경상북도	봉화군	동양리부녀회	경상북도 봉화군 봉성면 동양리 454-2
경상북도	봉화군	봉성2리영농회	경상북도 봉화군 봉성면 봉성2리 454
경상북도	봉화군	봉성1리영농회	경상북도 봉화군 봉성면 봉성리 592-3
경상북도	봉화군	봉양1리영농회	경상북도 봉화군 봉성면 봉양1리 1260-1
경상북도	봉화군	봉양2리영농회	경상북도 봉화군 봉성면 봉양2리 661-2
경상북도	봉화군	외삼1리영농회	경상북도 봉화군 봉성면 외삼1리 595
경상북도	봉화군	외삼2리영농회	경상북도 봉화군 봉성면 외삼2리 710-1
경상북도	봉화군	외삼1리영농회	경상북도 봉화군 봉성면 외삼리 370-3
경상북도	봉화군	우곡2리부녀회	경상북도 봉화군 봉성면 우곡1리 112-3
경상북도	봉화군	우곡2리부녀회	경상북도 봉화군 봉성면 우곡2리 723
경상북도	봉화군	창평리부녀회	경상북도 봉화군 봉성면 창평리 321-32
경상북도	봉화군	거촌1.3리새마을회	경상북도 봉화군 봉화읍 거촌1,3리 175-7
경상북도	봉화군	거촌2리 새마을회	경상북도 봉화군 봉화읍 거촌2리 763-11
경상북도	봉화군	거촌3리(구동)새마을회	경상북도 봉화군 봉화읍 거촌3리 45-1
경상북도	봉화군	도촌리 새마을회	경상북도 봉화군 봉화읍 도촌1리 550-1
경상북도	봉화군	도천2리새마을회	경상북도 봉화군 봉화읍 도촌리 652-1
경상북도	봉화군	도촌1리새마을회	경상북도 봉화군 봉화읍 도촌리 680
경상북도	봉화군	문단리새마을회	경상북도 봉화군 봉화읍 문단1리 623-4
경상북도	봉화군	문단2리새마을회	경상북도 봉화군 봉화읍 문단2리 1215
경상북도	봉화군	삼계2리새마을회	경상북도 봉화군 봉화읍 삼계2리 309-4
경상북도	봉화군	삼계2리새마을회	경상북도 봉화군 봉화읍 삼계리 293-12
경상북도	봉화군	삼계리새마을회	경상북도 봉화군 봉화읍 삼계리 323
경상북도	봉화군	삼계리새마을회	경상북도 봉화군 봉화읍 삼계리 323-1
경상북도	봉화군	석평1리새마을회	경상북도 봉화군 봉화읍 석평1리 101-2
경상북도	봉화군	석평2리새마을회	경상북도 봉화군 봉화읍 석평2리 473-3
경상북도	봉화군	석평3리새마을회	경상북도 봉화군 봉화읍 석평3리 1341
경상북도	봉화군	유곡1리새마을회	경상북도 봉화군 봉화읍 유곡1리 778-2
경상북도	봉화군	유곡1리새마을회	경상북도 봉화군 봉화읍 유곡1리 838-1
경상북도	봉화군	유곡리새마을회	경상북도 봉화군 봉화읍 유곡1리 산60
경상북도	봉화군	유곡2리새마을회	경상북도 봉화군 봉화읍 유곡2리 1326-6
경상북도	봉화군	유곡3리새마을회	경상북도 봉화군 봉화읍 유곡3리 1331
경상북도	봉화군	적덕1리새마을회	경상북도 봉화군 봉화읍 적덕1리 698
경상북도	봉화군	적덕2리새마을회	경상북도 봉화군 봉화읍 적덕2리 297-5
경상북도	봉화군	해저2리마을회	경상북도 봉화군 봉화읍 해저2리 산 10-7
경상북도	봉화군	해저1리새마을회	경상북도 봉화군 봉화읍 해저리 1178-7
경상북도	봉화군	해저3리새마을회	경상북도 봉화군 봉화읍 해저리 904
경상북도	봉화군	화천리새마을회	경상북도 봉화군 봉화읍 화천리 산86
경상북도	봉화군	가곡1리마을회	경상북도 봉화군 상운면 가곡1리 390
경상북도	봉화군	가곡2리마을회	경상북도 봉화군 상운면 가곡2리 1149
경상북도	봉화군	가곡3리마을회	경상북도 봉화군 상운면 가곡3리 263
경상북도	봉화군	구천리마을회	경상북도 봉화군 상운면 구천리 225-3
경상북도	봉화군	구천리마을회	경상북도 봉화군 상운면 구천리 583
경상북도	봉화군	문촌리마을회	경상북도 봉화군 상운면 문촌리 660
경상북도	봉화군	문촌리마을회	경상북도 봉화군 상운면 문촌리 산11-1
경상북도	봉화군	설매리마을회	경상북도 봉화군 상운면 설매리 135-4
경상북도	봉화군	설매리마을회	경상북도 봉화군 상운면 설매리 435-2
경상북도	봉화군	신라리마을회	경상북도 봉화군 상운면 신라리 326
경상북도	봉화군	운계1리마을회	경상북도 봉화군 상운면 운계1리 111-3
경상북도	봉화군	운계2리마을회	경상북도 봉화군 상운면 운계2리 707-3
경상북도	봉화군	운계2리마을회	경상북도 봉화군 상운면 운계2리 879-1
경상북도	봉화군	운계2리마을회	경상북도 봉화군 상운면 운계리 548-3
경상북도	봉화군	운계리	경상북도 봉화군 상운면 운계리 906
경상북도	봉화군	운계2리마을회	경상북도 봉화군 상운면 운계리 산197-1
경상북도	봉화군	토일리마을회	경상북도 봉화군 상운면 토일리 160-2
경상북도	봉화군	하눌1리마을회	경상북도 봉화군 상운면 하눌1리 753-66
경상북도	봉화군	하눌1리마을회	경상북도 봉화군 상운면 하눌1리 797-12
경상북도	봉화군	하눌2리마을회	경상북도 봉화군 상운면 하눌2리 350-2
경상북도	봉화군	하눌2리마을회	경상북도 봉화군 상운면 하눌2리 산108-3
경상북도	봉화군	대현리마을회	경상북도 봉화군 석포면 대현1리 13-58
경상북도	봉화군	대현1리마을회	경상북도 봉화군 석포면 대현1리 359
경상북도	봉화군	대현2리마을회	경상북도 봉화군 석포면 대현2리 144
경상북도	봉화군	석포1리부녀회	경상북도 봉화군 석포면 석포1리 28-2
경상북도	봉화군	석포1리마을회	경상북도 봉화군 석포면 석포1리 824 77-2인근
경상북도	봉화군	석포3리마을회	경상북도 봉화군 석포면 석포3리 642
경상북도	봉화군	석포리	경상북도 봉화군 석포면 석포리 138-87
경상북도	봉화군	석포리	경상북도 봉화군 석포면 석포리 877
경상북도	봉화군	석포리	경상북도 봉화군 석포면 석포리 산 1-187
경상북도	봉화군	승부리마을회	경상북도 봉화군 석포면 승부리 195-1
경상북도	봉화군	승부리마을회	경상북도 봉화군 석포면 승부리 99-1
경상북도	봉화군	고선1리마을회	경상북도 봉화군 소천면 고선1리 783
경상북도	봉화군	고선2리마을회	경상북도 봉화군 소천면 고선2리 산39
경상북도	봉화군	남회룡리마을회	경상북도 봉화군 소천면 남회룡리 468
경상북도	봉화군	남회룡마을회	경상북도 봉화군 소천면 남회룡리 산 43-5
경상북도	봉화군	분천1리마을회	경상북도 봉화군 소천면 분천 1리 2163
경상북도	봉화군	분천1리마을회	경상북도 봉화군 소천면 분천1리 2163
경상북도	봉화군	분천2리마을회	경상북도 봉화군 소천면 분천2리 1326-3
경상북도	봉화군	분천3리마을회	경상북도 봉화군 소천면 분천3리 275-2
경상북도	봉화군	분천3리마을회	경상북도 봉화군 소천면 분천3리 483-3
경상북도	봉화군	분천3리마을회	경상북도 봉화군 소천면 분천3리 산267-3
경상북도	봉화군	분천4리마을회	경상북도 봉화군 소천면 분천4리 산12-1
경상북도	봉화군	분천4리마을회	경상북도 봉화군 소천면 분천4리 산240-6
경상북도	봉화군	분천2리마을회	경상북도 봉화군 소천면 분천리 1331-2
경상북도	봉화군	서천리마을회	경상북도 봉화군 소천면 서천리 302-3
경상북도	봉화군	서천리마을회	경상북도 봉화군 소천면 서천리 533
경상북도	봉화군	임기1리마을회	경상북도 봉화군 소천면 임기1리 672-2
경상북도	봉화군	임기2리마을회	경상북도 봉화군 소천면 임기2리 산205-5
경상북도	봉화군	임기3리마을회	경상북도 봉화군 소천면 임기리 1533-3
경상북도	봉화군	현동4리마을회	경상북도 봉화군 소천면 현동4리 478-1,480-1
경상북도	봉화군	현동4리마을회	경상북도 봉화군 소천면 현동4리 512-7
경상북도	봉화군	현동리	경상북도 봉화군 소천면 현동리 473
경상북도	봉화군	현동2리마을회	경상북도 봉화군 소천면 현동리 산6
경상북도	봉화군	양곡2리부녀회	경상북도 봉화군 양곡리 1024-2
경상북도	봉화군	의양리	경상북도 봉화군 의양리 325-3
경상북도	봉화군	남면리	경상북도 봉화군 재만면 남면리 592-4
경상북도	봉화군	갈산1리부녀회	경상북도 봉화군 재산면 갈산1리 1537-1
경상북도	봉화군	갈산리부녀회	경상북도 봉화군 재산면 갈산2리 566
경상북도	봉화군	갈산리부녀회	경상북도 봉화군 재산면 갈산리 2373(582-1번지 경계)
경상북도	봉화군	갈산리부녀회	경상북도 봉화군 재산면 갈산리 2373(서천리 경계지)
경상북도	봉화군	갈산리부녀회	경상북도 봉화군 재산면 갈산리 산599
경상북도	봉화군	남면리부녀회	경상북도 봉화군 재산면 남면리 197-1
경상북도	봉화군	동면1리부녀회	경상북도 봉화군 재산면 동면1리 1504-3
경상북도	봉화군	동면1리부녀회	경상북도 봉화군 재산면 동면1리 산1-1
경상북도	봉화군	동면2리부녀회	경상북도 봉화군 재산면 동면2리 1208
경상북도	봉화군	상리부녀회	경상북도 봉화군 재산면 상리리 794
경상북도	봉화군	현동1리부녀회	경상북도 봉화군 재산면 현동1리 1683-1
경상북도	봉화군	현동2리부녀회	경상북도 봉화군 재산면 현동2리 1290-5
경상북도	봉화군	검암경로당	경상북도 봉화군 재산면 현동2리 산354
경상북도	봉화군	현동3리부녀회	경상북도 봉화군 재산면 현동3리 905-1
경상북도	봉화군	현동3리부녀회	경상북도 봉화군 재산면 현동리 1087
경상북도	봉화군	도심1리노인회	경상북도 봉화군 춘양면 도심1리 1344
경상북도	봉화군	도심리부녀회	경상북도 봉화군 춘양면 도심2리 산179
경상북도	봉화군	도심3리새마을부녀회	경상북도 봉화군 춘양면 도심3리 1358-10
경상북도	봉화군	도심1리노인회	경상북도 봉화군 춘양면 도심리 1325
경상북도	봉화군	도심1리노인회	경상북도 봉화군 춘양면 도심리 1358
경상북도	봉화군	서동리노인회	경상북도 봉화군 춘양면 서동리 159-1
경상북도	봉화군	서벽1리마을회	경상북도 봉화군 춘양면 서벽1리 산310
경상북도	봉화군	서벽4리노인회	경상북도 봉화군 춘양면 서벽4리 1318-5
경상북도	봉화군	석현1리부녀회	경상북도 봉화군 춘양면 석현1리 341-1
경상북도	봉화군	석현1리부녀회	경상북도 봉화군 춘양면 석현1리 산82-2
경상북도	봉화군	석현2리부녀회	경상북도 봉화군 춘양면 석현2리 779
경상북도	봉화군	석현1리부녀회	경상북도 봉화군 춘양면 석현리 127-1
경상북도	봉화군	소로1리노인회	경상북도 봉화군 춘양면 소로1리 746-11
경상북도	봉화군	소로1리노인회	경상북도 봉화군 춘양면 소로2리 337
경상북도	봉화군	소로2리부녀회	경상북도 봉화군 춘양면 소로리 177
경상북도	봉화군	애당1리부녀회	경상북도 봉화군 춘양면 애당1리 857
경상북도	봉화군	애당2리노인회	경상북도 봉화군 춘양면 애당2리 886
경상북도	봉화군	우구치리부녀회	경상북도 봉화군 춘양면 우구치리 52-1
경상북도	봉화군	의양3리마을회	경상북도 봉화군 춘양면 의양리 325-3
경상북도	상주시	화산10통 공동집하장	경상북도 상주시 계림동 화산2길 32-12(화산 10통)
경상북도	상주시	동막2리 집하장	경상북도 상주시 공검면 동막리 820-4
경상북도	상주시	동막1리 집하장	경상북도 상주시 공검면 동막리 867-7 옆
경상북도	상주시	병암리 집하장	경상북도 상주시 공검면 병암리 672-3
경상북도	상주시	부곡2리 집하장	경상북도 상주시 공검면 부곡리 352-1
경상북도	상주시	부곡1리 집하장	경상북도 상주시 공검면 부곡리 927
경상북도	상주시	양정1리 집하장	경상북도 상주시 공검면 양정리 217-3
경상북도	상주시	양정2리 집하장	경상북도 상주시 공검면 양정리 549-2
경상북도	상주시	역곡1리 집하장	경상북도 상주시 공검면 역곡리 665
경상북도	상주시	예주2리 집하장	경상북도 상주시 공검면 예주리 902
경상북도	상주시	예주1리 집하장	경상북도 상주시 공검면 예주리 93-2
경상북도	상주시	오태1리 집하장	경상북도 상주시 공검면 오태리 780-2
경상북도	상주시	율곡1리 집하장	경상북도 상주시 공검면 율곡리 59-2
경상북도	상주시	율곡2리 집하장	경상북도 상주시 공검면 율곡리 861
경상북도	상주시	중소1리 집하장	경상북도 상주시 공검면 중소리 155-3
경상북도	상주시	중소2리 집하장	경상북도 상주시 공검면 중소리 747-1
경상북도	상주시	지평2리 집하장	경상북도 상주시 공검면 지평리 454
경상북도	상주시	지평1리 집하장	경상북도 상주시 공검면 지평리 7-2
경상북도	상주시	화동리 집하장	경상북도 상주시 공검면 화동리 산24-1
경상북도	상주시	재활용선별장(산현3리)	경상북도 상주시 공성면 산현리 659-5
경상북도	상주시	산현4리 집하장	경상북도 상주시 공성면 산현리 905
경상북도	상주시	산현3리 집하장	경상북도 상주시 공성면 산현리 산99-1
경상북도	상주시	신곡2리 집하장	경상북도 상주시 공성면 신곡리 732
경상북도	상주시	오광1리 집하장	경상북도 상주시 공성면 오광1리 628
경상북도	상주시	인창1리 집하장	경상북도 상주시 공성면 용신리 1181-4
경상북도	상주시	이화1리 집하장	경상북도 상주시 공성면 이화1리 837-2, 837-3
경상북도	상주시	이화1리 집하장	경상북도 상주시 공성면 이화리 901-10 (이화리126번지 주변)
경상북도	상주시	장동3리 집하장	경상북도 상주시 공성면 장동리 735-2
경상북도	상주시	장동3리 집하장	경상북도 상주시 공성면 장동리 838
경상북도	상주시	초오1리 집하장	경상북도 상주시 공성면 초오리 669
경상북도	상주시	초오2리 집하장	경상북도 상주시 공성면 초오리 86
경상북도	상주시	초오3리 집하장	경상북도 상주시 공성면 초오리 산815-2 (초오리846-2번지 주변)
경상북도	상주시	구잠2리 집하장	경상북도 상주시 낙동면 구잠리 133-1
경상북도	상주시	구잠1리 집하장	경상북도 상주시 낙동면 구잠리 741-1
경상북도	상주시	내곡2리 집하장	경상북도 상주시 낙동면 내곡리 328-4
경상북도	상주시	물량2리 집하장	경상북도 상주시 낙동면 물량리 1082-2
경상북도	상주시	물량2리 집하장	경상북도 상주시 낙동면 물량리 1142-7
경상북도	상주시	물량1리 집하장	경상북도 상주시 낙동면 물량리 1559-5
경상북도	상주시	분황리 집하장	경상북도 상주시 낙동면 분황리 1018-2
경상북도	상주시	상촌2리 집하장	경상북도 상주시 낙동면 상촌2길 12-2
경상북도	상주시	성동리 집하장	경상북도 상주시 낙동면 성동리 79-1
경상북도	상주시	수정리 집하장	경상북도 상주시 낙동면 수정리 352
경상북도	상주시	승곡리 집하장	경상북도 상주시 낙동면 승곡리 532-9
경상북도	상주시	신상1리 집하장	경상북도 상주시 낙동면 신상리 1075
경상북도	상주시	신상2리 집하장	경상북도 상주시 낙동면 신상리 1208
경상북도	상주시	신오리 집하장	경상북도 상주시 낙동면 신오리 1004
경상북도	상주시	용포리 집하장	경상북도 상주시 낙동면 용포리 685-3
경상북도	상주시	운평리 집하장	경상북도 상주시 낙동면 운평리 373-2
경상북도	상주시	유곡2리 집하장	경상북도 상주시 낙동면 유곡리 969-4
경상북도	상주시	장곡리 집하장	경상북도 상주시 낙동면 장곡리 509
경상북도	상주시	화산1리 집하장	경상북도 상주시 낙동면 화산리 1323-1
경상북도	상주시	낙양10통 집하장	경상북도 상주시 남원동 연원동 855-201
경상북도	상주시	낙양11통 집하장	경상북도 상주시 남원동 연원동 855-202
경상북도	상주시	연원16통 집하장	경상북도 상주시 남원동 연원동 산58
경상북도	상주시	고곡2리 집하장	경상북도 상주시 내서면 고곡리 59
경상북도	상주시	낙서리 집하장	경상북도 상주시 내서면 낙서리 348-3
경상북도	상주시	노류1리 집하장	경상북도 상주시 내서면 노류리 148-4
경상북도	상주시	노류2리 집하장	경상북도 상주시 내서면 노류리 472-4
경상북도	상주시	노류2리 집하장	경상북도 상주시 내서면 노류리 728-2, 3
경상북도	상주시	노류2리 집하장	경상북도 상주시 내서면 노류리 879
경상북도	상주시	능암2리 집하장	경상북도 상주시 내서면 능암리 543-19
경상북도	상주시	능암1리 집하장	경상북도 상주시 내서면 능암리 산 12-2
경상북도	상주시	북장리 집하장	경상북도 상주시 내서면 북장리 487
경상북도	상주시	서만2리 집하장	경상북도 상주시 내서면 서만리 368-1
경상북도	상주시	서만1리 집하장	경상북도 상주시 내서면 서만리 867-2
경상북도	상주시	서만2리 집하장	경상북도 상주시 내서면 서만리 95-1
경상북도	상주시	서원1리 집하장	경상북도 상주시 내서면 서원리 23-3
경상북도	상주시	서원2리 집하장	경상북도 상주시 내서면 서원리 586
경상북도	상주시	신촌1리 집하장	경상북도 상주시 내서면 신촌리 234-3
경상북도	상주시	신촌2리 집하장	경상북도 상주시 내서면 신촌리 357-3
경상북도	상주시	평지1리 집하장	경상북도 상주시 내서면 평지리 609
경상북도	상주시	평지2리 집하장	경상북도 상주시 내서면 평지리 825-1
경상북도	상주시	도남11통 집하장	경상북도 상주시 동문동 도남동 229
경상북도	상주시	외답6통 집하장	경상북도 상주시 동문동 외답동 361-1
경상북도	상주시	헌신8통 집하장	경상북도 상주시 동문동 헌신동 900
경상북도	상주시	서곡12통 공동집하장	경상북도 상주시 동성동 서곡동 137-32
경상북도	상주시	서곡13통 공동집하장	경상북도 상주시 동성동 서곡동 372
경상북도	상주시	도안2리 집하장	경상북도 상주시 모서면 도안리 130-7
경상북도	상주시	득수2리 집하장	경상북도 상주시 모서면 득수리 184-3
경상북도	상주시	득수3리 집하장	경상북도 상주시 모서면 득수리 679-1
경상북도	상주시	백학1리 집하장	경상북도 상주시 모서면 백학리 143-1
경상북도	상주시	백학1리2 집하장	경상북도 상주시 모서면 백학리 675-2
경상북도	상주시	삼포1리 집하장	경상북도 상주시 모서면 삼포리 산7-1
경상북도	상주시	소정2리 집하장	경상북도 상주시 모서면 소정2리 968
경상북도	상주시	정산2리 집하장	경상북도 상주시 모서면 정산리 759-2
경상북도	상주시	정산1리 집하장	경상북도 상주시 모서면 정산리 877-1
경상북도	상주시	지산1리 집하장	경상북도 상주시 모서면 지산리 217
경상북도	상주시	호음2리 집하장	경상북도 상주시 모서면 호음리 20-3
경상북도	상주시	호음1리 집하장	경상북도 상주시 모서면 호음리 877, 860-11
경상북도	상주시	화현2리2 집하장	경상북도 상주시 모서면 화현리 660
경상북도	상주시	화현1리 집하장	경상북도 상주시 모서면 화현리 666
경상북도	상주시	화현2리 집하장	경상북도 상주시 모서면 화현리677
경상북도	상주시	남적13통 집하장	경상북도 상주시 북문동 남적13통
경상북도	상주시	만산11통 집하장	경상북도 상주시 북문동 만산11통
경상북도	상주시	부원8통 집하장	경상북도 상주시 북문동 부원8통
경상북도	상주시	죽전9통 집하장	경상북도 상주시 북문동 죽전9통
경상북도	상주시	초산5통 집하장	경상북도 상주시 북문동 초산5통
경상북도	상주시	초산6통 집하장	경상북도 상주시 북문동 초산6통
경상북도	상주시	덕가리 집하장	경상북도 상주시 사벌국면 덕가리 314-2
경상북도	상주시	덕담3리 집하장	경상북도 상주시 사벌국면 덕담리 1005-5
경상북도	상주시	덕담1리 집하장	경상북도 상주시 사벌국면 덕담리 241-2
경상북도	상주시	두릉리 집하장	경상북도 상주시 사벌국면 두릉리 152-38
경상북도	상주시	매협1리 집하장	경상북도 상주시 사벌국면 매협리 1274-2
경상북도	상주시	묵상리 집하장	경상북도 상주시 사벌국면 묵상리 1121-1
경상북도	상주시	매호2리 집하장	경상북도 상주시 사벌국면 상풍로 988
경상북도	상주시	원흥1리 집하장	경상북도 상주시 사벌국면 원흥1길 1-4
경상북도	상주시	원흥2리 집하장	경상북도 상주시 사벌국면 원흥6길 15
경상북도	상주시	용담2리 집하장	경상북도 상주시 사벌국면 지촌길 2
경상북도	상주시	퇴강리 집하장	경상북도 상주시 사벌국면 퇴강리 766-4
경상북도	상주시	가장동 집하장	경상북도 상주시 신흥동 가장동 623-1
경상북도	상주시	양촌동 집하장	경상북도 상주시 신흥동 양촌동 889-4
경상북도	상주시	오대동 집하장	경상북도 상주시 신흥동 오대동 528-5
경상북도	상주시	흔평1리 집하장	경상북도 상주시 외남면 흔평리 538-1
경상북도	상주시	가곡리 집하장	경상북도 상주시 외서면 가곡리 25-1
경상북도	상주시	가곡리 집하장	경상북도 상주시 외서면 가곡리 27-1
경상북도	상주시	관현리 집하장	경상북도 상주시 외서면 가곡리 43-4
경상북도	상주시	개곡리 집하장	경상북도 상주시 외서면 개곡리 642-3
경상북도	상주시	관동리 집하장	경상북도 상주시 외서면 관동리 243-2
경상북도	상주시	대전2리 집하장	경상북도 상주시 외서면 대전리 174
경상북도	상주시	대전1리 집하장	경상북도 상주시 외서면 대전리 225-6
경상북도	상주시	대전1리 집하장	경상북도 상주시 외서면 대전리 400
경상북도	상주시	대전3리 집하장	경상북도 상주시 외서면 대전리 46
경상북도	상주시	대전3리 집하장	경상북도 상주시 외서면 대전리 46
경상북도	상주시	백전1리 집하장	경상북도 상주시 외서면 백전리 531
경상북도	상주시	봉강1리 집하장	경상북도 상주시 외서면 봉강리 1049-1
경상북도	상주시	봉강2리 집하장	경상북도 상주시 외서면 봉강리 1049-1
경상북도	상주시	봉강2리 집하장	경상북도 상주시 외서면 봉강리 690-1
경상북도	상주시	연봉1리 집하장	경상북도 상주시 외서면 연봉5길 2
경상북도	상주시	예의1리 집하장	경상북도 상주시 외서면 예의리 149-1
경상북도	상주시	예의2리 집하장	경상북도 상주시 외서면 예의리 325-1
경상북도	상주시	예의1리 집하장	경상북도 상주시 외서면 예의리 58-7
경상북도	상주시	우산2리 집하장	경상북도 상주시 외서면 우산리 204-5
경상북도	상주시	우산2리 집하장	경상북도 상주시 외서면 우산리 325-17
경상북도	상주시	우산1리 집하장	경상북도 상주시 외서면 우산이 148-1
경상북도	상주시	이천리 집하장	경상북도 상주시 외서면 이천리 산44
경상북도	상주시	이촌리 집하장	경상북도 상주시 외서면 이촌리 13-1
경상북도	상주시	이촌리 집하장	경상북도 상주시 외서면 이촌리 398
경상북도	상주시	남곡2리 집하장	경상북도 상주시 은척면 남곡2리 406
경상북도	상주시	남곡1리 집하장	경상북도 상주시 은척면 남곡리 406-8
경상북도	상주시	남곡1리 집하장	경상북도 상주시 은척면 남곡리 584
경상북도	상주시	두곡1리 집하장	경상북도 상주시 은척면 두곡리 28
경상북도	상주시	두곡2리 집하장	경상북도 상주시 은척면 두곡리 357-1
경상북도	상주시	무릉1리 집하장	경상북도 상주시 은척면 무릉리 475
경상북도	상주시	무릉2리 집하장	경상북도 상주시 은척면 무릉리 82-1
경상북도	상주시	문암2리 집하장	경상북도 상주시 은척면 문암리 680-1
경상북도	상주시	문암2리 집하장	경상북도 상주시 은척면 문암리 산88
경상북도	상주시	봉상2리 집하장	경상북도 상주시 은척면 봉상리 646
경상북도	상주시	봉상1리 집하장	경상북도 상주시 은척면 봉상리 산38-1
경상북도	상주시	봉중리 집하장	경상북도 상주시 은척면 봉중리 376-3
경상북도	상주시	우기1리 집하장	경상북도 상주시 은척면 우기리 666-2
경상북도	상주시	우기2리 집하장	경상북도 상주시 은척면 우기리 산74-1
경상북도	상주시	장암1리 집하장	경상북도 상주시 은척면 장암리 57
경상북도	상주시	하흘2리 집하장	경상북도 상주시 은척면 하흘리 775-1
경상북도	상주시	하흘1리 집하장	경상북도 상주시 은척면 하흘리 877-1
경상북도	상주시	황령1리 집하장	경상북도 상주시 은척면 황령리 126-2
경상북도	상주시	황령3리 집하장	경상북도 상주시 은척면 황령리 502
경상북도	상주시	황령2리 집하장	경상북도 상주시 은척면 황령리 833
경상북도	상주시	황령3리 집하장	경상북도 상주시 은척면 황령리698
경상북도	상주시	가장리 집하장	경상북도 상주시 이안면 가장리 461-4
경상북도	상주시	구미리 집하장	경상북도 상주시 이안면 구미리 536
경상북도	상주시	대현리 집하장	경상북도 상주시 이안면 대현리 405
경상북도	상주시	문창리 집하장	경상북도 상주시 이안면 문창1리 365-1
경상북도	상주시	문창리 집하장	경상북도 상주시 이안면 문창리 18(양범1리)
경상북도	상주시	문창리 집하장	경상북도 상주시 이안면 문창리 682-3
경상북도	상주시	아천리 집하장	경상북도 상주시 이안면 아천리 1104
경상북도	상주시	아천리 집하장	경상북도 상주시 이안면 아천리 722-2
경상북도	상주시	안용리 집하장	경상북도 상주시 이안면 안용리 135-3
경상북도	상주시	안용2리집하장	경상북도 상주시 이안면 안용리 563
경상북도	상주시	양범리 집하장	경상북도 상주시 이안면 양범리 440-5
경상북도	상주시	양범리 집하장	경상북도 상주시 이안면 양범리 산46
경상북도	상주시	여물1리 집하장	경상북도 상주시 이안면 여물리 609
경상북도	상주시	여물리 집하장	경상북도 상주시 이안면 여물리481-2
경상북도	상주시	이안리 집하장	경상북도 상주시 이안면 이안리 288-2
경상북도	상주시	흑암리 집하장	경상북도 상주시 이안면 흑암리 228
경상북도	상주시	흑암리 집하장	경상북도 상주시 이안면 흑암리 381-1
경상북도	상주시	간상2리 집하장	경상북도 상주시 중동면 간상2리(중방) 산124
경상북도	상주시	간상1리 집하장	경상북도 상주시 중동면 간상리 1559-1
경상북도	상주시	간상2리 집하장	경상북도 상주시 중동면 간상리 384-11
경상북도	상주시	금당1리 집하장	경상북도 상주시 중동면 금당1길 2-10
경상북도	상주시	금당1리 집하장	경상북도 상주시 중동면 금당리 182-3
경상북도	상주시	금당1리 집하장	경상북도 상주시 중동면 금당리 954
경상북도	상주시	신암리 집하장	경상북도 상주시 중동면 신암리 543-24
경상북도	상주시	오상2리 집하장	경상북도 상주시 중동면 오상리 669-5
경상북도	상주시	오상2리 집하장	경상북도 상주시 중동면 오상리 800
경상북도	상주시	오상1리 집하장	경상북도 상주시 중동면 오상리 산61-5
경상북도	상주시	우물2리 집하장	경상북도 상주시 중동면 우물리 62-3
경상북도	상주시	우물2리 집하장	경상북도 상주시 중동면 우물리 63-7
경상북도	상주시	우물1리 집하장	경상북도 상주시 중동면 우물리 691-3
경상북도	상주시	죽암1리 집하장	경상북도 상주시 중동면 죽암리 802-1
경상북도	상주시	회상2리 집하장	경상북도 상주시 중동면 회상리 1211-3
경상북도	상주시	회상2리 집하장	경상북도 상주시 중동면 회상리 1228-1
경상북도	상주시	회상2리 집하장	경상북도 상주시 중동면 회상리 295-1
경상북도	상주시	회상1리 집하장	경상북도 상주시 중동면 회상리 33-3
경상북도	상주시	회상1리 집하장	경상북도 상주시 중동면 회상리 862-2
경상북도	상주시	회상1리 집하장	경상북도 상주시 중동면 회상리 산12-1
경상북도	상주시	가천2리 집하장	경상북도 상주시 청리면 가천2리마을회
경상북도	상주시	덕산리 집하장	경상북도 상주시 청리면 덕산리마을회
경상북도	상주시	삼괴1리 집하장	경상북도 상주시 청리면 삼괴1리마을회
경상북도	상주시	삼괴2리 집하장	경상북도 상주시 청리면 삼괴2리마을회
경상북도	상주시	수상리 집하장	경상북도 상주시 청리면 수상리마을회
경상북도	상주시	월로리 집하장	경상북도 상주시 청리면 월로리마을회
경상북도	상주시	율리1리 집하장	경상북도 상주시 청리면 율리1리마을회
경상북도	상주시	율리2리 집하장	경상북도 상주시 청리면 율리2리마을회
경상북도	상주시	청상리 집하장	경상북도 상주시 청리면 청상리마을회
경상북도	상주시	교촌1리 집하장	경상북도 상주시 함창읍 교촌리 387-1
경상북도	상주시	교촌2리 집하장	경상북도 상주시 함창읍 교촌리 387-1
경상북도	상주시	금곡리 집하장	경상북도 상주시 함창읍 금곡리 323-2
경상북도	상주시	나한2리 집하장	경상북도 상주시 함창읍 나한리 38-7
경상북도	상주시	나한1리 집하장	경상북도 상주시 함창읍 나한리 389-4
경상북도	상주시	신덕2리 집하장	경상북도 상주시 함창읍 신덕리 521
경상북도	상주시	신덕1리 집하장	경상북도 상주시 함창읍 신덕리 554
경상북도	상주시	신덕2리 집하장	경상북도 상주시 함창읍 신덕리 882-4
경상북도	상주시	신흥1리 집하장	경상북도 상주시 함창읍 신흥리 297-1
경상북도	상주시	신흥3리 집하장	경상북도 상주시 함창읍 신흥리 627-3
경상북도	상주시	오동2리 집하장	경상북도 상주시 함창읍 오동2리 479
경상북도	상주시	오동1리 집하장	경상북도 상주시 함창읍 오동리 564-7
경상북도	상주시	윤직2리 집하장	경상북도 상주시 함창읍 윤직리 370-1
경상북도	상주시	척동2리 집하장	경상북도 상주시 함창읍 척동리 162-6
경상북도	상주시	덕통1리 집하장	경상북도 상주시 함창읍 태봉리 316-1
경상북도	상주시	태봉리 집하장	경상북도 상주시 함창읍 태봉리 348-4
경상북도	상주시	하갈1리 집하장	경상북도 상주시 함창읍 하갈리 415
경상북도	상주시	하갈1리 집하장	경상북도 상주시 함창읍 하갈리 415
경상북도	상주시	하갈2리 집하장	경상북도 상주시 함창읍 하갈리 954-16
경상북도	상주시	동관1리 집하장	경상북도 상주시 화남면 동관리 134-4
경상북도	상주시	동관2리 집하장	경상북도 상주시 화남면 동관리 436, 동관리 산176
경상북도	상주시	동관1리 집하장	경상북도 상주시 화남면 동관리 산190
경상북도	상주시	소곡1리 집하장	경상북도 상주시 화남면 소곡리 산15
경상북도	상주시	소곡2리 집하장	경상북도 상주시 화남면 소곡리 산68
경상북도	상주시	임곡리 집하장	경상북도 상주시 화남면 임곡리 10
경상북도	상주시	중눌2리 집하장	경상북도 상주시 화남면 중눌리 778-1
경상북도	상주시	중눌2리 집하장	경상북도 상주시 화남면 중눌리 778-1
경상북도	상주시	중눌1리 집하장	경상북도 상주시 화남면 중눌리 935
경상북도	상주시	중눌1리 집하장	경상북도 상주시 화남면 중눌리 949
경상북도	상주시	평온2리 집하장	경상북도 상주시 화남면 평온리 1006-2
경상북도	상주시	평온2리 집하장	경상북도 상주시 화남면 평온리 1006-2
경상북도	상주시	평온1리 집하장	경상북도 상주시 화남면 평온리 77-1
경상북도	상주시	반곡2리집하장	경상북도 상주시 화동면 반곡리 480-4번지 선상
경상북도	상주시	반곡2리집하장	경상북도 상주시 화동면 반곡리 산 11-2
경상북도	상주시	반곡1리집하장	경상북도 상주시 화동면 반곡리 산111-1번지 선상
경상북도	상주시	보미리집하장	경상북도 상주시 화동면 보미리 242-4번지 선상
경상북도	상주시	보미리집하장	경상북도 상주시 화동면 보미리 242-4번지 선상
경상북도	상주시	선교2리집하장	경상북도 상주시 화동면 선교리 430-8번지 선상
경상북도	상주시	선교1리집하장	경상북도 상주시 화동면 선교리 523-2번지 선상
경상북도	상주시	선교1리집하장	경상북도 상주시 화동면 선교리 523-2번지 선상
경상북도	상주시	신촌2리집하장	경상북도 상주시 화동면 신촌리 826번지 선상
경상북도	상주시	이소3리집하장	경상북도 상주시 화동면 신촌리 88-6번지 선상
경상북도	상주시	신촌1리집하장	경상북도 상주시 화동면 신촌리 90-6번지 선상
경상북도	상주시	양지리집하장	경상북도 상주시 화동면 양지리 238-1번지 선상
경상북도	상주시	어산리집하장	경상북도 상주시 화동면 어산리 538-2번지 선상
경상북도	상주시	이소4리집하장	경상북도 상주시 화동면 이소리 184-3번지 선상
경상북도	상주시	이소1리집하장	경상북도 상주시 화동면 이소리 430번지 선상
경상북도	상주시	이소2리집하장	경상북도 상주시 화동면 이소리 산20-1번지 선상
경상북도	상주시	판곡1리집하장	경상북도 상주시 화동면 판곡리 510-11번지 선상
경상북도	상주시	판곡2리집하장	경상북도 상주시 화동면 판곡리 734-1
경상북도	상주시	판곡2리집하장	경상북도 상주시 화동면 판곡리 산136-1번지 선상
경상북도	상주시	평산리집하장	경상북도 상주시 화동면 평산리 123-3번지 선상
경상북도	상주시	평산리집하장	경상북도 상주시 화동면 평산리 123-3번지 선상
경상북도	상주시	금산1리 집하장	경상북도 상주시 화서면 금산리 223
경상북도	상주시	금산2리 집하장	경상북도 상주시 화서면 금산리 68-3
경상북도	상주시	달천2리 집하장	경상북도 상주시 화서면 달천리 189-2
경상북도	상주시	달천1리 집하장	경상북도 상주시 화서면 달천리 53-1
경상북도	상주시	봉촌리 집하장	경상북도 상주시 화서면 봉촌리 176-8
경상북도	상주시	사산1리 집하장	경상북도 상주시 화서면 사산리 152
경상북도	상주시	상곡2리 집하장	경상북도 상주시 화서면 상곡리 산 64-6
경상북도	상주시	상용1리 집하장	경상북도 상주시 화서면 상용리 602-1
경상북도	상주시	상용리 집하장	경상북도 상주시 화서면 상용리 667
경상북도	상주시	상현2리 집하장	경상북도 상주시 화서면 상현리 406-3
경상북도	상주시	신봉2리 집하장	경상북도 상주시 화서면 신봉리 60
경상북도	상주시	율림리 집하장	경상북도 상주시 화서면 율림리 669-10
경상북도	상주시	지산리 집하장	경상북도 상주시 화서면 지산리 263-2
경상북도	상주시	하송1리 집하장	경상북도 상주시 화서면 하송리 268-1
경상북도	성주군	영농폐비닐 공동집하장	경상북도 성주군 대가면 용흥리 470
경상북도	성주군	영농폐비닐 공동집하장	경상북도 성주군 선남면 관화리 1091-87
경상북도	성주군	영농폐비닐 공동집하장	경상북도 성주군 선남면 명포리583
경상북도	성주군	영농폐비닐 공동집하장	경상북도 성주군 성주읍 금산리 887
경상북도	성주군	영농폐비닐 공동집하장	경상북도 성주군 성주읍 대흥리 947-1
경상북도	성주군	영농폐비닐 공동집하장	경상북도 성주군 성주읍 삼산리 500-2
경상북도	성주군	영농폐비닐 공동집하장	경상북도 성주군 수륜면 남은리 1127-1, 1271-1
경상북도	성주군	영농폐비닐 공동집하장	경상북도 성주군 수륜면 수성리 967-9
경상북도	성주군	영농폐비닐 공동집하장	경상북도 성주군 용암면 상언리 582-2
경상북도	안동시	고란리마을회 집하장	경상북도 안동시 길안면 고란리 90-3 (고란리 90-1)
경상북도	안동시	구수1리마을회 집하장	경상북도 안동시 길안면 구수리 458-2
경상북도	안동시	구수2리마을회 집하장	경상북도 안동시 길안면 구수리 659
경상북도	안동시	용계리 마을회 집하장	경상북도 안동시 길안면 구수리 923-3
경상북도	안동시	금곡리마을회 집하장	경상북도 안동시 길안면 금곡리 548 (금곡리 609)
경상북도	안동시	대곡2리마을회 집하장	경상북도 안동시 길안면 대곡리 69-4 (대곡리 75-4)
경상북도	안동시	대곡1리마을회 집하장	경상북도 안동시 길안면 대곡리 산139-3
경상북도	안동시	대사2리마을회 집하장	경상북도 안동시 길안면 대사리 215, 785
경상북도	안동시	대사1리마을회 집하장	경상북도 안동시 길안면 대사리 산53-1
경상북도	안동시	만음1리마을회 집하장	경상북도 안동시 길안면 만음리 1022-6
경상북도	안동시	만음2리마을회 집하장	경상북도 안동시 길안면 만음리 149-6
경상북도	안동시	묵계2리마을회 집하장	경상북도 안동시 길안면 묵계리 1152, 1127-84
경상북도	안동시	묵계1리마을회 집하장	경상북도 안동시 길안면 묵계리 725-2
경상북도	안동시	배방리마을회 집하장	경상북도 안동시 길안면 배방리 543
경상북도	안동시	송사1리마을회 집하장	경상북도 안동시 길안면 송사리 928-4
경상북도	안동시	송사2리마을회 집하장	경상북도 안동시 길안면 송사리 산80-1 (송사리 830)
경상북도	안동시	용계리마을회 집하장	경상북도 안동시 길안면 용계리 689-3
경상북도	안동시	폐비닐 공동집하장	경상북도 안동시 길안면 현하리 1158
경상북도	안동시	현하2리마을회 집하장	경상북도 안동시 길안면 현하리 1166-1
경상북도	안동시	구미리주민회 집하장	경상북도 안동시 남선면 구미리 30-2
경상북도	안동시	도로리집하장	경상북도 안동시 남선면 도로리 13
경상북도	안동시	신석1리집하장	경상북도 안동시 남선면 신석리 703-13
경상북도	안동시	신석2리집하장	경상북도 안동시 남선면 신석리 811-3
경상북도	안동시	신흥리주민회 집하장	경상북도 안동시 남선면 신흥리 617
경상북도	안동시	외하리집하장	경상북도 안동시 남선면 외하리 462-1
경상북도	안동시	원림1리 마을회 집하장	경상북도 안동시 남선면 원림리 559-3
경상북도	안동시	원림2리주민회 집하장	경상북도 안동시 남선면 원림리 934 (원림리 933)
경상북도	안동시	이천1리주민회 제2집하장	경상북도 안동시 남선면 이천리 330
경상북도	안동시	이천2리 마을회 집하장	경상북도 안동시 남선면 이천리 829-48 (이천리 829-49)
경상북도	안동시	현내1리주민회 집하장	경상북도 안동시 남선면 현내리 1003
경상북도	안동시	현내2리집하장	경상북도 안동시 남선면 현내리 산148-1
경상북도	안동시	개곡리 집하장	경상북도 안동시 남후면 개곡리 449
경상북도	안동시	검암리 집하장	경상북도 안동시 남후면 검암리 124
경상북도	안동시	대계리 집하장	경상북도 안동시 남후면 검암리 234-1
경상북도	안동시	고상리 집하장	경상북도 안동시 남후면 고상리 1038
경상북도	안동시	고하리 집하장	경상북도 안동시 남후면 고하리 627-5
경상북도	안동시	광음리 집하장	경상북도 안동시 남후면 광음리 453-3 (광음리 454-1)
경상북도	안동시	광음2리 집하장	경상북도 안동시 남후면 광음리 산46-1
경상북도	안동시	단호2리 집하장(오미)	경상북도 안동시 남후면 단호리 1383
경상북도	안동시	단호2리 집하장(대곡)	경상북도 안동시 남후면 단호리 749-4
경상북도	안동시	단호1리 집하장	경상북도 안동시 남후면 단호리 881-1
경상북도	안동시	무릉3리 집하장	경상북도 안동시 남후면 무릉리 1070
경상북도	안동시	무릉1리마을회 집하장	경상북도 안동시 남후면 무릉리 119-4
경상북도	안동시	무릉2리 집하장	경상북도 안동시 남후면 무릉리 1319-85
경상북도	안동시	상아리 집하장	경상북도 안동시 남후면 상아리 551-1
경상북도	안동시	하아리 집하장	경상북도 안동시 남후면 하아리 145-2
경상북도	안동시	하아리 집하장(아틈실)	경상북도 안동시 남후면 하아리 379-19
경상북도	안동시	5통주민회 집하장	경상북도 안동시 노하동 813
경상북도	안동시	4통주민회 집하장	경상북도 안동시 노하동 산129-1
경상북도	안동시	갈현리 공동집하장	경상북도 안동시 녹전면 갈현리 산80
경상북도	안동시	뒷송삼거리 집하장	경상북도 안동시 녹전면 구송리 13-2
경상북도	안동시	구단주민회 집하장	경상북도 안동시 녹전면 구송리 328-9
경상북도	안동시	자실암주민회 집하장	경상북도 안동시 녹전면 구송리 427-4
경상북도	안동시	폐비닐 공동집하장(올골)	경상북도 안동시 녹전면 녹래리 270
경상북도	안동시	폐비닐 공동집하장(녹전이)	경상북도 안동시 녹전면 녹래리 531-1 (녹래리 523)
경상북도	안동시	매정리마을회 집하장(골매)	경상북도 안동시 녹전면 매정리 394
경상북도	안동시	매정리(샘이)주민회 집하장	경상북도 안동시 녹전면 매정리 601-3
경상북도	안동시	매정리마을회 집하장(매정삼거리)	경상북도 안동시 녹전면 매정리 803-2
경상북도	안동시	사신리(신안)주민회 집하장	경상북도 안동시 녹전면 사신리 1026-1
경상북도	안동시	사신리(신안)주민회 집하장	경상북도 안동시 녹전면 사신리 1026-1
경상북도	안동시	사천리마을회 집하장	경상북도 안동시 녹전면 사천리 431-7 (사천리 431-8)
경상북도	안동시	서삼리마을회 집하장	경상북도 안동시 녹전면 서삼리 179-3
경상북도	안동시	서삼리(새이전)주민회 집하장	경상북도 안동시 녹전면 서삼리 605-3 (서삼리 631-1)
경상북도	안동시	폐비닐 공동집하장	경상북도 안동시 녹전면 서삼리 63-2 (서삼리 964)
경상북도	안동시	신평2리 효잠주민회 집하장	경상북도 안동시 녹전면 신평리 214 (신평리 195)
경상북도	안동시	신평리주민회 제2집하장	경상북도 안동시 녹전면 신평리 303-14(신평2리)
경상북도	안동시	신평리주민회 집하장(범바우)	경상북도 안동시 녹전면 신평리 610-1
경상북도	안동시	신평리주민회 제1집하장	경상북도 안동시 녹전면 신평리 657(신평1리)
경상북도	안동시	원천1리(구억)주민회 집하장	경상북도 안동시 녹전면 원천리 401
경상북도	안동시	원천리마을회 집하장(하원당)	경상북도 안동시 녹전면 원천리 769-35
경상북도	안동시	원천리마을회 집하장(남양)	경상북도 안동시 녹전면 원천리 798-4
경상북도	안동시	원천1리(구억마)주민회 집하장	경상북도 안동시 녹전면 원천리 935
경상북도	안동시	죽송리주민회 집하장(대밭골)	경상북도 안동시 녹전면 죽송리 482-1
경상북도	안동시	죽송리주민회 집하장(유분)	경상북도 안동시 녹전면 죽송리 61-2 (죽송리 772)
경상북도	안동시	가송리주민회 제1집하장	경상북도 안동시 도산면 가송리 453-1 (가송리 453-4)
경상북도	안동시	가송리주민회 제3집하장(고리재)	경상북도 안동시 도산면 가송리 764-1 (가송리 921)
경상북도	안동시	가송리주민회 제2집하장	경상북도 안동시 도산면 가송리 산146-2
경상북도	안동시	단천리주민회 집하장	경상북도 안동시 도산면 단천리 495
경상북도	안동시	단천리마을회 집하장	경상북도 안동시 도산면 단천리 813-1
경상북도	안동시	동부리마을회 공동집하장	경상북도 안동시 도산면 동부리 산7-3
경상북도	안동시	분천리마을회 공동집하장	경상북도 안동시 도산면 분천리 260-3
경상북도	안동시	서부리공동집하장	경상북도 안동시 도산면 선양리 산21-5
경상북도	안동시	선양리주민회 집하장	경상북도 안동시 도산면 선양리 산47-6
경상북도	안동시	온혜3리 공동집하장	경상북도 안동시 도산면 온혜리 1276-10 (1115-3 옆)
경상북도	안동시	온혜1리주민회 집하장	경상북도 안동시 도산면 온혜리 185-1
경상북도	안동시	온혜2리주민회 집하장	경상북도 안동시 도산면 온혜리 242-4
경상북도	안동시	온혜리주민회 집하장	경상북도 안동시 도산면 온혜리 373-1(온혜2리)
경상북도	안동시	운곡리주민회 집하장	경상북도 안동시 도산면 운곡리 106-4
경상북도	안동시	원천리마을회 집하장	경상북도 안동시 도산면 원천리 348-5
경상북도	안동시	원천리주민회 집하장	경상북도 안동시 도산면 원천리 산24-7
경상북도	안동시	원천리주민회 집하장2	경상북도 안동시 도산면 원천리 산27
경상북도	안동시	의일2리주민회 집하장	경상북도 안동시 도산면 의일리 158
경상북도	안동시	의일1리주민회 집하장	경상북도 안동시 도산면 의일리 232-2
경상북도	안동시	의일2리마을회 집하장	경상북도 안동시 도산면 의일리 751-2
경상북도	안동시	의일1리마을회 집하장	경상북도 안동시 도산면 의일리 산136-2
경상북도	안동시	의촌리주민회 집하장	경상북도 안동시 도산면 의촌리 153-5
경상북도	안동시	태자2리마을회 공동집하장	경상북도 안동시 도산면 태자리 1059
경상북도	안동시	태자1리주민회 집하장	경상북도 안동시 도산면 태자리 483
경상북도	안동시	태자1리 폐비닐 공동집하장	경상북도 안동시 도산면 태자리 99-1
경상북도	안동시	토계리주민회 집하장	경상북도 안동시 도산면 토계리 698-1 (토계리 621-3)
경상북도	안동시	대현리주민회 집하장	경상북도 안동시 북후면 대현리 1026-5
경상북도	안동시	대현리마을회 집하장	경상북도 안동시 북후면 대현리 1059-3 (대현리 1059-1)
경상북도	안동시	대현리 집하장	경상북도 안동시 북후면 대현리 770-3 (녹전면 서삼리 1023)
경상북도	안동시	도진리 주민회 집하장	경상북도 안동시 북후면 도진리 190-2
경상북도	안동시	도진리 집하장	경상북도 안동시 북후면 도진리 497-2
경상북도	안동시	도촌1리 집하장	경상북도 안동시 북후면 도촌리 369-3 (도촌리 943-1)
경상북도	안동시	도촌2리 집하장 집하장	경상북도 안동시 북후면 도촌리 산11-1
경상북도	안동시	두산리 집하장 집하장	경상북도 안동시 북후면 두산리 453-2
경상북도	안동시	물한리마을회 집하장	경상북도 안동시 북후면 물한리 376
경상북도	안동시	석탑리 구억들 집하장	경상북도 안동시 북후면 석탑리 820-2
경상북도	안동시	석탑리 구듬실 집하장	경상북도 안동시 북후면 석탑리 961-1
경상북도	안동시	신전1리 집하장 집하장	경상북도 안동시 북후면 신전리 613-1
경상북도	안동시	신전2리 집하장 집하장	경상북도 안동시 북후면 신전리 산85
경상북도	안동시	폐비닐 공동집하장	경상북도 안동시 북후면 연곡리 456-2
경상북도	안동시	연곡1리마을회 집하장	경상북도 안동시 북후면 연곡리 725-6
경상북도	안동시	연곡리주민회 집하장	경상북도 안동시 북후면 연곡리 861-5
경상북도	안동시	오산리마을회 집하장	경상북도 안동시 북후면 오산리 160-4
경상북도	안동시	오산리마을회 제2집하장	경상북도 안동시 북후면 오산리 419-2
경상북도	안동시	폐비닐 공동집하장	경상북도 안동시 북후면 오산리 419-3
경상북도	안동시	폐비닐(반사필름)공동집하장	경상북도 안동시 북후면 옹천리 646-1
경상북도	안동시	월전리주민회 제1집하장	경상북도 안동시 북후면 월전리 317
경상북도	안동시	월전리주민회 제2집하장	경상북도 안동시 북후면 월전리 816-1
경상북도	안동시	장기리마을회 집하장	경상북도 안동시 북후면 장기리 175-2
경상북도	안동시	장기리주민회 제1집하장	경상북도 안동시 북후면 장기리 285-1
경상북도	안동시	장기리주민회 제2집하장	경상북도 안동시 북후면 장기리 706-4 (장기리 694-3)
경상북도	안동시	명륜동21통마을회 제1집하장	경상북도 안동시 상아동 209-1
경상북도	안동시	명륜동21통마을회 제2집하장	경상북도 안동시 상아동 산82-2
경상북도	안동시	광평2리부녀회 집하장	경상북도 안동시 서후면 광평리 1462-2 (광평리 777-2)
경상북도	안동시	광평1리부녀회 집하장	경상북도 안동시 서후면 광평리 178-6 (광평리 182-5)
경상북도	안동시	저전리 공동집하장	경상북도 안동시 서후면 광평리 425
경상북도	안동시	교리 공동집하장	경상북도 안동시 서후면 교리 134-1
경상북도	안동시	금계2리부녀회 집하장	경상북도 안동시 서후면 금계리 246-8
경상북도	안동시	금계1리 제1집하장(칠계재고택 앞)	경상북도 안동시 서후면 금계리 770
경상북도	안동시	금계1리 제2집하장(앙실)	경상북도 안동시 서후면 금계리 818
경상북도	안동시	대두서리주민회 집하장	경상북도 안동시 서후면 대두서리 363 (대두서리 1070)
경상북도	안동시	명리 제2 집하장	경상북도 안동시 서후면 명리 121-1
경상북도	안동시	명1리부녀회 집하장	경상북도 안동시 서후면 명리 530-1
경상북도	안동시	성곡리주민회 집하장	경상북도 안동시 서후면 성곡리 983-3
경상북도	안동시	성곡리 공동집하장	경상북도 안동시 서후면 성곡리 산16-1
경상북도	안동시	이개2리주민회 집하장	경상북도 안동시 서후면 이개리 282-2
경상북도	안동시	이개1리 집하장	경상북도 안동시 서후면 이개리 870
경상북도	안동시	이송천리부녀회 제1집하장	경상북도 안동시 서후면 이송천리 292-1 (이송천리 999-1)
경상북도	안동시	이송천리부녀회 제2집하장	경상북도 안동시 서후면 이송천리 999-1 (이송천리 142-1)
경상북도	안동시	재품리주민회 제4집하장	경상북도 안동시 서후면 재품리 1085
경상북도	안동시	재품리주민회 제1집하장	경상북도 안동시 서후면 재품리 1095
경상북도	안동시	재품리주민회 제3집하장	경상북도 안동시 서후면 재품리 443-1
경상북도	안동시	재품리주민회 제2집하장	경상북도 안동시 서후면 재품리 93-5
경상북도	안동시	저전리주민회 집하장	경상북도 안동시 서후면 저전리 247-4
경상북도	안동시	태장2리부녀회 집하장	경상북도 안동시 서후면 태장리 752
경상북도	안동시	태장1리부녀회 집하장	경상북도 안동시 서후면 태장리 산117
경상북도	안동시	폐비닐 공동집하장	경상북도 안동시 석동동 656-3(용상동)
경상북도	안동시	솔뫼주민회 집하장	경상북도 안동시 송천동 743-1
경상북도	안동시	1통주민회 집하장	경상북도 안동시 송현동 965-5
경상북도	안동시	4통 마을회 집하장	경상북도 안동시 수상동 837-4
경상북도	안동시	7통 마을회 집하장	경상북도 안동시 수하동 741 (수하동 741-1)
경상북도	안동시	명륜동20통마을회 집하장	경상북도 안동시 안막동 941 (안막동 945)
경상북도	안동시	명륜동머질집하장	경상북도 안동시 안막동 산77-4 앞 (안막동 산76-1)
경상북도	안동시	계곡리 마을회 집하장	경상북도 안동시 예안면 계곡리 326-4
경상북도	안동시	구룡리 마을회 집하장	경상북도 안동시 예안면 구룡리 720-3 (구룡리 737)
경상북도	안동시	귀단2리 마을회 집하장	경상북도 안동시 예안면 귀단리 1068
경상북도	안동시	귀단1리 마을회 집하장	경상북도 안동시 예안면 귀단리 산43-3
경상북도	안동시	기사1리 마을회 집하장	경상북도 안동시 예안면 기사리 472
경상북도	안동시	기사2리마을회 집하장	경상북도 안동시 예안면 기사리 677-6
경상북도	안동시	도목리 마을회 집하장	경상북도 안동시 예안면 도목리 산80-3
경상북도	안동시	도촌리 마을회 제2집하장	경상북도 안동시 예안면 도촌리 583-1 (도촌리 1042)
경상북도	안동시	동천리 마을회 집하장	경상북도 안동시 예안면 동천리 630-4
경상북도	안동시	미질리 마을회 집하장	경상북도 안동시 예안면 미질리 1240
경상북도	안동시	부포리 마을회 집하장	경상북도 안동시 예안면 부포리 산94
경상북도	안동시	삼계리 마을회 집하장	경상북도 안동시 예안면 삼계리 72 (삼계리 73-1)
경상북도	안동시	폐비닐 공동집하장	경상북도 안동시 예안면 신남리 579-4
경상북도	안동시	인계리 마을회 제2집하장	경상북도 안동시 예안면 인계리 545
경상북도	안동시	인계리 마을회 제1집하장	경상북도 안동시 예안면 인계리 602-1
경상북도	안동시	정산1리 마을회 집하장	경상북도 안동시 예안면 정산리 519-5
경상북도	안동시	이름 미등록	경상북도 안동시 예안면 정산리 650-1
경상북도	안동시	정산2리 마을회 집하장	경상북도 안동시 예안면 정산리 694-1
경상북도	안동시	주진2리 마을회 제2집하장	경상북도 안동시 예안면 주진리 826
경상북도	안동시	주진1리 마을회 집하장	경상북도 안동시 예안면 주진리 산105
경상북도	안동시	이름 미등록	경상북도 안동시 예안면 태곡리 134-2
경상북도	안동시	태곡리 마을회 집하장	경상북도 안동시 예안면 태곡리 354-3
경상북도	안동시	옥동영농회 집하장	경상북도 안동시 옥동 1413-4
경상북도	안동시	가구2리 집하장	경상북도 안동시 와룡면 가구리 126-14
경상북도	안동시	가구1리 집하장	경상북도 안동시 와룡면 가구리 597-1
경상북도	안동시	가류1리 집하장	경상북도 안동시 와룡면 가류리 1286
경상북도	안동시	가류2리 집하장	경상북도 안동시 와룡면 가류리 산188-1
경상북도	안동시	가야리집하장	경상북도 안동시 와룡면 가야리 230-3
경상북도	안동시	가야리 집하장	경상북도 안동시 와룡면 가야리 346 (가야리 350)
경상북도	안동시	가야리주민회 집하장	경상북도 안동시 와룡면 가야리 441-1
경상북도	안동시	가야리 집하장	경상북도 안동시 와룡면 가야리 913-1
경상북도	안동시	감애1리 집하장	경상북도 안동시 와룡면 감애리 123-7 (감애리 128-1)
경상북도	안동시	감애1리 집하장	경상북도 안동시 와룡면 감애리 240-2
경상북도	안동시	감애1리주민회 제2집하장	경상북도 안동시 와룡면 감애리 696-6
경상북도	안동시	감애2리 집하장	경상북도 안동시 와룡면 감애리 산40-1
경상북도	안동시	도곡리주민회 집하장	경상북도 안동시 와룡면 도곡리 산67-1
경상북도	안동시	나소리 집하장	경상북도 안동시 와룡면 라소리 399-2
경상북도	안동시	라소리주민회 제1 집하장	경상북도 안동시 와룡면 라소리 702-1
경상북도	안동시	나소리 집하장	경상북도 안동시 와룡면 라소리 734-2
경상북도	안동시	라소리주민회 제2 집하장	경상북도 안동시 와룡면 라소리 산30-1
경상북도	안동시	폐비닐 공동집하장	경상북도 안동시 와룡면 산야리 1369-1
경상북도	안동시	산야3리 집하장	경상북도 안동시 와룡면 산야리 산138-1
경상북도	안동시	산야2리 집하장	경상북도 안동시 와룡면 산야리 산5-4
경상북도	안동시	서지리 집하장	경상북도 안동시 와룡면 서지리 302-9
경상북도	안동시	서현리 집하장	경상북도 안동시 와룡면 서현리 298-1
경상북도	안동시	오천3리 집하장	경상북도 안동시 와룡면 오천리 366-4
경상북도	안동시	오천2리 집하장	경상북도 안동시 와룡면 오천리 624-6 (오천리 626)
경상북도	안동시	오천리주민회 집하장	경상북도 안동시 와룡면 오천리 907
경상북도	안동시	이상리 집하장	경상북도 안동시 와룡면 이상리 358-7
경상북도	안동시	이하1리 집하장	경상북도 안동시 와룡면 이하리 359-2
경상북도	안동시	이하2리 집하장	경상북도 안동시 와룡면 이하리 823-3
경상북도	안동시	주계리 집하장	경상북도 안동시 와룡면 주계리 589
경상북도	안동시	주계리집하장	경상북도 안동시 와룡면 주계리 699
경상북도	안동시	주하1리 집하장	경상북도 안동시 와룡면 주하리 290-1
경상북도	안동시	주하2리집하장	경상북도 안동시 와룡면 주하리 371-5
경상북도	안동시	중가구2리 집하장	경상북도 안동시 와룡면 중가구리 286-1
경상북도	안동시	중가구1리주민회 집하장	경상북도 안동시 와룡면 중가구리 506-5
경상북도	안동시	중가구1리주민회 제1집하장	경상북도 안동시 와룡면 중가구리 608
경상북도	안동시	중가구1리집하장	경상북도 안동시 와룡면 중가구리 811-4
경상북도	안동시	지내2리 집하장	경상북도 안동시 와룡면 지내리 279-6
경상북도	안동시	지내1리 집하장	경상북도 안동시 와룡면 지내리 397-3
경상북도	안동시	태1리주민회 집하장	경상북도 안동시 와룡면 태리 297-1
경상북도	안동시	폐비닐 공동집하장	경상북도 안동시 와룡면 태리 946
경상북도	안동시	태2리 집하장	경상북도 안동시 와룡면 태리 산211
경상북도	안동시	태1리 집하장	경상북도 안동시 와룡면 태리 산91-6 (태리 97-5)
경상북도	안동시	용상딸기작목반 집하장	경상북도 안동시 용상동 1517-19
경상북도	안동시	폐비닐 공동집하장	경상북도 안동시 이천동 774-1
경상북도	안동시	폐비닐 공동집하장	경상북도 안동시 이천동 산49-3
경상북도	안동시	광연리주민회 집하장	경상북도 안동시 일직면 광연리 481-5
경상북도	안동시	광연리 집하장	경상북도 안동시 일직면 광연리 산33-3
경상북도	안동시	구천리마을회 집하장	경상북도 안동시 일직면 구천리 426-88
경상북도	안동시	국곡리(하국곡) 집하장	경상북도 안동시 일직면 국곡리 249-3 (국곡리 1043)
경상북도	안동시	국곡리 제1집하장	경상북도 안동시 일직면 국곡리 658-1
경상북도	안동시	국곡리 집하장	경상북도 안동시 일직면 국곡리 산235
경상북도	안동시	국곡리 제2집하장	경상북도 안동시 일직면 국곡리 산86-1
경상북도	안동시	귀미리 집하장	경상북도 안동시 일직면 귀미리 1023-1(128 인근)
경상북도	안동시	귀미1리 집하장	경상북도 안동시 일직면 귀미리 1023-50(560-1 앞)
경상북도	안동시	귀미2리 집하장	경상북도 안동시 일직면 귀미리 539-1
경상북도	안동시	망호1리 집하장	경상북도 안동시 일직면 망호리 1053-101
경상북도	안동시	망호2리 집하장	경상북도 안동시 일직면 망호리 111
경상북도	안동시	망호3리 집하장	경상북도 안동시 일직면 망호리 873-3 (망호리 1052-1)
경상북도	안동시	망호리 주민회 집하장	경상북도 안동시 일직면 망호리 산10
경상북도	안동시	명진2리마을회 집하장	경상북도 안동시 일직면 명진리 114
경상북도	안동시	명진1리마을회 집하장	경상북도 안동시 일직면 명진리 163-3
경상북도	안동시	명진리 집하장	경상북도 안동시 일직면 명진리 417-20
경상북도	안동시	송리1리 집하장	경상북도 안동시 일직면 송리리 27
경상북도	안동시	송리2리 집하장	경상북도 안동시 일직면 송리리 665 (송리리 666)
경상북도	안동시	용각리 제1집하장	경상북도 안동시 일직면 용각리 248
경상북도	안동시	용각리 제2집하장	경상북도 안동시 일직면 용각리 658-7
경상북도	안동시	용각리마을회 집하장	경상북도 안동시 일직면 용각리 942, 산28-4
경상북도	안동시	운산리집하장	경상북도 안동시 일직면 운산리 54-1
경상북도	안동시	운산리주민회 집하장	경상북도 안동시 일직면 운산리 54-23
경상북도	안동시	운산리 집하장	경상북도 안동시 일직면 운산리 557(471 인근)
경상북도	안동시	원리 집하장	경상북도 안동시 일직면 원리 191-1
경상북도	안동시	원호1리마을회 집하장	경상북도 안동시 일직면 원호리 164-4
경상북도	안동시	이름 미등록	경상북도 안동시 일직면 원호리 170-1
경상북도	안동시	원호2리 집하장	경상북도 안동시 일직면 원호리 926-38(926-39 인근)
경상북도	안동시	조탑리 집하장	경상북도 안동시 일직면 조탑리 337-1
경상북도	안동시	평팔리 주민회 집하장	경상북도 안동시 일직면 평팔리 190-1
경상북도	안동시	평팔1리 집하장	경상북도 안동시 일직면 평팔리 415-3
경상북도	안동시	갈전1리주민회 집하장	경상북도 안동시 임동면 갈전리 542-2
경상북도	안동시	갈전2리 집하장	경상북도 안동시 임동면 갈전리 산6-15
경상북도	안동시	고천주민회 집하장	경상북도 안동시 임동면 고천리 546-2(고천1리)
경상북도	안동시	대곡리마을회 집하장	경상북도 안동시 임동면 대곡리 1040(대곡1리)
경상북도	안동시	대곡1리마을회 집하장	경상북도 안동시 임동면 대곡리 1578
경상북도	안동시	대곡주민회 집하장	경상북도 안동시 임동면 대곡리 1900(대곡2리)
경상북도	안동시	이름 미등록	경상북도 안동시 임동면 대곡리 386-1
경상북도	안동시	마령2리 집하장	경상북도 안동시 임동면 마령리 1330
경상북도	안동시	마령3리주민회 집하장	경상북도 안동시 임동면 마령리 585-1
경상북도	안동시	마령1리 집하장	경상북도 안동시 임동면 마령리 산181-2
경상북도	안동시	망천1리주민회 집하장	경상북도 안동시 임동면 망천리 산149-9
경상북도	안동시	망천2리주민회 집하장	경상북도 안동시 임동면 망천리 산28-2
경상북도	안동시	박곡리 집하장 집하장	경상북도 안동시 임동면 박곡리 119-2
경상북도	안동시	사월리마을회 제1집하장	경상북도 안동시 임동면 사월리 1075-1 (사월리 1075)
경상북도	안동시	사월리마을회 제2집하장	경상북도 안동시 임동면 사월리 365
경상북도	안동시	위1리마을회 집하장	경상북도 안동시 임동면 위리 261
경상북도	안동시	위2리 마을회 집하장	경상북도 안동시 임동면 위리 97-3
경상북도	안동시	지리주민회 집하장	경상북도 안동시 임동면 지리 778-4
경상북도	안동시	이름 미등록	경상북도 안동시 임하면 고곡리 423
경상북도	안동시	고곡리 폐비닐집하장	경상북도 안동시 임하면 고곡리 642-27
경상북도	안동시	금소리 폐비닐집하장	경상북도 안동시 임하면 금소리 589-1(금소1리)
경상북도	안동시	이름 미등록	경상북도 안동시 임하면 노산리 963
경상북도	안동시	노산리집하장	경상북도 안동시 임하면 노산리 산134-3
경상북도	안동시	신덕2리(이덕)주민회 집하장	경상북도 안동시 임하면 신덕리 1298-74
경상북도	안동시	신덕1리주민회 집하장	경상북도 안동시 임하면 신덕리 1302-2
경상북도	안동시	신덕2리 폐비닐 공동집하장	경상북도 안동시 임하면 신덕리 813-1
경상북도	안동시	신덕2리폐비닐집하장	경상북도 안동시 임하면 신덕리 959
경상북도	안동시	오대리(베일) 집하장	경상북도 안동시 임하면 오대리 1128
경상북도	안동시	오대1리폐비닐집하장	경상북도 안동시 임하면 오대리 1155
경상북도	안동시	오대2리(오대교 입구)주민회 집하장	경상북도 안동시 임하면 오대리 623-2
경상북도	안동시	이름 미등록	경상북도 안동시 임하면 임하리 1152-1
경상북도	안동시	임하2리주민회 집하장	경상북도 안동시 임하면 임하리 1248-20
경상북도	안동시	임하1리집하장	경상북도 안동시 임하면 임하리 525-4
경상북도	안동시	천전1리(임하교 입구)주민회 집하장	경상북도 안동시 임하면 천전리 1084-7
경상북도	안동시	천전2리집하장	경상북도 안동시 임하면 천전리 산82-12
경상북도	안동시	임하면천전2리마을회 집하장	경상북도 안동시 임하면 천전리 산83-9
경상북도	안동시	임하면천전2리마을회 집하장	경상북도 안동시 임하면 천전리 산83-9
경상북도	안동시	추목리집하장	경상북도 안동시 임하면 추목리 30-2 (추목리 30-5)
경상북도	안동시	추목리(평지마) 집하장	경상북도 안동시 임하면 추목리 472-1 (추목리 472-2)
경상북도	안동시	추목리(점마)주민회 집하장	경상북도 안동시 임하면 추목리 694-1
경상북도	안동시	추목리(평지마)주민회 집하장	경상북도 안동시 임하면 추목리 891-23
경상북도	안동시	1통 마을회 집하장	경상북도 안동시 정상동 358-1 (정상동 336-1)
경상북도	안동시	2통 마을회 집하장	경상북도 안동시 정하동 30-2
경상북도	안동시	3통 마을회 제1집하장	경상북도 안동시 정하동 520-2
경상북도	안동시	3통 마을회 제2집하장	경상북도 안동시 정하동 산116-1
경상북도	안동시	계평리 영농폐농약병 공동집하장	경상북도 안동시 풍산읍 계평리 10-2
경상북도	안동시	계평리 영농폐농약병 공동집하장	경상북도 안동시 풍산읍 계평리 656-3 (계평리 397-5)
경상북도	안동시	계평리 폐비닐집하장	경상북도 안동시 풍산읍 계평리 752 (계평리 369-2)
경상북도	안동시	계평리 폐비닐집하장	경상북도 안동시 풍산읍 계평리 82-2
경상북도	안동시	괴정리 집하장	경상북도 안동시 풍산읍 괴정리 397-7 (괴정리 461-1)
경상북도	안동시	노리 집하장	경상북도 안동시 풍산읍 노리 343-3
경상북도	안동시	마애리 집하장	경상북도 안동시 풍산읍 마애리 705-1 (마애리 684-1)
경상북도	안동시	막곡1리 집하장	경상북도 안동시 풍산읍 막곡리 263-4 (막곡리 262-1)
경상북도	안동시	만운2리 조파 집하장	경상북도 안동시 풍산읍 만운리 1117-4
경상북도	안동시	만운1리 집하장	경상북도 안동시 풍산읍 만운리 1361-3 (만운리 340-3)
경상북도	안동시	만운2리 집하장	경상북도 안동시 풍산읍 만운리 600
경상북도	안동시	매곡1리 집하장	경상북도 안동시 풍산읍 매곡리 115-10
경상북도	안동시	매곡2리 집하장	경상북도 안동시 풍산읍 매곡리 997-1
경상북도	안동시	서미1리 영농폐농약병 공동집하장	경상북도 안동시 풍산읍 서미리 135-1 (서미리 725-5)
경상북도	안동시	서미2리 집하장	경상북도 안동시 풍산읍 서미리 산13 (서미리 산171)
경상북도	안동시	소산1리 집하장	경상북도 안동시 풍산읍 소산리 973-14 (소산리 375)
경상북도	안동시	소산2리 집하장	경상북도 안동시 풍산읍 소산리 973-5
경상북도	안동시	수곡1리 집하장	경상북도 안동시 풍산읍 수곡리 338-4
경상북도	안동시	수곡2리 집하장	경상북도 안동시 풍산읍 수곡리 791-30
경상북도	안동시	막곡2리 집하장	경상북도 안동시 풍산읍 수곡리 92-2
경상북도	안동시	수1리 집하장	경상북도 안동시 풍산읍 수리 1348-1 (수동2길 42-1)
경상북도	안동시	수2리 집하장	경상북도 안동시 풍산읍 수리 산159
경상북도	안동시	신양2리 집하장	경상북도 안동시 풍산읍 신양리 1213 (신양리 419-1)
경상북도	안동시	신양3리 집하장	경상북도 안동시 풍산읍 신양리 209-3
경상북도	안동시	신양1리 영농폐농약병 공동집하장	경상북도 안동시 풍산읍 신양리 772
경상북도	안동시	안교3리 집하장	경상북도 안동시 풍산읍 안교리 909-22
경상북도	안동시	오미1리 집하장	경상북도 안동시 풍산읍 오미리 111-2
경상북도	안동시	오미2리 집하장	경상북도 안동시 풍산읍 오미리 1190 (오미리 1060-2)
경상북도	안동시	죽전리 집하장	경상북도 안동시 풍산읍 죽전리 220
경상북도	안동시	하리2리 마을회 집하장	경상북도 안동시 풍산읍 하리리 411
경상북도	안동시	하리1리 마을회 집하장	경상북도 안동시 풍산읍 하리리 411
경상북도	안동시	안교1리 집하장	경상북도 안동시 풍산읍 하리리 689-11
경상북도	안동시	현애리 집하장	경상북도 안동시 풍산읍 현애리 448
경상북도	안동시	회곡리 마을회 집하장	경상북도 안동시 풍산읍 회곡리 418 (회곡리 417)
경상북도	안동시	회곡리 집하장	경상북도 안동시 풍산읍 회곡리 418 (회곡리 417)
경상북도	안동시	회곡리 제2집하장	경상북도 안동시 풍산읍 회곡리 560-1
경상북도	안동시	가곡2리마을회 집하장	경상북도 안동시 풍천면 가곡리 890-5
경상북도	안동시	가곡리 집하장	경상북도 안동시 풍천면 가곡리 943-2 (가곡리 26)
경상북도	안동시	광덕2리 집하장	경상북도 안동시 풍천면 광덕리 1080-23
경상북도	안동시	광덕리 집하장	경상북도 안동시 풍천면 광덕리 206-4
경상북도	안동시	구담1리 집하장	경상북도 안동시 풍천면 구담리 산53-1
경상북도	안동시	구호리 집하장	경상북도 안동시 풍천면 구호리 808-3
경상북도	안동시	금계리 제1집하장	경상북도 안동시 풍천면 금계리 809-3
경상북도	안동시	기산리 집하장	경상북도 안동시 풍천면 기산리 208-4 (기산리 369)
경상북도	안동시	기산2리 집하장	경상북도 안동시 풍천면 기산리 320
경상북도	안동시	도양2리 마을회 집하장	경상북도 안동시 풍천면 도양리 1024-4
경상북도	안동시	도양1리 집하장	경상북도 안동시 풍천면 도양리 250-3
경상북도	안동시	도양2리 집하장	경상북도 안동시 풍천면 도양리 934-20
경상북도	안동시	병산리 집하장	경상북도 안동시 풍천면 병산리 197 (병산리 208-2)
경상북도	안동시	신성2리 집하장	경상북도 안동시 풍천면 신성리 357-6
경상북도	안동시	어담리 제1집하장	경상북도 안동시 풍천면 어담리 130-11
경상북도	안동시	어담1리 집하장	경상북도 안동시 풍천면 어담리 956-3
경상북도	안동시	어담리 제2집하장	경상북도 안동시 풍천면 어담리 산63-2
경상북도	안동시	인금리 집하장	경상북도 안동시 풍천면 인금리 304-1 (인금리 495-7)
경상북도	안동시	인금2리 집하장	경상북도 안동시 풍천면 인금리 706-2
경상북도	안동시	하회1리마을회 집하장	경상북도 안동시 풍천면 하회리 453
경상북도	영덕군	상직2리 집하장	경상북도 영덕군 강구면 상직리 42-4
경상북도	영덕군	영덕군 공동집하시설	경상북도 영덕군 강구면 하저리 711
경상북도	영덕군	영덕군 폐비닐집하장	경상북도 영덕군 강구면 하저리 712
경상북도	영덕군	봉전2리 집하장	경상북도 영덕군 남정면 봉전리 470-1
경상북도	영덕군	도천리 집하장	경상북도 영덕군 남정면 산정로 349-49
경상북도	영덕군	회3리 집하장	경상북도 영덕군 남정면 회리 705-7
경상북도	영덕군	대지리 집하장	경상북도 영덕군 달산면 대지리 799
경상북도	영덕군	덕산2리 집하장	경상북도 영덕군 달산면 덕산리 195-4
경상북도	영덕군	덕산2리 집하장	경상북도 영덕군 달산면 덕산리 373-4
경상북도	영덕군	봉산리 집하장	경상북도 영덕군 달산면 봉산리 277-3
경상북도	영덕군	옥산1리 집하장	경상북도 영덕군 달산면 옥산리 185
경상북도	영덕군	옥산2리 집하장	경상북도 영덕군 달산면 옥산리 776
경상북도	영덕군	옥산3리 집하장	경상북도 영덕군 달산면 옥산리 776
경상북도	영덕군	용전리 집하장	경상북도 영덕군 달산면 용전리 207
경상북도	영덕군	용평리 집하장	경상북도 영덕군 달산면 용평리 437
경상북도	영덕군	인곡리 집하장	경상북도 영덕군 달산면 인곡리 152-1
경상북도	영덕군	인곡리 집하장	경상북도 영덕군 달산면 인곡리 498-4
경상북도	영덕군	흥기리 집하장	경상북도 영덕군 달산면 흥기리 215
경상북도	영덕군	흥기2리 집하장	경상북도 영덕군 달산면 흥기리 478-1
경상북도	영덕군	각리2리 집하장	경상북도 영덕군 병곡면 각리리 712
경상북도	영덕군	금곡3리 집하장	경상북도 영덕군 병곡면 금곡리 850
경상북도	영덕군	삼읍리 집하장	경상북도 영덕군 병곡면 삼읍리 156
경상북도	영덕군	아곡리 집하장	경상북도 영덕군 병곡면 아곡리 42-5
경상북도	영덕군	영3리 집하장	경상북도 영덕군 병곡면 영리 603
경상북도	영덕군	매정1리 집하장	경상북도 영덕군 영덕읍 매정리 1089-19
경상북도	영덕군	매정2리 집하장	경상북도 영덕군 영덕읍 매정리 861-8
경상북도	영덕군	매정3리 집하장	경상북도 영덕군 영덕읍 매정리 산67
경상북도	영덕군	화천3리 집하장	경상북도 영덕군 영덕읍 화천리 514
경상북도	영덕군	대2리 집하장	경상북도 영덕군 영해면 대리 171-4
경상북도	영덕군	대1리 집하장	경상북도 영덕군 영해면 대리 49-6
경상북도	영덕군	묘곡1리 집하장	경상북도 영덕군 영해면 묘곡1리 533-3
경상북도	영덕군	묘곡2리 집하장	경상북도 영덕군 영해면 묘곡리 47-8
경상북도	영덕군	벌영2리 집하장	경상북도 영덕군 영해면 벌영리 843-4
경상북도	영덕군	벌영1리 집하장	경상북도 영덕군 영해면 벌영리 967-4
경상북도	영덕군	연평2리 집하장	경상북도 영덕군 영해면 연평리 30-20
경상북도	영덕군	원구2리 집하장	경상북도 영덕군 영해면 원구리 596
경상북도	영덕군	낙평리 집하장	경상북도 영덕군 지품면 경동로 6584
경상북도	영덕군	기사리 집하장	경상북도 영덕군 지품면 기사리 490-3
경상북도	영덕군	눌곡리 집하장	경상북도 영덕군 지품면 눌곡리 산17-4
경상북도	영덕군	복곡리 집하장	경상북도 영덕군 지품면 복곡리 438-8
경상북도	영덕군	삼화1리 집하장	경상북도 영덕군 지품면 삼화1리 696-36
경상북도	영덕군	삼화2리 집하장	경상북도 영덕군 지품면 삼화리 696-8
경상북도	영덕군	수암리 집하장	경상북도 영덕군 지품면 수암리 212-3
경상북도	영덕군	신양리 집하장	경상북도 영덕군 지품면 신양리 463-74
경상북도	영덕군	오천1리 집하장	경상북도 영덕군 지품면 오천리 567,183-1
경상북도	영덕군	용덕2리 집하장	경상북도 영덕군 지품면 용덕리 198-2
경상북도	영덕군	원전리 집하장	경상북도 영덕군 지품면 원전리 447
경상북도	영덕군	율전리 집하장	경상북도 영덕군 지품면 율전리 353-1
경상북도	영덕군	지품리 집하장	경상북도 영덕군 지품면 지품리 192
경상북도	영덕군	지품리 집하장	경상북도 영덕군 지품면 지품리 269-4
경상북도	영덕군	가산2리 집하장(회관옆)	경상북도 영덕군 창수면 가산리 569-11
경상북도	영덕군	가산1리 집하장	경상북도 영덕군 창수면 가산리 99
경상북도	영덕군	갈천1리 집하장	경상북도 영덕군 창수면 갈천리 14-1
경상북도	영덕군	갈천2리 집하장	경상북도 영덕군 창수면 갈천리 285
경상북도	영덕군	미곡1리 집하장	경상북도 영덕군 창수면 미곡리 1067-1
경상북도	영덕군	백청리 집하장	경상북도 영덕군 창수면 백청리 168-2
경상북도	영덕군	보림리 집하장	경상북도 영덕군 창수면 보림리 164-1
경상북도	영덕군	삼계2리 집하장	경상북도 영덕군 창수면 삼계리 238-4
경상북도	영덕군	삼계1리 집하장	경상북도 영덕군 창수면 삼계리 558
경상북도	영덕군	수리 집하장	경상북도 영덕군 창수면 수리 122-1
경상북도	영덕군	신기1리 집하장	경상북도 영덕군 창수면 신기리 353-3
경상북도	영덕군	신리2리 집하장	경상북도 영덕군 창수면 신리리 414-5
경상북도	영덕군	신리1리 집하장	경상북도 영덕군 창수면 신리리 461-2
경상북도	영덕군	오촌1리 집하장	경상북도 영덕군 창수면 오촌리 681-36
경상북도	영덕군	인량2리 집하장	경상북도 영덕군 창수면 인량리 386 옆
경상북도	영덕군	인량1리 집하장	경상북도 영덕군 창수면 인량리 98-3
경상북도	영덕군	인천2리 집하장	경상북도 영덕군 창수면 인천리 131-2
경상북도	영덕군	인천1리 집하장	경상북도 영덕군 창수면 인천리 710-7
경상북도	영덕군	창수2리 집하장	경상북도 영덕군 창수면 창수리 416-1
경상북도	영덕군	창수1리 집하장	경상북도 영덕군 창수면 창수리 69-2
경상북도	영덕군	고곡1리 집하장	경상북도 영덕군 축산면 고곡리 186-6
경상북도	영덕군	고곡2리 집하장	경상북도 영덕군 축산면 고곡리 386-13
경상북도	영덕군	기암1리 집하장	경상북도 영덕군 축산면 기암리 481
경상북도	영덕군	대곡리 집하장	경상북도 영덕군 축산면 대곡리 110-1
경상북도	영덕군	도곡2리 집하장	경상북도 영덕군 축산면 도곡리 337-4
경상북도	영덕군	도곡2리집하장	경상북도 영덕군 축산면 도곡리 527
경상북도	영덕군	부곡리 집하장	경상북도 영덕군 축산면 부곡리 101-3
경상북도	영덕군	부곡리 집하장	경상북도 영덕군 축산면 부곡리 30
경상북도	영덕군	상원리 집하장	경상북도 영덕군 축산면 상원리 408-24
경상북도	영덕군	칠성2리 집하장	경상북도 영덕군 축산면 칠성리 347-1
경상북도	영덕군	칠성2리 집하장	경상북도 영덕군 축산면 칠성리 486-2
경상북도	영덕군	칠성1리 삼거리 집하장	경상북도 영덕군 축산면 칠성리 650-2
경상북도	영양군	영농폐기물 공동집하장	경상북도 영양군 석모면 택전리 865-4, 865-5, 865-6
경상북도	영양군	영농폐기물 공동집하장	경상북도 영양군 석보면 답곡리 112-4
경상북도	영양군	영농폐기물 공동집하장	경상북도 영양군 석보면 답곡리 491
경상북도	영양군	영농폐기물 공동집하장	경상북도 영양군 석보면 답곡리 652-5
경상북도	영양군	영농폐기물 공동집하장	경상북도 영양군 석보면 삼의리 60-1
경상북도	영양군	영농폐기물 공동집하장	경상북도 영양군 석보면 소계리 238-3
경상북도	영양군	영농폐기물 공동집하장	경상북도 영양군 석보면 소계리 465-1
경상북도	영양군	영농폐기물 공동집하장	경상북도 영양군 석보면 소계리 614-1
경상북도	영양군	영농폐기물 공동집하장	경상북도 영양군 석보면 신평리 161-3
경상북도	영양군	영농폐기물 공동집하장	경상북도 영양군 석보면 옥계리 192-2
경상북도	영양군	영농폐기물 공동집하장	경상북도 영양군 석보면 옥계리 392
경상북도	영양군	영농폐기물 공동집하장	경상북도 영양군 석보면 요원리 276-1
경상북도	영양군	영농폐기물 공동집하장	경상북도 영양군 석보면 요원리 451
경상북도	영양군	영농폐기물 공동집하장	경상북도 영양군 석보면 원리리 208번지선
경상북도	영양군	영농폐기물 공동집하장	경상북도 영양군 석보면 원리리 74-15
경상북도	영양군	영농폐기물 공동집하장	경상북도 영양군 석보면 원리리 74-15
경상북도	영양군	영농폐기물 공동집하장	경상북도 영양군 석보면 지경리 229-125
경상북도	영양군	영농폐기물 공동집하장	경상북도 영양군 석보면 택전리 381-4
경상북도	영양군	영농폐기물 공동집하장	경상북도 영양군 석보면 화매리 1091-3
경상북도	영양군	영농폐기물 공동집하장	경상북도 영양군 석보면 화매리 842-2
경상북도	영양군	영농폐기물 공동집하장	경상북도 영양군 수비면 계리 717
경상북도	영양군	영농폐기물 공동집하장	경상북도 영양군 수비면 계리 산 121-1
경상북도	영양군	영농폐기물 공동집하장	경상북도 영양군 수비면 발리리 776-4
경상북도	영양군	영농폐기물 공동집하장	경상북도 영양군 수비면 발리리 산 82-15
경상북도	영양군	영농폐기물 공동집하장	경상북도 영양군 수비면 본신리 180
경상북도	영양군	영농폐기물 공동집하장	경상북도 영양군 수비면 본신리 372
경상북도	영양군	영농폐기물 공동집하장	경상북도 영양군 수비면 송하리 227
경상북도	영양군	영농폐기물 공동집하장	경상북도 영양군 수비면 수하 226-1
경상북도	영양군	영농폐기물 공동집하장	경상북도 영양군 수비면 수하 401-4
경상북도	영양군	영농폐기물 공동집하장	경상북도 영양군 수비면 수하2리 578-3
경상북도	영양군	영농폐기물 공동집하장	경상북도 영양군 수비면 수하리 615-1
경상북도	영양군	영농폐기물 공동집하장	경상북도 영양군 수비면 수하리 916
경상북도	영양군	영농폐기물 공동집하장	경상북도 영양군 수비면 수하리 999
경상북도	영양군	영농폐기물 공동집하장	경상북도 영양군 수비면 신암리 131-3
경상북도	영양군	영농폐기물 공동집하장	경상북도 영양군 수비면 신암리 25-5
경상북도	영양군	영농폐기물 공동집하장	경상북도 영양군 수비면 신원리 33
경상북도	영양군	영농폐기물 공동집하장	경상북도 영양군 수비면 신원리 330-1
경상북도	영양군	영농폐기물 공동집하장	경상북도 영양군 수비면 오기리 310-1
경상북도	영양군	영농폐기물 공동집하장	경상북도 영양군 수비면 오기리 599-3
경상북도	영양군	영농폐기물 공동집하장	경상북도 영양군 수비면 오기리 66
경상북도	영양군	영농폐기물 공동집하장	경상북도 영양군 수비면 오기리 산96-29
경상북도	영양군	영농폐기물 공동집하장	경상북도 영양군 수비면 죽파리 271-1
경상북도	영양군	영농폐기물 공동집하장	경상북도 영양군 수비면 죽파리 347
경상북도	영양군	영농폐기물 공동집하장	경상북도 영양군 영양읍 감천리 199
경상북도	영양군	영농폐기물 공동집하장	경상북도 영양군 영양읍 기산리 322-1
경상북도	영양군	영농폐기물 공동집하장	경상북도 영양군 영양읍 기산리 421
경상북도	영양군	영농폐기물 공동집하장	경상북도 영양군 영양읍 대천리 1164
경상북도	영양군	영농폐기물 공동집하장	경상북도 영양군 영양읍 대천리 1172-5
경상북도	영양군	영농폐기물 공동집하장	경상북도 영양군 영양읍 대천리 941-9
경상북도	영양군	영농폐기물 공동집하장	경상북도 영양군 영양읍 동부리 262-1
경상북도	영양군	영농폐기물 공동집하장	경상북도 영양군 영양읍 동부리 292-4
경상북도	영양군	영농폐기물 공동집하장	경상북도 영양군 영양읍 동부리 356-1
경상북도	영양군	영농폐기물 공동집하장	경상북도 영양군 영양읍 동부리 산 68-1
경상북도	영양군	영농폐기물 공동집하장	경상북도 영양군 영양읍 무창리 417-1
경상북도	영양군	영농폐기물 공동집하장	경상북도 영양군 영양읍 무창리 499-1
경상북도	영양군	영농폐기물 공동집하장	경상북도 영양군 영양읍 무창리 854-1
경상북도	영양군	영농폐기물 공동집하장	경상북도 영양군 영양읍 삼지리 158-3
경상북도	영양군	영농폐기물 공동집하장	경상북도 영양군 영양읍 삼지리 240
경상북도	영양군	영농폐기물 공동집하장	경상북도 영양군 영양읍 삼지리 390-7
경상북도	영양군	영농폐기물 공동집하장	경상북도 영양군 영양읍 상원1리 496-4
경상북도	영양군	영농폐기물 공동집하장	경상북도 영양군 영양읍 상원리 308-3
경상북도	영양군	영농폐기물 공동집하장	경상북도 영양군 영양읍 양구리 70
경상북도	영양군	영농폐기물 공동집하장	경상북도 영양군 영양읍 하원리 295-5
경상북도	영양군	영농폐기물 공동집하장	경상북도 영양군 영양읍 현리 19-1
경상북도	영양군	영농폐기물 공동집하장	경상북도 영양군 영양읍 현리 510-2
경상북도	영양군	영농폐기물 공동집하장	경상북도 영양군 영양읍 화천2리 739
경상북도	영양군	영농폐기물 공동집하장	경상북도 영양군 영양읍 황용리 37-1
경상북도	영양군	영농폐기물 공동집하장	경상북도 영양군 일월면 가곡리 110
경상북도	영양군	영농폐기물 공동집하장	경상북도 영양군 일월면 가곡리 220
경상북도	영양군	영농폐기물 공동집하장	경상북도 영양군 일월면 가곡리 246-2
경상북도	영양군	영농폐기물 공동집하장	경상북도 영양군 일월면 가곡리 354
경상북도	영양군	영농폐기물 공동집하장	경상북도 영양군 일월면 가천리 191
경상북도	영양군	영농폐기물 공동집하장	경상북도 영양군 일월면 가천리 25-1
경상북도	영양군	영농폐기물 공동집하장	경상북도 영양군 일월면 가천리 459-1
경상북도	영양군	영농폐기물 공동집하장	경상북도 영양군 일월면 가천리 579
경상북도	영양군	영농폐기물 공동집하장	경상북도 영양군 일월면 곡강리 126-6
경상북도	영양군	영농폐기물 공동집하장	경상북도 영양군 일월면 곡강리 412-1
경상북도	영양군	영농폐기물 공동집하장	경상북도 영양군 일월면 도계1리 813-8
경상북도	영양군	영농폐기물 공동집하장	경상북도 영양군 일월면 도계리 110-1
경상북도	영양군	영농폐기물 공동집하장	경상북도 영양군 일월면 도계리 218-5
경상북도	영양군	영농폐기물 공동집하장	경상북도 영양군 일월면 도계리 287-5,287-6
경상북도	영양군	영농폐기물 공동집하장	경상북도 영양군 일월면 도계리 3-7
경상북도	영양군	영농폐기물 공동집하장	경상북도 영양군 일월면 도곡리 233-3
경상북도	영양군	영농폐기물 공동집하장	경상북도 영양군 일월면 도곡리 753
경상북도	영양군	영농폐기물 공동집하장	경상북도 영양군 일월면 도곡리 804
경상북도	영양군	영농폐기물 공동집하장	경상북도 영양군 일월면 문암리 126
경상북도	영양군	영농폐기물 공동집하장	경상북도 영양군 일월면 문암리 414-3
경상북도	영양군	영농폐기물 공동집하장	경상북도 영양군 일월면 섬촌리 232-2
경상북도	영양군	영농폐기물 공동집하장	경상북도 영양군 일월면 섬촌리 29-1
경상북도	영양군	영농폐기물 공동집하장	경상북도 영양군 일월면 섬촌리 오폐수처리장 입구 440-3 인근
경상북도	영양군	영농폐기물 공동집하장	경상북도 영양군 일월면 오리리 778
경상북도	영양군	영농폐기물 공동집하장	경상북도 영양군 일월면 오리리 875
경상북도	영양군	영농폐기물 공동집하장	경상북도 영양군 일월면 용화리 213-3
경상북도	영양군	영농폐기물 공동집하장	경상북도 영양군 일월면 용화리 449-2
경상북도	영양군	영농폐기물 공동집하장	경상북도 영양군 일월면 용화리 542-3
경상북도	영양군	영농폐기물 공동집하장	경상북도 영양군 일월면 주곡리 177-4
경상북도	영양군	영농폐기물 공동집하장	경상북도 영양군 일월면 주곡리 342
경상북도	영양군	영농폐기물 공동집하장	경상북도 영양군 일월면 칠성리 산 47-16
경상북도	영양군	영농폐기물 공동집하장	경상북도 영양군 입암면 교리 156-3
경상북도	영양군	영농폐기물 공동집하장	경상북도 영양군 입암면 금학리 905-1
경상북도	영양군	영농폐기물 공동집하장	경상북도 영양군 입암면 노달리 397
경상북도	영양군	영농폐기물 공동집하장	경상북도 영양군 입암면 대천리 110
경상북도	영양군	영농폐기물 공동집하장	경상북도 영양군 입암면 대천리 526-2
경상북도	영양군	영농폐기물 공동집하장	경상북도 영양군 입암면 대천리 625
경상북도	영양군	영농폐기물 공동집하장	경상북도 영양군 입암면 산해2리 147-1
경상북도	영양군	영농폐기물 공동집하장	경상북도 영양군 입암면 산해리 235-7
경상북도	영양군	영농폐기물 공동집하장	경상북도 영양군 입암면 산해리 520
경상북도	영양군	영농폐기물 공동집하장	경상북도 영양군 입암면 산해리 570-1
경상북도	영양군	영농폐기물 공동집하장	경상북도 영양군 입암면 산해리 677-4, 1457
경상북도	영양군	영농폐기물 공동집하장	경상북도 영양군 입암면 산해리 993-1
경상북도	영양군	영농폐기물 공동집하장	경상북도 영양군 입암면 삼산리 120-1
경상북도	영양군	영농폐기물 공동집하장	경상북도 영양군 입암면 신구2리 219-5
경상북도	영양군	영농폐기물 공동집하장	경상북도 영양군 입암면 신구리 310-2
경상북도	영양군	영농폐기물 공동집하장	경상북도 영양군 입암면 신사리 266-5
경상북도	영양군	영농폐기물 공동집하장	경상북도 영양군 입암면 양항리 408-1
경상북도	영양군	영농폐기물 공동집하장	경상북도 영양군 입암면 연당리 219
경상북도	영양군	영농폐기물 공동집하장	경상북도 영양군 입암면 연당리 493-1
경상북도	영양군	영농폐기물 공동집하장	경상북도 영양군 입암면 흥구리 138
경상북도	영양군	영농폐기물 공동집하장	경상북도 영양군 청기면 구매리 1324
경상북도	영양군	영농폐기물 공동집하장	경상북도 영양군 청기면 구매리 1391
경상북도	영양군	영농폐기물 공동집하장	경상북도 영양군 청기면 구매리 378-1
경상북도	영양군	영농폐기물 공동집하장	경상북도 영양군 청기면 기포리 652
경상북도	영양군	영농폐기물 공동집하장	경상북도 영양군 청기면 당리 520-3
경상북도	영양군	영농폐기물 공동집하장	경상북도 영양군 청기면 무진리 33-1
경상북도	영양군	영농폐기물 공동집하장	경상북도 영양군 청기면 무진리 592-1
경상북도	영양군	영농폐기물 공동집하장	경상북도 영양군 청기면 사리 134-2
경상북도	영양군	영농폐기물 공동집하장	경상북도 영양군 청기면 산운리 산22-3
경상북도	영양군	영농폐기물 공동집하장	경상북도 영양군 청기면 상청리 545-4
경상북도	영양군	영농폐기물 공동집하장	경상북도 영양군 청기면 저리 298-1
경상북도	영양군	영농폐기물 공동집하장	경상북도 영양군 청기면 정족리 1009-2
경상북도	영양군	영농폐기물 공동집하장	경상북도 영양군 청기면 정족리 1265-1
경상북도	영양군	영농폐기물 공동집하장	경상북도 영양군 청기면 정족리 산173-1, 산174
경상북도	영양군	영농폐기물 공동집하장	경상북도 영양군 청기면 청기리 215-2
경상북도	영양군	영농폐기물 공동집하장	경상북도 영양군 청기면 청기리 302-4
경상북도	영양군	영농폐기물 공동집하장	경상북도 영양군 청기면 토곡2리 654
경상북도	영양군	영농폐기물 공동집하장	경상북도 영양군 청기면 토곡리 34-1
경상북도	영양군	영농폐기물 공동집하장	경상북도 영양군 청기면 토구리 793
경상북도	영양군	영농폐기물 공동집하장	경상북도 영양군 청기면 행화리 산69-2
경상북도	영양군	영농폐기물 공동집하장	경상북도 영양군 청기면상청리 677-1
경상북도	영주시	영농폐기물 공동집하장	경상북도 영주시 가흥1동 892-1(2통 대부네)
경상북도	영주시	영농폐기물 공동집하장	경상북도 영주시 가흥1동 산41-1(목골)
경상북도	영주시	영농폐기물 공동집하장	경상북도 영주시 가흥1동892-1(2통대부네)
경상북도	영주시	영농폐기물 공동집하장	경상북도 영주시 고현동 217-6(가흥2)
경상북도	영주시	영농폐기물 공동집하장	경상북도 영주시 단산면 구구리 162
경상북도	영주시	영농폐기물 공동집하장	경상북도 영주시 단산면 구구리 553-4
경상북도	영주시	영농폐기물 공동집하장	경상북도 영주시 단산면 구구리 712-2
경상북도	영주시	영농폐기물 공동집하장	경상북도 영주시 단산면 구구리 712-3
경상북도	영주시	영농폐기물 공동집하장	경상북도 영주시 단산면 단곡2리 207
경상북도	영주시	영농폐기물 공동집하장	경상북도 영주시 단산면 단곡3리 881
경상북도	영주시	영농폐기물 공동집하장	경상북도 영주시 단산면 단곡리 20-2
경상북도	영주시	영농폐기물 공동집하장	경상북도 영주시 단산면 단곡리 847
경상북도	영주시	영농폐기물 공동집하장	경상북도 영주시 단산면 동원1리 50
경상북도	영주시	영농폐기물 공동집하장	경상북도 영주시 단산면 동원리 201-2
경상북도	영주시	영농폐기물 공동집하장	경상북도 영주시 단산면 동원리 201-2
경상북도	영주시	영농폐기물 공동집하장	경상북도 영주시 단산면 동원리 706-1
경상북도	영주시	영농폐기물 공동집하장	경상북도 영주시 단산면 동원리 767-52
경상북도	영주시	영농폐기물 공동집하장	경상북도 영주시 단산면 병산1리 352-3
경상북도	영주시	영농폐기물 공동집하장	경상북도 영주시 단산면 병산리 1108
경상북도	영주시	영농폐기물 공동집하장	경상북도 영주시 단산면 병산리 65-3
경상북도	영주시	영농폐기물 공동집하장	경상북도 영주시 단산면 사천리 554-4
경상북도	영주시	영농폐기물 공동집하장	경상북도 영주시 단산면 사천리 614-6
경상북도	영주시	영농폐기물 공동집하장	경상북도 영주시 단산면 영단로 158번길 15-37
경상북도	영주시	영농폐기물 공동집하장	경상북도 영주시 단산면 옥대로 182-2
경상북도	영주시	영농폐기물 공동집하장	경상북도 영주시 단산면 옥대리 1051-1
경상북도	영주시	영농폐기물 공동집하장	경상북도 영주시 단산면 좌석리 100-1
경상북도	영주시	영농폐기물 공동집하장	경상북도 영주시 문수면 권선리 204-25
경상북도	영주시	영농폐기물 공동집하장	경상북도 영주시 문수면 권선리 573-1
경상북도	영주시	영농폐기물 공동집하장	경상북도 영주시 문수면 대양2리 448-1
경상북도	영주시	영농폐기물 공동집하장	경상북도 영주시 문수면 대양리1리 41-1
경상북도	영주시	영농폐기물 공동집하장	경상북도 영주시 문수면 만방1리 1367-1
경상북도	영주시	영농폐기물 공동집하장	경상북도 영주시 문수면 만방1리 1367-1
경상북도	영주시	영농폐기물 공동집하장	경상북도 영주시 문수면 만방2리 259
경상북도	영주시	영농폐기물 공동집하장	경상북도 영주시 문수면 만방리 362-1
경상북도	영주시	영농폐기물 공동집하장	경상북도 영주시 문수면 만방리 918-3
경상북도	영주시	영농폐기물 공동집하장	경상북도 영주시 문수면 문수로 825번길168-2
경상북도	영주시	영농폐기물 공동집하장	경상북도 영주시 문수면 수도리 316-1
경상북도	영주시	영농폐기물 공동집하장	경상북도 영주시 문수면 승문리 1리 745
경상북도	영주시	영농폐기물 공동집하장	경상북도 영주시 문수면 승문리 333-1
경상북도	영주시	영농폐기물 공동집하장	경상북도 영주시 문수면 월호1리 1045-1
경상북도	영주시	영농폐기물 공동집하장	경상북도 영주시 문수면 월호2리 1143-1
경상북도	영주시	영농폐기물 공동집하장	경상북도 영주시 문수면 월호2리 1403-4
경상북도	영주시	영농폐기물 공동집하장	경상북도 영주시 문수면 적동1리 455-2
경상북도	영주시	영농폐기물 공동집하장	경상북도 영주시 문수면 적동2리 551
경상북도	영주시	영농폐기물 공동집하장	경상북도 영주시 문수면 조제1리 493-1
경상북도	영주시	영농폐기물 공동집하장	경상북도 영주시 문수면 조제2리 1062-2
경상북도	영주시	영농폐기물 공동집하장	경상북도 영주시 문수면 조제2리 1167 삼거리
경상북도	영주시	영농폐기물 공동집하장	경상북도 영주시 문수면 조제2리 681-1
경상북도	영주시	영농폐기물 공동집하장	경상북도 영주시 문수면 탄산리 530
경상북도	영주시	영농폐기물 공동집하장	경상북도 영주시 문정동 산 30-1(서릿골)(가흥1)
경상북도	영주시	영농폐기물 공동집하장	경상북도 영주시 봉현면 노좌로45번길 42-4
경상북도	영주시	영농폐기물 공동집하장	경상북도 영주시 봉현면 노좌리 306-2
경상북도	영주시	영농폐기물 공동집하장	경상북도 영주시 봉현면 대촌2리 산25-1
경상북도	영주시	영농폐기물 공동집하장	경상북도 영주시 봉현면 두산리752-1
경상북도	영주시	영농폐기물 공동집하장	경상북도 영주시 부석면 감곡1리 263-4
경상북도	영주시	영농폐기물 공동집하장	경상북도 영주시 부석면 감곡2리 84-13
경상북도	영주시	영농폐기물 공동집하장	경상북도 영주시 부석면 감곡리 186
경상북도	영주시	영농폐기물 공동집하장	경상북도 영주시 부석면 남대리 605
경상북도	영주시	영농폐기물 공동집하장	경상북도 영주시 부석면 노곡리 805-19
경상북도	영주시	영농폐기물 공동집하장	경상북도 영주시 부석면 노곡리 865-7
경상북도	영주시	영농폐기물 공동집하장	경상북도 영주시 부석면 보계1리 166-1
경상북도	영주시	영농폐기물 공동집하장	경상북도 영주시 부석면 보계1리 258-1
경상북도	영주시	영농폐기물 공동집하장	경상북도 영주시 부석면 보계2리 1222
경상북도	영주시	영농폐기물 공동집하장	경상북도 영주시 부석면 북지리 670-1
경상북도	영주시	영농폐기물 공동집하장	경상북도 영주시 부석면 상석2리 614-43
경상북도	영주시	영농폐기물 공동집하장	경상북도 영주시 부석면 소천1리 255-3
경상북도	영주시	영농폐기물 공동집하장	경상북도 영주시 부석면 소천리 454-10
경상북도	영주시	영농폐기물 공동집하장	경상북도 영주시 부석면 소천리 673-6
경상북도	영주시	영농폐기물 공동집하장	경상북도 영주시 부석면 용암리 178-2
경상북도	영주시	영농폐기물 공동집하장	경상북도 영주시 부석면 용암리 311-7
경상북도	영주시	영농폐기물 공동집하장	경상북도 영주시 부석면 용암리 311-7
경상북도	영주시	영농폐기물 공동집하장	경상북도 영주시 부석면 용암리 508-2
경상북도	영주시	영농폐기물 공동집하장	경상북도 영주시 부석면 우곡리 269-3
경상북도	영주시	영농폐기물 공동집하장	경상북도 영주시 부석면 우곡리 529-1
경상북도	영주시	영농폐기물 공동집하장	경상북도 영주시 부석면 임곡1리 713-1
경상북도	영주시	영농폐기물 공동집하장	경상북도 영주시 부석면 임곡리 110
경상북도	영주시	영농폐기물 공동집하장	경상북도 영주시 부석면 임곡리 산63
경상북도	영주시	영농폐기물 공동집하장	경상북도 영주시 상망동 707-1
경상북도	영주시	영농폐기물 공동집하장	경상북도 영주시 상줄동 380-169(가흥2)
경상북도	영주시	영농폐기물 공동집하장	경상북도 영주시 상줄동 629-2(가흥2)
경상북도	영주시	영농폐기물 공동집하장	경상북도 영주시 순흥면 석교리 272
경상북도	영주시	영농폐기물 공동집하장	경상북도 영주시 순흥면 지동리 23-2
경상북도	영주시	영농폐기물 공동집하장	경상북도 영주시 아지동 산 8-1(가흥2)
경상북도	영주시	영농폐기물 공동집하장	경상북도 영주시 안정면 내줄리 642
경상북도	영주시	영농폐기물 공동집하장	경상북도 영주시 안정면 단촌리 380(118번지 옆)
경상북도	영주시	영농폐기물 공동집하장	경상북도 영주시 안정면 단촌리 391, 372-1, 372-20, 221-1번지
경상북도	영주시	영농폐기물 공동집하장	경상북도 영주시 안정면 대평리 297
경상북도	영주시	영농폐기물 공동집하장	경상북도 영주시 안정면 동촌리 128-9
경상북도	영주시	영농폐기물 공동집하장	경상북도 영주시 안정면 묵리 359
경상북도	영주시	영농폐기물 공동집하장	경상북도 영주시 안정면 봉암리 456-3
경상북도	영주시	영농폐기물 공동집하장	경상북도 영주시 안정면 신전리 273-4
경상북도	영주시	영농폐기물 공동집하장	경상북도 영주시 안정면 신전리 330-1
경상북도	영주시	영농폐기물 공동집하장	경상북도 영주시 안정면 신전리 50-24
경상북도	영주시	영농폐기물 공동집하장	경상북도 영주시 안정면 신전리 63-4
경상북도	영주시	영농폐기물 공동집하장	경상북도 영주시 안정면 신전리 63-4
경상북도	영주시	영농폐기물 공동집하장	경상북도 영주시 안정면 안심1리 444
경상북도	영주시	영농폐기물 공동집하장	경상북도 영주시 안정면 안심리 324-3
경상북도	영주시	영농폐기물 공동집하장	경상북도 영주시 안정면 여륵리 628
경상북도	영주시	영농폐기물 공동집하장	경상북도 영주시 안정면 오계1리 392-2
경상북도	영주시	영농폐기물 공동집하장	경상북도 영주시 안정면 오계2리 157
경상북도	영주시	영농폐기물 공동집하장	경상북도 영주시 안정면 오계리 산1번지
경상북도	영주시	영농폐기물 공동집하장	경상북도 영주시 안정면 오계리 산1번지
경상북도	영주시	영농폐기물 공동집하장	경상북도 영주시 안정면 옹암리 99-6
경상북도	영주시	영농폐기물 공동집하장	경상북도 영주시 안정면 용산리 413-2
경상북도	영주시	영농폐기물 공동집하장	경상북도 영주시 안정면 용산리 413-2
경상북도	영주시	영농폐기물 공동집하장	경상북도 영주시 안정면 용산리 553-2
경상북도	영주시	영농폐기물 공동집하장	경상북도 영주시 안정면 용주로 1371번길62-8
경상북도	영주시	영농폐기물 공동집하장	경상북도 영주시 안정면 용주로 708번길61-1
경상북도	영주시	영농폐기물 공동집하장	경상북도 영주시 안정면 일원리 113-7
경상북도	영주시	영농폐기물 공동집하장	경상북도 영주시 안정면 일원리 1137-7
경상북도	영주시	영농폐기물 공동집하장	경상북도 영주시 안정면 태장리 1093
경상북도	영주시	영농폐기물 공동집하장	경상북도 영주시 이산면 내림리 218-3
경상북도	영주시	영농폐기물 공동집하장	경상북도 영주시 이산면 내림리 439
경상북도	영주시	영농폐기물 공동집하장	경상북도 영주시 이산면 두월리 242-2(돌고개)
경상북도	영주시	영농폐기물 공동집하장	경상북도 영주시 이산면 두월리 415-1
경상북도	영주시	영농폐기물 공동집하장	경상북도 영주시 이산면 두월리 415-1, 415-3
경상북도	영주시	영농폐기물 공동집하장	경상북도 영주시 이산면 두월리 415-1, 415-3
경상북도	영주시	영농폐기물 공동집하장	경상북도 영주시 이산면 두월리 725-1
경상북도	영주시	영농폐기물 공동집하장	경상북도 영주시 이산면 석포리 1239-3
경상북도	영주시	영농폐기물 공동집하장	경상북도 영주시 이산면 석포리 1583-1
경상북도	영주시	영농폐기물 공동집하장	경상북도 영주시 이산면 석포리 735
경상북도	영주시	영농폐기물 공동집하장	경상북도 영주시 이산면 신암2리 606-2(우금)
경상북도	영주시	영농폐기물 공동집하장	경상북도 영주시 이산면 신암3리 1437-1번지
경상북도	영주시	영농폐기물 공동집하장	경상북도 영주시 이산면 신암리 748
경상북도	영주시	영농폐기물 공동집하장	경상북도 영주시 이산면 신천1리 산50-1번지
경상북도	영주시	영농폐기물 공동집하장	경상북도 영주시 이산면 신천2리 722(새해)
경상북도	영주시	영농폐기물 공동집하장	경상북도 영주시 이산면 용상1리 1459번지
경상북도	영주시	영농폐기물 공동집하장	경상북도 영주시 이산면 용상리 산 174-1, 1061-2
경상북도	영주시	영농폐기물 공동집하장	경상북도 영주시 이산면 운문1리 403-8
경상북도	영주시	영농폐기물 공동집하장	경상북도 영주시 이산면 운문리 678-1
경상북도	영주시	영농폐기물 공동집하장	경상북도 영주시 이산면 원리 산54-5
경상북도	영주시	영농폐기물 공동집하장	경상북도 영주시 이산면 지동2리 787-2(이르실)
경상북도	영주시	영농폐기물 공동집하장	경상북도 영주시 이산면 지동3리 926-1번지
경상북도	영주시	영농폐기물 공동집하장	경상북도 영주시 이산면 지동리 350-1
경상북도	영주시	영농폐기물 공동집하장	경상북도 영주시 이산면 지동리 350-1
경상북도	영주시	영농폐기물 공동집하장	경상북도 영주시 이산면 지동리 926-1
경상북도	영주시	영농폐기물 공동집하장	경상북도 영주시 장수면 갈산리 1007-1
경상북도	영주시	영농폐기물 공동집하장	경상북도 영주시 장수면 갈산리 1007-67
경상북도	영주시	영농폐기물 공동집하장	경상북도 영주시 장수면 갈산리 543-6
경상북도	영주시	영농폐기물 공동집하장	경상북도 영주시 장수면 두전1리 576
경상북도	영주시	영농폐기물 공동집하장	경상북도 영주시 장수면 두전2리 1033-1
경상북도	영주시	영농폐기물 공동집하장	경상북도 영주시 장수면 두전리 1171-1
경상북도	영주시	영농폐기물 공동집하장	경상북도 영주시 장수면 두전리 1281
경상북도	영주시	영농폐기물 공동집하장	경상북도 영주시 장수면 두전리 1363
경상북도	영주시	영농폐기물 공동집하장	경상북도 영주시 장수면 두전리 1363
경상북도	영주시	영농폐기물 공동집하장	경상북도 영주시 장수면 반구리 537-2
경상북도	영주시	영농폐기물 공동집하장	경상북도 영주시 장수면 반구리 646
경상북도	영주시	영농폐기물 공동집하장	경상북도 영주시 장수면 성곡리 208번지
경상북도	영주시	영농폐기물 공동집하장	경상북도 영주시 장수면 성곡리 239-4
경상북도	영주시	영농폐기물 공동집하장	경상북도 영주시 장수면 소룡2리 937
경상북도	영주시	영농폐기물 공동집하장	경상북도 영주시 장수면 용주로 106번길82
경상북도	영주시	영농폐기물 공동집하장	경상북도 영주시 장수면 파지리 293-11
경상북도	영주시	영농폐기물 공동집하장	경상북도 영주시 장수면 호문길 37번길69-1
경상북도	영주시	영농폐기물 공동집하장	경상북도 영주시 장수면 호문리 산72-1
경상북도	영주시	영농폐기물 공동집하장	경상북도 영주시 장수면 화기1리 21
경상북도	영주시	영농폐기물 공동집하장	경상북도 영주시 장수면 화기2리 754-1
경상북도	영주시	영농폐기물 공동집하장	경상북도 영주시 조암동 174-3(윗전단)(휴천3)
경상북도	영주시	영농폐기물 공동집하장	경상북도 영주시 조암동 772-1 (노현마을)(휴천3)
경상북도	영주시	영농폐기물 공동집하장	경상북도 영주시 조암동 846-4(휴3)
경상북도	영주시	영농폐기물 공동집하장	경상북도 영주시 조암동 846-4(휴3)
경상북도	영주시	영농폐기물 공동집하장	경상북도 영주시 조암동 876-2(아랫전단)(휴천3)
경상북도	영주시	영농폐기물 공동집하장	경상북도 영주시 창진동 197-4(가흥2)
경상북도	영주시	영농폐기물 공동집하장	경상북도 영주시 창진동 266-1(가흥2)
경상북도	영주시	영농폐기물 공동집하장	경상북도 영주시 평은면 강동리 305-2
경상북도	영주시	영농폐기물 공동집하장	경상북도 영주시 평은면 강동리 산 316-1
경상북도	영주시	영농폐기물 공동집하장	경상북도 영주시 평은면 강동리 산280-1 왕유
경상북도	영주시	영농폐기물 공동집하장	경상북도 영주시 평은면 금광리 395-9
경상북도	영주시	영농폐기물 공동집하장	경상북도 영주시 평은면 문평로 961번길124-40
경상북도	영주시	영농폐기물 공동집하장	경상북도 영주시 평은면 북평로 1087번길15-1
경상북도	영주시	영농폐기물 공동집하장	경상북도 영주시 평은면 오운1리 1327-6
경상북도	영주시	영농폐기물 공동집하장	경상북도 영주시 평은면 오운2리 산56-4
경상북도	영주시	영농폐기물 공동집하장	경상북도 영주시 평은면 오운리 139-4
경상북도	영주시	영농폐기물 공동집하장	경상북도 영주시 평은면 용혈1리 산9-2
경상북도	영주시	영농폐기물 공동집하장	경상북도 영주시 평은면 용혈2리 375-1
경상북도	영주시	영농폐기물 공동집하장	경상북도 영주시 평은면 용혈리 375-1
경상북도	영주시	영농폐기물 공동집하장	경상북도 영주시 평은면 지곡1리 533-1
경상북도	영주시	영농폐기물 공동집하장	경상북도 영주시 평은면 지곡2리 730
경상북도	영주시	영농폐기물 공동집하장	경상북도 영주시 평은면 지곡리 82-1
경상북도	영주시	영농폐기물 공동집하장	경상북도 영주시 평은면 천본1리 569
경상북도	영주시	영농폐기물 공동집하장	경상북도 영주시 평은면 천본2리 261-4
경상북도	영주시	영농폐기물 공동집하장	경상북도 영주시 평은면 천본리 1127-4 내매
경상북도	영주시	영농폐기물 공동집하장	경상북도 영주시 평은면 천본리 569
경상북도	영주시	영농폐기물 공동집하장	경상북도 영주시 평은면 평은로384번길 70
경상북도	영주시	영농폐기물 공동집하장	경상북도 영주시 평은면 평은리 272, 272-1
경상북도	영주시	영농폐기물 공동집하장	경상북도 영주시 평은면 평은리 272, 272-1
경상북도	영주시	영농폐기물 공동집하장	경상북도 영주시 평은면 평은리 947
경상북도	영주시	영농폐기물 공동집하장	경상북도 영주시 풍기읍 미곡리 42-2
경상북도	영주시	영농폐기물 공동집하장	경상북도 영주시 풍기읍 수철리 126-14
경상북도	영주시	영농폐기물 공동집하장	경상북도 영주시 휴천1동 948-1(둘구비)
경상북도	영천시	논실리 집하장	경상북도 영천시 고경면 논실리 517-1
경상북도	영천시	단포리 집하장	경상북도 영천시 고경면 단포리 99
경상북도	영천시	대의리 집하장	경상북도 영천시 고경면 대의리 272
경상북도	영천시	대의리 집하장 -2	경상북도 영천시 고경면 대의리 40-1
경상북도	영천시	부리 집하장	경상북도 영천시 고경면 부리 180-2
경상북도	영천시	삼산리 집하장	경상북도 영천시 고경면 삼산리 산 53
경상북도	영천시	오류리 집하장	경상북도 영천시 고경면 오류리 814-2
경상북도	영천시	칠전리 집하장	경상북도 영천시 고경면 칠전리 98-1
경상북도	영천시	창상리 집하장	경상북도 영천시 고경면 효자로 158
경상북도	영천시	구암리 집하장	경상북도 영천시 금호읍 구암리 1050-15
경상북도	영천시	남성리 집하장	경상북도 영천시 금호읍 남성리 305-1번지
경상북도	영천시	대미리 집하장	경상북도 영천시 금호읍 대미리 937-35
경상북도	영천시	석섬리 집하장	경상북도 영천시 금호읍 석섬리 282-1
경상북도	영천시	성천리 집하장	경상북도 영천시 금호읍 성천리 309
경상북도	영천시	약남리 집하장	경상북도 영천시 금호읍 약남리 82
경상북도	영천시	황정리 집하장	경상북도 영천시 금호읍 황정리 446
경상북도	영천시	범어동 집하장	경상북도 영천시 남부동 범어동 644-1
경상북도	영천시	본촌동 집하장	경상북도 영천시 남부동 본촌동 231
경상북도	영천시	녹전동 집하장	경상북도 영천시 녹전동 382-1
경상북도	영천시	사리리 집하장	경상북도 영천시 대창면 사리리 산32번지
경상북도	영천시	용전리 집하장	경상북도 영천시 대창면 용전리 538-4
경상북도	영천시	대천리 집하장	경상북도 영천시 대천리 823-3
경상북도	영천시	도동 집하장	경상북도 영천시 도동 53-3
경상북도	영천시	도림동 집하장	경상북도 영천시 도림동 산46
경상북도	영천시	신기리 집하장	경상북도 영천시 동부동 신기동 108-2
경상북도	영천시	조교동 집하장	경상북도 영천시 동부동 조교동 349-1
경상북도	영천시	봉죽리 집하장	경상북도 영천시 봉죽리 110-1
경상북도	영천시	명주리 집하장	경상북도 영천시 북안면 명주리 573-36
경상북도	영천시	송포리 집하장	경상북도 영천시 북안면 송포리 251-4
경상북도	영천시	용계리 집하장	경상북도 영천시 북안면 용계리 424-4
경상북도	영천시	사천리 집하장	경상북도 영천시 사천리 395-3
경상북도	영천시	쌍계동 집하장	경상북도 영천시 서부동 쌍계동 504-18번지
경상북도	영천시	화룡동 집하장	경상북도 영천시 서부동 화룡동 740-2
경상북도	영천시	부산리 집하장	경상북도 영천시 신녕면 부산리 269, 269-1
경상북도	영천시	연정리 집하장	경상북도 영천시 신녕면 연정리 621
경상북도	영천시	완전리 집하장 -1	경상북도 영천시 신녕면 완전리 617-73,617-4,617-5
경상북도	영천시	완전리 집하장 -2	경상북도 영천시 신녕면 완전리 665-5,665-7, 667-4
경상북도	영천시	왕산리 집하장 -2	경상북도 영천시 신녕면 왕산1리 655-3
경상북도	영천시	왕산리 집하장	경상북도 영천시 신녕면 왕산리 234
경상북도	영천시	왕산리 집하장 -1	경상북도 영천시 신녕면 왕산리 324
경상북도	영천시	화남1리 집하장	경상북도 영천시 신녕면 화남1리 677-4
경상북도	영천시	화남리 집하장	경상북도 영천시 신녕면 화남리 1223
경상북도	영천시	화남리 집하장 -2	경상북도 영천시 신녕면 화남리 1448-71
경상북도	영천시	화남리 집하장	경상북도 영천시 신녕면 화남리 1473
경상북도	영천시	화남리 집하장	경상북도 영천시 신녕면 화남리 197-1
경상북도	영천시	화남리 집하장-1	경상북도 영천시 신녕면 화남리 677-4
경상북도	영천시	화성리 집하장 -3	경상북도 영천시 신녕면 화성리 533-1
경상북도	영천시	화성리 집하장 -1	경상북도 영천시 신녕면 화성리 551-1
경상북도	영천시	화성리 집하장 -2	경상북도 영천시 신녕면 화성리 748-1
경상북도	영천시	금대리 집하장 -1	경상북도 영천시 임고면 금대리 1029-28
경상북도	영천시	금대리 집하장 -2	경상북도 영천시 임고면 금대리 998
경상북도	영천시	사리 집하장 -2	경상북도 영천시 임고면 사리 1173
경상북도	영천시	사리 집하장	경상북도 영천시 임고면 사리 971-4
경상북도	영천시	삼매1리 집하장	경상북도 영천시 임고면 삼매1리 산 177
경상북도	영천시	삼매2리 집하장	경상북도 영천시 임고면 삼매2리 1027-1
경상북도	영천시	수성1리 집하장	경상북도 영천시 임고면 수성1리 1212-2
경상북도	영천시	수성리 집하장	경상북도 영천시 임고면 수성리 730-2
경상북도	영천시	양평리 집하장	경상북도 영천시 임고면 양평리 637-3
경상북도	영천시	우항리 집하장 -2	경상북도 영천시 임고면 우항리 1045-145
경상북도	영천시	우항리 집하장 -1	경상북도 영천시 임고면 우항리 850-1
경상북도	영천시	효리 집하장	경상북도 영천시 임고면 효리 863-5
경상북도	영천시	보현리 집하장	경상북도 영천시 자양면 보현리 393
경상북도	영천시	삼귀리 집하장	경상북도 영천시 자양면 삼귀리 201-3
경상북도	영천시	성곡리 집하장	경상북도 영천시 자양면 성곡리 715-3
경상북도	영천시	신방리 집하장	경상북도 영천시 자양면 신방리 1071
경상북도	영천시	신방리 집하장	경상북도 영천시 자양면 신방리 산4
경상북도	영천시	용산리 집하장	경상북도 영천시 자양면 용산리 274
경상북도	영천시	녹전동 집하장	경상북도 영천시 중앙동 녹전동 382-1
경상북도	영천시	도림동 집하장 -1	경상북도 영천시 중앙동 도림동 산46번지
경상북도	영천시	도림동 집하장 -2	경상북도 영천시 중앙동 도림동778
경상북도	영천시	계지리 집하장	경상북도 영천시 청통면 계지리 948-43
경상북도	영천시	계지리 집하장-2	경상북도 영천시 청통면 계지리 968-53
경상북도	영천시	계포리 집하장	경상북도 영천시 청통면 계포리 144-1
경상북도	영천시	신원리 집하장	경상북도 영천시 청통면 신원리 420
경상북도	영천시	신학리 집하장	경상북도 영천시 청통면 신학리 산 17-4
경상북도	영천시	신학리 집하장 -2	경상북도 영천시 청통면 신학리 산17-4
경상북도	영천시	신학리 집하장-1	경상북도 영천시 청통면 신학리 산17-4
경상북도	영천시	구전리 집하장	경상북도 영천시 화남면 구전리 99
경상북도	영천시	귀호리 집하장	경상북도 영천시 화남면 귀호리 1217
경상북도	영천시	금호리 집하장	경상북도 영천시 화남면 금호리 208
경상북도	영천시	삼창리 집하장	경상북도 영천시 화남면 삼창리 88
경상북도	영천시	삼창리 집하장	경상북도 영천시 화남면 삼창리 881
경상북도	영천시	안천리 집하장	경상북도 영천시 화남면 안천리 628-1
경상북도	영천시	온천리 집하장	경상북도 영천시 화남면 온천리 259-1
경상북도	영천시	공덕리 집하장	경상북도 영천시 화북면 공덕리 422
경상북도	영천시	자천리 집하장 -2	경상북도 영천시 화북면 자천리 2459-6
경상북도	영천시	자천리 집하장	경상북도 영천시 화북면 자천리 2459-9
경상북도	영천시	죽전리 집하장	경상북도 영천시 화북면 죽전리 1092
경상북도	영천시	횡계리 집하장	경상북도 영천시 화북면 횡계리 880
경상북도	영천시	가상리 집하장	경상북도 영천시 화산면 가상리 산69-3
경상북도	영천시	당곡리 집하장	경상북도 영천시 화산면 당곡리 431-2
경상북도	영천시	당지리 집하장	경상북도 영천시 화산면 당지리 219-2
경상북도	영천시	대기리 집하장	경상북도 영천시 화산면 대기리 405
경상북도	영천시	덕암리 집하장	경상북도 영천시 화산면 덕암리 219
경상북도	영천시	삼부리 집하장	경상북도 영천시 화산면 삼부리 112
경상북도	영천시	암기리 집하장	경상북도 영천시 화산면 암기리 871-1, 871-3
경상북도	영천시	연계리 집하장	경상북도 영천시 화산면 연계리 219-1
경상북도	영천시	용평리 집하장 -2	경상북도 영천시 화산면 용평리 425-63
경상북도	영천시	용평리 집하장	경상북도 영천시 화산면 용평리 425-63
경상북도	영천시	유성2리 집하장	경상북도 영천시 화산면 유성리 1453
경상북도	영천시	유성리3 집하장	경상북도 영천시 화산면 유성리 695
경상북도	영천시	화산리 집하장	경상북도 영천시 화산면 화산리 148
경상북도	영천시	화산리 집하장	경상북도 영천시 화산면 화산리 465
경상북도	영천시	화산리 집하장 -2	경상북도 영천시 화산면 화산리 636-1
경상북도	영천시	효정리 집하장	경상북도 영천시 화산면 효정리 1327-1
경상북도	예천군	관현1리 집하장	경상북도 예천군 감천면 관현리 437
경상북도	예천군	대맥2리 집하장	경상북도 예천군 감천면 대맥리 214-3
경상북도	예천군	대맥2리 집하장	경상북도 예천군 감천면 대맥리 842
경상북도	예천군	대맥1리 집하장	경상북도 예천군 감천면 대맥리 산127-3
경상북도	예천군	덕율2리 수용골 집하장	경상북도 예천군 감천면 덕율리 1390
경상북도	예천군	덕율3리 집하장	경상북도 예천군 감천면 덕율리 476-1
경상북도	예천군	덕율2리 집하장	경상북도 예천군 감천면 덕율리 산90-2, 산 224
경상북도	예천군	돈산리 집하장	경상북도 예천군 감천면 돈산리 560-2
경상북도	예천군	마촌리 집하장	경상북도 예천군 감천면 마촌리 554-5
경상북도	예천군	미석3리 집하장	경상북도 예천군 감천면 미석3리 64-2
경상북도	예천군	미석3리 집하장	경상북도 예천군 감천면 미석리 643-15
경상북도	예천군	미석2리 집하장	경상북도 예천군 감천면 미석리 847
경상북도	예천군	유2리 집하장	경상북도 예천군 감천면 유리 542
경상북도	예천군	유1리 집하장	경상북도 예천군 감천면 유리 729-2(산34)
경상북도	예천군	장산1리 집하장	경상북도 예천군 감천면 장산리 110
경상북도	예천군	증거리 집하장	경상북도 예천군 감천면 증거리 21
경상북도	예천군	진평1리 집하장	경상북도 예천군 감천면 진평리 471-6
경상북도	예천군	포1리 집하장	경상북도 예천군 감천면 포리 330-2
경상북도	예천군	포2리 집하장	경상북도 예천군 감천면 포리 905
경상북도	예천군	현내리 집하장	경상북도 예천군 감천면 현내리 603-3, 현내리 648-5
경상북도	예천군	가곡1리 집하장	경상북도 예천군 개포면 가곡리 727
경상북도	예천군	가곡1리 집하장	경상북도 예천군 개포면 가곡리 772-4
경상북도	예천군	가곡2리 집하장	경상북도 예천군 개포면 가곡리 787-3
경상북도	예천군	가곡2리 집하장	경상북도 예천군 개포면 가곡리 851-5
경상북도	예천군	경진리 집하장	경상북도 예천군 개포면 경진리 666-11
경상북도	예천군	금리 집하장	경상북도 예천군 개포면 금리 228
경상북도	예천군	동송리 집하장	경상북도 예천군 개포면 동송리 289-2
경상북도	예천군	동송리 집하장	경상북도 예천군 개포면 동송리 산 2-2
경상북도	예천군	신음리 집하장	경상북도 예천군 개포면 신음리 378-1(379)
경상북도	예천군	우감2리 집하장	경상북도 예천군 개포면 우감리 145-1
경상북도	예천군	우감1리 집하장	경상북도 예천군 개포면 우감리 611-1
경상북도	예천군	이사리 집하장	경상북도 예천군 개포면 이사리 384
경상북도	예천군	입암리 집하장	경상북도 예천군 개포면 입암리 288-1
경상북도	예천군	풍정리 집하장	경상북도 예천군 개포면 풍정리 381
경상북도	예천군	황산2리 집하장	경상북도 예천군 개포면 황산리 264
경상북도	예천군	황산1리 집하장	경상북도 예천군 개포면 황산리 485
경상북도	예천군	간방3리 집하장	경상북도 예천군 보문면 간방리 261
경상북도	예천군	간방1리 집하장	경상북도 예천군 보문면 간방리 593-8
경상북도	예천군	간방2리 집하장	경상북도 예천군 보문면 간방리 861
경상북도	예천군	기곡1리 집하장	경상북도 예천군 보문면 기곡리 480
경상북도	예천군	기곡2리 집하장	경상북도 예천군 보문면 기곡리 717
경상북도	예천군	독양2리 집하장	경상북도 예천군 보문면 독양리 302-1
경상북도	예천군	독양1리 집하장	경상북도 예천군 보문면 독양리 759, 독양리 805-1
경상북도	예천군	미호1리 집하장	경상북도 예천군 보문면 미호리 116-5
경상북도	예천군	산성리 농약빈병 집하장	경상북도 예천군 보문면 산성리 222-3
경상북도	예천군	수계1리 영농폐기물 공동집하장	경상북도 예천군 보문면 수게리 667-1, 667-3
경상북도	예천군	수계2리 집하장	경상북도 예천군 보문면 수계리 463-1
경상북도	예천군	승본리 집하장	경상북도 예천군 보문면 승본리 469
경상북도	예천군	신월1리 집하장	경상북도 예천군 보문면 신월리 163-7
경상북도	예천군	신월2리 집하장	경상북도 예천군 보문면 신월리 711-2
경상북도	예천군	오신리 집하장	경상북도 예천군 보문면 오신리 283-16
경상북도	예천군	오암2리 집하장	경상북도 예천군 보문면 오암리 144-4
경상북도	예천군	오암1리 집하장	경상북도 예천군 보문면 오암리 531-2
경상북도	예천군	우래2리 집하장	경상북도 예천군 보문면 우래리 182
경상북도	예천군	우래2리 집하장	경상북도 예천군 보문면 우래리 182
경상북도	예천군	우래1리 집하장	경상북도 예천군 보문면 우래리 519
경상북도	예천군	작곡리 집하장	경상북도 예천군 보문면 작곡리 631-2
경상북도	예천군	갈구1리 집하장	경상북도 예천군 예천읍 갈구리 49
경상북도	예천군	고평1리 집하장	경상북도 예천군 예천읍 고평리 141-8
경상북도	예천군	청복2리 집하장	경상북도 예천군 예천읍 고평리 739
경상북도	예천군	대심2리 집하장	경상북도 예천군 예천읍 대심리 815-3, 815-4
경상북도	예천군	고평2리 집하장	경상북도 예천군 예천읍 동본리 572-4
경상북도	예천군	통명리 집하장	경상북도 예천군 예천읍 동본리 572-4
경상북도	예천군	동본2리 집하장	경상북도 예천군 예천읍 동본리 572-4
경상북도	예천군	상동리 집하장	경상북도 예천군 예천읍 상동리 399-4
경상북도	예천군	생천리 집하장	경상북도 예천군 예천읍 생천리 750
경상북도	예천군	석정리 집하장	경상북도 예천군 예천읍 석정리 190-2
경상북도	예천군	왕신2리 집하장	경상북도 예천군 예천읍 왕신길 278-18
경상북도	예천군	용산2리 집하장	경상북도 예천군 예천읍 용산리 217
경상북도	예천군	우계리 집하장	경상북도 예천군 예천읍 우계리 173-1
경상북도	예천군	갈구2리 집하장	경상북도 예천군 예천읍 우계리 632
경상북도	예천군	청복2리 집하장	경상북도 예천군 예천읍 원고개길 57-25
경상북도	예천군	지내리 집하장	경상북도 예천군 예천읍 지내리 549
경상북도	예천군	청복1리 집하장	경상북도 예천군 예천읍 청복리 693-2
경상북도	예천군	왕신2리 집하장	경상북도 예천군 예천읍 청복리 990-1
경상북도	예천군	대은1리 집하장	경상북도 예천군 용궁면 대은리 689-3
경상북도	예천군	덕계리 집하장	경상북도 예천군 용궁면 덕계리 781-49, 781-5
경상북도	예천군	무이1리 집하장	경상북도 예천군 용궁면 무이리 1153
경상북도	예천군	무이2리 집하장	경상북도 예천군 용궁면 무이리 633-2
경상북도	예천군	산택2리 집하장	경상북도 예천군 용궁면 산택리 205-4 (산택리 258-2 앞)
경상북도	예천군	송암1리 집하장	경상북도 예천군 용궁면 송암리 477-6
경상북도	예천군	대은1리 실음실 집하장	경상북도 예천군 용궁면 실음실길 (대은리 920)
경상북도	예천군	월오1리 집하장	경상북도 예천군 용궁면 월오리 1145
경상북도	예천군	향석1리 집하장	경상북도 예천군 용궁면 향석리 376-6, 130
경상북도	예천군	향석2리 집하장	경상북도 예천군 용궁면 향석리 612-1
경상북도	예천군	두천리 집하장	경상북도 예천군 용문면 두천리 8
경상북도	예천군	사부2리 집하장	경상북도 예천군 용문면 사부리 187-1
경상북도	예천군	선2리 집하장	경상북도 예천군 용문면 선리 산 22, 산 22-1
경상북도	예천군	직리 집하장	경상북도 예천군 용문면 직리 214-2
경상북도	예천군	하학리 집하장	경상북도 예천군 용문면 하학리 33
경상북도	예천군	가리 집하장	경상북도 예천군 유천면 가리 838, 850
경상북도	예천군	고림리 집하장	경상북도 예천군 유천면 고림리 378
경상북도	예천군	광전리 집하장	경상북도 예천군 유천면 광전리 529
경상북도	예천군	마천리 집하장	경상북도 예천군 유천면 마천리 317-8
경상북도	예천군	매산리 집하장	경상북도 예천군 유천면 매산리 330-3
경상북도	예천군	사곡리 집하장	경상북도 예천군 유천면 사곡리 158
경상북도	예천군	성평리 1 집하장	경상북도 예천군 유천면 성평리 451
경상북도	예천군	성평리 2 집하장	경상북도 예천군 유천면 성평리 81-2
경상북도	예천군	손기리 2 집하장	경상북도 예천군 유천면 손기리 137-2
경상북도	예천군	손기리 1 집하장	경상북도 예천군 유천면 손기리 428-7
경상북도	예천군	송전리 집하장	경상북도 예천군 유천면 송전리 204
경상북도	예천군	송지리 집하장	경상북도 예천군 유천면 송지리 27-3
경상북도	예천군	수심리 집하장	경상북도 예천군 유천면 수심리 532
경상북도	예천군	연천리 집하장	경상북도 예천군 유천면 연천리 447-6
경상북도	예천군	용암리 집하장	경상북도 예천군 유천면 용암리 181
경상북도	예천군	율현리 집하장	경상북도 예천군 유천면 율현리 509-9
경상북도	예천군	중평리 집하장	경상북도 예천군 유천면 중평리 225
경상북도	예천군	초적리 집하장	경상북도 예천군 유천면 초적리 56-1
경상북도	예천군	화지2리 집하장	경상북도 예천군 유천면 화지리 432-2, 373-1
경상북도	예천군	화지1리 집하장	경상북도 예천군 유천면 화지리 523
경상북도	예천군	화전리 집하장	경상북도 예천군 유천면 화지리 523
경상북도	예천군	금곡1리(쇠실) 집하장	경상북도 예천군 은풍면 금곡리 553
경상북도	예천군	금곡1리 집하장	경상북도 예천군 은풍면 금곡리 553 (은풍면 금곡리 13-1 경계)
경상북도	예천군	부초리 집하장	경상북도 예천군 은풍면 부초리 292-1
경상북도	예천군	송월리 집하장	경상북도 예천군 은풍면 송월리 198-5
경상북도	예천군	시항리 집하장	경상북도 예천군 은풍면 시항리 193-1
경상북도	예천군	오류1리 집하장	경상북도 예천군 은풍면 오류리 161-5
경상북도	예천군	오류2리 집하장	경상북도 예천군 은풍면 오류리 401-2
경상북도	예천군	우곡1리 집하장	경상북도 예천군 은풍면 우곡리 107
경상북도	예천군	우곡3리 집하장	경상북도 예천군 은풍면 우곡리 365-1
경상북도	예천군	은산2리 집하장	경상북도 예천군 은풍면 은산리 산31
경상북도	예천군	탑1리 집하장	경상북도 예천군 은풍면 탑리 513-1
경상북도	예천군	탑2리 집하장	경상북도 예천군 은풍면 탑리 553
경상북도	예천군	대죽리 집하장	경상북도 예천군 지보면 대죽리 183-1
경상북도	예천군	마산리 집하장	경상북도 예천군 지보면 마산리 509
경상북도	예천군	마전1리 집하장	경상북도 예천군 지보면 마전리 350-1
경상북도	예천군	원학 집하장	경상북도 예천군 지보면 마전리 364-2 (마전리 590-1 앞)
경상북도	예천군	구마전 집하장	경상북도 예천군 지보면 마전리 743
경상북도	예천군	만화1리 집하장	경상북도 예천군 지보면 만화리 282-1
경상북도	예천군	만촌 집하장	경상북도 예천군 지보면 만화리 816, 만화리 427-1
경상북도	예천군	매창리 2집하장	경상북도 예천군 지보면 매창리 666-2, 1170
경상북도	예천군	매창리 1집하장	경상북도 예천군 지보면 매창리 872-5, 967
경상북도	예천군	상월리 1집하장	경상북도 예천군 지보면 상월리 산11-2, 상월리 535-1 (상월길 135 근처)
경상북도	예천군	상월리 2집하장	경상북도 예천군 지보면 상월리 산51 (상월길 237 근처)
경상북도	예천군	소화1리 집하장	경상북도 예천군 지보면 소화리 1455-10
경상북도	예천군	수월리 집하장	경상북도 예천군 지보면 수월리 921-1
경상북도	예천군	수월1리 집하장	경상북도 예천군 지보면 수월리 산13
경상북도	예천군	신풍리 2집하장	경상북도 예천군 지보면 신풍리 348-4
경상북도	예천군	신풍리 1집하장	경상북도 예천군 지보면 신풍리 551, 신풍리1332-5
경상북도	예천군	암천리 집하장	경상북도 예천군 지보면 암천리 471
경상북도	예천군	어신리 집하장	경상북도 예천군 지보면 어신리 1350-5
경상북도	예천군	어신1리 집하장	경상북도 예천군 지보면 어신리 440
경상북도	예천군	지보리 집하장	경상북도 예천군 지보면 지보리 778-3, 908-94
경상북도	예천군	도장리 집하장	경상북도 예천군 지보면 지보리 산22
경상북도	예천군	고산1리 집하장	경상북도 예천군 풍양면 고산리 726-7
경상북도	예천군	공덕1리 집하장	경상북도 예천군 풍양면 공덕리 861
경상북도	예천군	공덕2리 집하장	경상북도 예천군 풍양면 공덕리 861-9
경상북도	예천군	공덕3리 집하장	경상북도 예천군 풍양면 공덕리 902-1
경상북도	예천군	괴당2리 집하장	경상북도 예천군 풍양면 괴당리 460-16
경상북도	예천군	괴당1리 집하장	경상북도 예천군 풍양면 괴당리 779-24
경상북도	예천군	낙상3리 집하장	경상북도 예천군 풍양면 낙상리 538-5, 538-15, 580-1
경상북도	예천군	낙상1리 집하장	경상북도 예천군 풍양면 낙상리 802-9, 1344-5
경상북도	예천군	삼강리 집하장	경상북도 예천군 풍양면 삼강리 375-3, 454-21
경상북도	예천군	오지리 집하장	경상북도 예천군 풍양면 오지리 251
경상북도	예천군	와룡2리 집하장	경상북도 예천군 풍양면 와룡리 316-1
경상북도	예천군	풍양농업경영인집하장	경상북도 예천군 풍양면 와룡리 905-54
경상북도	예천군	우망1리 집하장	경상북도 예천군 풍양면 우망리 987-2 / 1070 / 425
경상북도	예천군	청곡1리 집하장	경상북도 예천군 풍양면 청곡리 1063
경상북도	예천군	청운1리 집하장	경상북도 예천군 풍양면 청운리 399-3
경상북도	예천군	청운3리 집하장	경상북도 예천군 풍양면 청운리 산 91
경상북도	예천군	풍신1리 집하장	경상북도 예천군 풍양면 풍신리 284-1
경상북도	예천군	하풍리 집하장	경상북도 예천군 풍양면 하풍리 311-6
경상북도	예천군	효갈1리 집하장	경상북도 예천군 풍양면 효갈리 1096
경상북도	예천군	효갈2리 집하장	경상북도 예천군 풍양면 효갈리 98-2
경상북도	예천군	흔효1리 집하장	경상북도 예천군 풍양면 흔효리 167-1
경상북도	예천군	흔효2리 집하장	경상북도 예천군 풍양면 흔효리 556-10 / 산 45-10
경상북도	예천군	흥천1리 집하장	경상북도 예천군 풍양면 흥천리 725-6번지
경상북도	예천군	금능1리 폐비닐집하장	경상북도 예천군 호명면 금능리 659-13
경상북도	예천군	내신2리 집하장	경상북도 예천군 호명면 내신리 622-1, 729-1
경상북도	예천군	내신1리 집하장	경상북도 예천군 호명면 내신리 696-7
경상북도	예천군	담암리 집하장	경상북도 예천군 호명면 담암리 274
경상북도	예천군	백송리 집하장	경상북도 예천군 호명면 백송리 산4-1
경상북도	예천군	본리 집하장	경상북도 예천군 호명면 본리 721-1
경상북도	예천군	본포리 집하장	경상북도 예천군 호명면 본포리 49
경상북도	예천군	산합1리 폐비닐집하장	경상북도 예천군 호명면 산합리 918
경상북도	예천군	오천리 집하장	경상북도 예천군 호명면 오천리 산27
경상북도	예천군	원곡리 집하장	경상북도 예천군 호명면 원곡리 535-2, 483-2, 483-4
경상북도	예천군	월포리 집하장	경상북도 예천군 호명면 월포리 432-4
경상북도	예천군	종산2리 집하장	경상북도 예천군 호명면 종산리 325
경상북도	예천군	종산1리 집하장	경상북도 예천군 호명면 종산리 661-1
경상북도	예천군	종산2리 집하장	경상북도 예천군 호명면 종산리 844-2
경상북도	예천군	직산2리 집하장	경상북도 예천군 호명면 직산리 1266-1
경상북도	예천군	직산1리 집하장	경상북도 예천군 호명면 직산리 산91
경상북도	예천군	한어리 집하장	경상북도 예천군 호명면 한어리 221-1
경상북도	예천군	형호리 집하장	경상북도 예천군 호명면 형호리 산1
경상북도	예천군	황지리 집하장	경상북도 예천군 호명면 황지리 804-9
경상북도	예천군	고항리 집하장	경상북도 예천군 효자면 고항리 1248-1 (신기)
경상북도	예천군	도촌리 2 집하장	경상북도 예천군 효자면 도촌리 128-1 (안마)
경상북도	예천군	도촌리 1 집하장	경상북도 예천군 효자면 도촌리 493-1
경상북도	예천군	두성리 집하장	경상북도 예천군 효자면 두성리 61-8 (사성)
경상북도	예천군	명봉리 집하장	경상북도 예천군 효자면 명봉리 274-1
경상북도	예천군	보곡리 1 집하장	경상북도 예천군 효자면 보곡리 438 (상보곡)
경상북도	예천군	보곡리 2 집하장	경상북도 예천군 효자면 보곡리 571 (하보곡)
경상북도	예천군	은산1리 집하장	경상북도 예천군 효자면 보곡리 산1 (은풍면 은산리 경계)
경상북도	예천군	사곡리 집하장	경상북도 예천군 효자면 사곡리 619
경상북도	예천군	용두리 집하장	경상북도 예천군 효자면 용두리 200-1
경상북도	울진군	구산4리 마을 공동집하장	경상북도 울진군 근남면 구산리 836
경상북도	울진군	구산2리 마을 공동집하장	경상북도 울진군 근남면 구산리 929-3
경상북도	울진군	구산3리 마을 공동집하장	경상북도 울진군 근남면 구산리 산149
경상북도	울진군	산포2리 마을 공동집하장	경상북도 울진군 근남면 산포리 555-1
경상북도	울진군	산포3리 마을 공동집하장	경상북도 울진군 근남면 산포리 67-3
경상북도	울진군	산포1리 마을 공동집하장	경상북도 울진군 근남면 산포리 866-1
경상북도	울진군	수곡1리 마을 공동집하장	경상북도 울진군 근남면 수곡리 149-4
경상북도	울진군	행곡3리 마을 공동집하장	경상북도 울진군 근남면 행곡리 1094-7
경상북도	울진군	행곡4리 마을 공동집하장	경상북도 울진군 근남면 행곡리 1416-1
경상북도	울진군	행곡1리 마을 공동집하장	경상북도 울진군 근남면 행곡리 492
경상북도	울진군	행곡2리 마을 공동집하장	경상북도 울진군 근남면 행곡리 668-1
경상북도	울진군	광회1리 공동집하장	경상북도 울진군 금강송면 광회리 358-4
경상북도	울진군	광회2리 공동집하장	경상북도 울진군 금강송면 광회리 산 10
경상북도	울진군	삼근2리 공동집하장	경상북도 울진군 금강송면 삼근리 549
경상북도	울진군	삼근1리 공동집하장	경상북도 울진군 금강송면 삼근리 산12-82
경상북도	울진군	소광1리 공동집하장	경상북도 울진군 금강송면 소광리 산 103-3
경상북도	울진군	소광2리 공동집하장	경상북도 울진군 금강송면 소광리 산135-3
경상북도	울진군	소광2리 공동집하장	경상북도 울진군 금강송면 소광리 산135-3
경상북도	울진군	쌍전1리 공동집하장	경상북도 울진군 금강송면 쌍전리 산108-24
경상북도	울진군	쌍전2리 공동집하장	경상북도 울진군 금강송면 쌍전리 산146-1
경상북도	울진군	왕피2리 공동집하장	경상북도 울진군 금강송면 왕피리 985
경상북도	울진군	전곡리 공동집하장	경상북도 울진군 금강송면 전곡리 54-6
경상북도	울진군	다천리 영농폐비닐 집하장	경상북도 울진군 기성면 다천리 387-2
경상북도	울진군	방율리 영농폐비닐집하장	경상북도 울진군 기성면 방율리 산 148-3
경상북도	울진군	사동리 영농폐비닐집하장	경상북도 울진군 기성면 사동리 695-1
경상북도	울진군	삼산리 영농폐비닐집하장	경상북도 울진군 기성면 삼산리 841-1
경상북도	울진군	정명리 영농폐비닐집하장	경상북도 울진군 기성면 정명리 705-2
경상북도	울진군	황보리 영농폐비닐집하장	경상북도 울진군 기성면 황보리 701-1
경상북도	울진군	갈면리 집하장	경상북도 울진군 매화면 갈면리 26-1
경상북도	울진군	금매1리 집하장	경상북도 울진군 매화면 금매리 306-3
경상북도	울진군	기양1리 집하장	경상북도 울진군 매화면 기양리 1022-1
경상북도	울진군	기양3리 집하장	경상북도 울진군 매화면 기양리 781-1
경상북도	울진군	덕신1리 집하장	경상북도 울진군 매화면 덕신리 5-4
경상북도	울진군	매화2리 집하장	경상북도 울진군 매화면 매화2리 689-27
경상북도	울진군	신흥1리 집하장	경상북도 울진군 매화면 신흥리 446-1
경상북도	울진군	신흥2리 집하장	경상북도 울진군 매화면 신흥리 786
경상북도	울진군	신흥1리 집하장	경상북도 울진군 매화면 신흥리 산250
경상북도	울진군	신흥1리 집하장	경상북도 울진군 매화면 신흥리 산250(추가설치)
경상북도	울진군	고목3리 집하장-1	경상북도 울진군 북면 고목리 131-1
경상북도	울진군	고목3리 집하장-2	경상북도 울진군 북면 고목리 175-1
경상북도	울진군	나곡4리 집하장	경상북도 울진군 북면 나곡리 837-4
경상북도	울진군	신화1리 집하장	경상북도 울진군 북면 신화리 306-4
경상북도	울진군	근남면 수곡2리 마을 공동집하장	경상북도 울진군 수곡리 701-3
경상북도	울진군	덕산1리 영농폐비닐 공동집하장	경상북도 울진군 온정면 덕산리 513-3
경상북도	울진군	선구2리 영농폐비닐 공동집하장	경상북도 울진군 온정면 선구리 354-5
경상북도	울진군	선구1리 영농폐비닐 집하장	경상북도 울진군 온정면 선구리 551-2
경상북도	울진군	소태리 영농폐비닐 집하장	경상북도 울진군 온정면 소태리 1053-3
경상북도	울진군	온정면 소태리 영농폐비닐 집하장	경상북도 울진군 온정면 소태리 404-1
경상북도	울진군	외선미 1리 영농폐비닐 공동집하장	경상북도 울진군 온정면 외선미리 287-5
경상북도	울진군	울진읍 공동집하장	경상북도 울진군 울진읍 호월리 111
경상북도	울진군	봉평1리 마을집하장	경상북도 울진군 죽변면 봉평리 300-1
경상북도	울진군	화성3리 마을집하장	경상북도 울진군 죽변면 화성리 100-12
경상북도	울진군	화성3리 마을집하장	경상북도 울진군 죽변면 화성리 100-27
경상북도	울진군	화성3리 마을집하장	경상북도 울진군 죽변면 화성리 100-27
경상북도	울진군	화성2리 마을집하장	경상북도 울진군 죽변면 화성리 1218
경상북도	울진군	화성1리 마을집하장	경상북도 울진군 죽변면 화성리 575-1
경상북도	울진군	화성4리 마을집하장	경상북도 울진군 죽변면 화성리 738-1
경상북도	울진군	화성2리 마을집하장	경상북도 울진군 죽변면 화성리 산 138
경상북도	울진군	후정2리 마을집하장	경상북도 울진군 죽변면 후정리 1258
경상북도	울진군	후정1리 마을집하장	경상북도 울진군 죽변면 후정리 605-1
경상북도	울진군	후정1리 마을집하장	경상북도 울진군 죽변면 후정리 652
경상북도	울진군	후정4리 마을집하장	경상북도 울진군 죽변면 후정리 954-1
경상북도	울진군	오곡 폐비닐 집하장	경상북도 울진군 평해읍 오곡리 100-1
경상북도	울진군	평해 폐비닐집하장	경상북도 울진군 평해읍 평해리 1296
경상북도	의성군	영농폐기물 공동집하장	경상북도 의성군  점곡 사촌리 산30-3
경상북도	의성군	영농폐기물 공동집하장	경상북도 의성군  점곡 송내리 473-2
경상북도	의성군	영농폐기물 공동집하장	경상북도 의성군 가음 가산1리1186-132
경상북도	의성군	영농폐기물 공동집하장	경상북도 의성군 가음 가산3리 986-3
경상북도	의성군	영농폐기물 공동집하장	경상북도 의성군 가음 가산리 1186-132
경상북도	의성군	영농폐기물 공동집하장	경상북도 의성군 가음 가산리 1186-156(가산교 옆)
경상북도	의성군	영농폐기물 공동집하장	경상북도 의성군 가음 가산리 1186-190(가산교 옆)
경상북도	의성군	영농폐기물 공동집하장	경상북도 의성군 가음 가산리 986-3(대보들 농로)
경상북도	의성군	영농폐기물 공동집하장	경상북도 의성군 가음 가산리 986-3(대보들 농로)
경상북도	의성군	영농폐기물 공동집하장	경상북도 의성군 가음 귀천3리 624-95
경상북도	의성군	영농폐기물 공동집하장	경상북도 의성군 가음 귀천리 463(마을회관 옆)
경상북도	의성군	영농폐기물 공동집하장	경상북도 의성군 가음 귀천리 463-3
경상북도	의성군	영농폐기물 공동집하장	경상북도 의성군 가음 귀천리 463-3(마을회관 옆)
경상북도	의성군	영농폐기물 공동집하장	경상북도 의성군 가음 귀천리 627-1
경상북도	의성군	영농폐기물 공동집하장	경상북도 의성군 가음 귀천리 681-1 옆
경상북도	의성군	영농폐기물 공동집하장	경상북도 의성군 가음 순호2리 산151-2
경상북도	의성군	영농폐기물 공동집하장	경상북도 의성군 가음 순호3리 1224
경상북도	의성군	영농폐기물 공동집하장	경상북도 의성군 가음 순호리 1224-4
경상북도	의성군	영농폐기물 공동집하장	경상북도 의성군 가음 순호리 289-3
경상북도	의성군	영농폐기물 공동집하장	경상북도 의성군 가음 순호리 791-1
경상북도	의성군	영농폐기물 공동집하장	경상북도 의성군 가음 순호리 791-12(우사 옆)
경상북도	의성군	영농폐기물 공동집하장	경상북도 의성군 가음 순호리 922-3번지 옆
경상북도	의성군	영농폐기물 공동집하장	경상북도 의성군 가음 순호리 산151-2
경상북도	의성군	영농폐기물 공동집하장	경상북도 의성군 가음 양지리 389-3
경상북도	의성군	영농폐기물 공동집하장	경상북도 의성군 가음 양지리 638-1
경상북도	의성군	영농폐기물 공동집하장	경상북도 의성군 가음 양지리 638-1
경상북도	의성군	영농폐기물 공동집하장	경상북도 의성군 가음 이 귀천2길 144
경상북도	의성군	영농폐기물 공동집하장	경상북도 의성군 가음 이1리 산 60
경상북도	의성군	영농폐기물 공동집하장	경상북도 의성군 가음 이리 270-3(농협창고 옆)
경상북도	의성군	영농폐기물 공동집하장	경상북도 의성군 가음 이리 437-1(사미교 진입 전 공터)
경상북도	의성군	영농폐기물 공동집하장	경상북도 의성군 가음 이리 437-1(사미교 진입 전 공터)
경상북도	의성군	영농폐기물 공동집하장	경상북도 의성군 가음 이리산 59(마을진입로 옆)
경상북도	의성군	영농폐기물 공동집하장	경상북도 의성군 가음 장1리 산26번지
경상북도	의성군	영농폐기물 공동집하장	경상북도 의성군 가음 장리 1536-1(버섯사 옆)
경상북도	의성군	영농폐기물 공동집하장	경상북도 의성군 가음 장리 1536-4
경상북도	의성군	영농폐기물 공동집하장	경상북도 의성군 가음 장리 1536-4
경상북도	의성군	영농폐기물 공동집하장	경상북도 의성군 가음 장리 42번지 옆
경상북도	의성군	영농폐기물 공동집하장	경상북도 의성군 가음 장리 965(마을진입로 옆)
경상북도	의성군	영농폐기물 공동집하장	경상북도 의성군 가음 장리 965번지 옆(마을진입로 옆)
경상북도	의성군	영농폐기물 공동집하장	경상북도 의성군 가음 현리1리 211
경상북도	의성군	영농폐기물 공동집하장	경상북도 의성군 가음 현리2리 1377
경상북도	의성군	영농폐기물 공동집하장	경상북도 의성군 가음 현리리 1377-4번지 옆(주차장)
경상북도	의성군	영농폐기물 공동집하장	경상북도 의성군 가음 현리리 210-1 도로변 주차장
경상북도	의성군	영농폐기물 공동집하장	경상북도 의성군 가음 현리리 308-2 임도 입구
경상북도	의성군	영농폐기물 공동집하장	경상북도 의성군 금성 개일1리 340-11
경상북도	의성군	영농폐기물 공동집하장	경상북도 의성군 금성 개일1리 505
경상북도	의성군	영농폐기물 공동집하장	경상북도 의성군 금성 개일1리 634
경상북도	의성군	영농폐기물 공동집하장	경상북도 의성군 금성 개일2리 190
경상북도	의성군	영농폐기물 공동집하장	경상북도 의성군 금성 구련1리 787-1
경상북도	의성군	영농폐기물 공동집하장	경상북도 의성군 금성 구련2리 716
경상북도	의성군	영농폐기물 공동집하장	경상북도 의성군 금성 구련2리 716
경상북도	의성군	영농폐기물 공동집하장	경상북도 의성군 금성 대리1리 123-4
경상북도	의성군	영농폐기물 공동집하장	경상북도 의성군 금성 대리리 234-10(학미1리)
경상북도	의성군	영농폐기물 공동집하장	경상북도 의성군 금성 도경1리 918-2
경상북도	의성군	영농폐기물 공동집하장	경상북도 의성군 금성 도경1리 936-2
경상북도	의성군	영농폐기물 공동집하장	경상북도 의성군 금성 도경2리 418
경상북도	의성군	영농폐기물 공동집하장	경상북도 의성군 금성 도경3리 1211-3
경상북도	의성군	영농폐기물 공동집하장	경상북도 의성군 금성 만천1리 281
경상북도	의성군	영농폐기물 공동집하장	경상북도 의성군 금성 만천리 299
경상북도	의성군	영농폐기물 공동집하장	경상북도 의성군 금성 명덕1리 산2-3
경상북도	의성군	영농폐기물 공동집하장	경상북도 의성군 금성 산운1리 293-3
경상북도	의성군	영농폐기물 공동집하장	경상북도 의성군 금성 수정1리 685-1
경상북도	의성군	영농폐기물 공동집하장	경상북도 의성군 금성 수정2리 896
경상북도	의성군	영농폐기물 공동집하장	경상북도 의성군 금성 수정리 730
경상북도	의성군	영농폐기물 공동집하장	경상북도 의성군 금성 운곡리 7
경상북도	의성군	영농폐기물 공동집하장	경상북도 의성군 금성 제오1리 1130-1
경상북도	의성군	영농폐기물 공동집하장	경상북도 의성군 금성 제오1리 1130-1
경상북도	의성군	영농폐기물 공동집하장	경상북도 의성군 금성 제오2리 산43-1
경상북도	의성군	영농폐기물 공동집하장	경상북도 의성군 금성 청로1리 6-456
경상북도	의성군	영농폐기물 공동집하장	경상북도 의성군 금성 청로3리 3-70
경상북도	의성군	영농폐기물 공동집하장	경상북도 의성군 금성 청로리 6-456
경상북도	의성군	영농폐기물 공동집하장	경상북도 의성군 금성 초전1리 601-48
경상북도	의성군	영농폐기물 공동집하장	경상북도 의성군 금성 초전2리 73-8번지
경상북도	의성군	영농폐기물 공동집하장	경상북도 의성군 금성 탑리1리 77-3
경상북도	의성군	영농폐기물 공동집하장	경상북도 의성군 금성 탑리2리 산43-1
경상북도	의성군	영농폐기물 공동집하장	경상북도 의성군 금성 하1리 709
경상북도	의성군	영농폐기물 공동집하장	경상북도 의성군 금성 하1리 산146-4
경상북도	의성군	영농폐기물 공동집하장	경상북도 의성군 금성 하2리 275-3
경상북도	의성군	영농폐기물 공동집하장	경상북도 의성군 금성 하리 산 146-5
경상북도	의성군	영농폐기물 공동집하장	경상북도 의성군 금성 학미2리 91
경상북도	의성군	영농폐기물 공동집하장	경상북도 의성군 금성 학미2리 산22-1
경상북도	의성군	영농폐기물 공동집하장	경상북도 의성군 금성 학미3리 345
경상북도	의성군	영농폐기물 공동집하장	경상북도 의성군 금성 학미3리 345
경상북도	의성군	영농폐기물 공동집하장	경상북도 의성군 금성 학미리 850
경상북도	의성군	영농폐기물 공동집하장	경상북도 의성군 다인 가원1리 1144-1
경상북도	의성군	영농폐기물 공동집하장	경상북도 의성군 다인 가원2리 586-2
경상북도	의성군	영농폐기물 공동집하장	경상북도 의성군 다인 가원리 1410-2
경상북도	의성군	영농폐기물 공동집하장	경상북도 의성군 다인 가원리 813-9번지
경상북도	의성군	영농폐기물 공동집하장	경상북도 의성군 다인 달제2리 726-2
경상북도	의성군	영농폐기물 공동집하장	경상북도 의성군 다인 달제3리 133
경상북도	의성군	영농폐기물 공동집하장	경상북도 의성군 다인 덕미1리 558
경상북도	의성군	영농폐기물 공동집하장	경상북도 의성군 다인 덕미리 558번지
경상북도	의성군	영농폐기물 공동집하장	경상북도 의성군 다인 덕지1리 870
경상북도	의성군	영농폐기물 공동집하장	경상북도 의성군 다인 덕지2리 581
경상북도	의성군	영농폐기물 공동집하장	경상북도 의성군 다인 덕지리 823-7번지
경상북도	의성군	영농폐기물 공동집하장	경상북도 의성군 다인 도암1리 94-16
경상북도	의성군	영농폐기물 공동집하장	경상북도 의성군 다인 도암2리 645-2
경상북도	의성군	영농폐기물 공동집하장	경상북도 의성군 다인 봉정리 190
경상북도	의성군	영농폐기물 공동집하장	경상북도 의성군 다인 산내리 762-5
경상북도	의성군	영농폐기물 공동집하장	경상북도 의성군 다인 산내리 산27번지
경상북도	의성군	영농폐기물 공동집하장	경상북도 의성군 다인 삼분리 1500-3번지
경상북도	의성군	영농폐기물 공동집하장	경상북도 의성군 다인 삼분리 683-2
경상북도	의성군	영농폐기물 공동집하장	경상북도 의성군 다인 서릉1리 39-3
경상북도	의성군	영농폐기물 공동집하장	경상북도 의성군 다인 서릉1리 39-3
경상북도	의성군	영농폐기물 공동집하장	경상북도 의성군 다인 서릉2리 999
경상북도	의성군	영농폐기물 공동집하장	경상북도 의성군 다인 송호1리 1636-35
경상북도	의성군	영농폐기물 공동집하장	경상북도 의성군 다인 신락1리 123-2
경상북도	의성군	영농폐기물 공동집하장	경상북도 의성군 다인 신락2리 885
경상북도	의성군	영농폐기물 공동집하장	경상북도 의성군 다인 신락2리 885
경상북도	의성군	영농폐기물 공동집하장	경상북도 의성군 다인 신락2리 산31
경상북도	의성군	영농폐기물 공동집하장	경상북도 의성군 다인 외정1리 산 28
경상북도	의성군	영농폐기물 공동집하장	경상북도 의성군 다인 외정2리 566-1
경상북도	의성군	영농폐기물 공동집하장	경상북도 의성군 다인 용곡2리 295-2
경상북도	의성군	영농폐기물 공동집하장	경상북도 의성군 다인 용곡리 306-6번지
경상북도	의성군	영농폐기물 공동집하장	경상북도 의성군 다인 용곡리 448-5
경상북도	의성군	영농폐기물 공동집하장	경상북도 의성군 다인 용무2리 산78
경상북도	의성군	영농폐기물 공동집하장	경상북도 의성군 다인 평림2리 550-1
경상북도	의성군	영농폐기물 공동집하장	경상북도 의성군 단밀 낙정2리 281
경상북도	의성군	영농폐기물 공동집하장	경상북도 의성군 단밀 생송1리 1668-52
경상북도	의성군	영농폐기물 공동집하장	경상북도 의성군 단밀 생송2리 1668-75
경상북도	의성군	영농폐기물 공동집하장	경상북도 의성군 단밀 생송3리 195-4
경상북도	의성군	영농폐기물 공동집하장	경상북도 의성군 단밀 생송리 1668-19
경상북도	의성군	영농폐기물 공동집하장	경상북도 의성군 단밀 서제1리 144-1
경상북도	의성군	영농폐기물 공동집하장	경상북도 의성군 단밀 서제2 549
경상북도	의성군	영농폐기물 공동집하장	경상북도 의성군 단밀 서제2리 548
경상북도	의성군	영농폐기물 공동집하장	경상북도 의성군 단밀 서제리 144번지
경상북도	의성군	영농폐기물 공동집하장	경상북도 의성군 단밀 속암1리 주선리 35-1
경상북도	의성군	영농폐기물 공동집하장	경상북도 의성군 단밀 용곡1리 884
경상북도	의성군	영농폐기물 공동집하장	경상북도 의성군 단밀 팔등리 287-3
경상북도	의성군	영농폐기물 공동집하장	경상북도 의성군 단밀 팔등리 309
경상북도	의성군	영농폐기물 공동집하장	경상북도 의성군 단밀 팔등리 311
경상북도	의성군	영농폐기물 공동집하장	경상북도 의성군 단밀 팔등리 560
경상북도	의성군	영농폐기물 공동집하장	경상북도 의성군 단밀 팔등리 61-1
경상북도	의성군	영농폐기물 공동집하장	경상북도 의성군 단밀면 낙정리 649-1
경상북도	의성군	영농폐기물 공동집하장	경상북도 의성군 단밀면 용곡1리 821
경상북도	의성군	영농폐기물 공동집하장	경상북도 의성군 단북 성암리 1196
경상북도	의성군	영농폐기물 공동집하장	경상북도 의성군 단북 성암리 423
경상북도	의성군	영농폐기물 공동집하장	경상북도 의성군 단북 신하2리 2323
경상북도	의성군	영농폐기물 공동집하장	경상북도 의성군 단북 신하리 산21-1
경상북도	의성군	영농폐기물 공동집하장	경상북도 의성군 단북 연제리 480
경상북도	의성군	영농폐기물 공동집하장	경상북도 의성군 단북 연제리 988-1 및 71-2
경상북도	의성군	영농폐기물 공동집하장	경상북도 의성군 단북 이연리 산 1-3
경상북도	의성군	영농폐기물 공동집하장	경상북도 의성군 단북 정안리 66
경상북도	의성군	영농폐기물 공동집하장	경상북도 의성군 단촌 관덕1리 1146-3
경상북도	의성군	영농폐기물 공동집하장	경상북도 의성군 단촌 관덕2리 713
경상북도	의성군	영농폐기물 공동집하장	경상북도 의성군 단촌 관덕리 76-2
경상북도	의성군	영농폐기물 공동집하장	경상북도 의성군 단촌 구계1리 248-1
경상북도	의성군	영농폐기물 공동집하장	경상북도 의성군 단촌 구계리 556
경상북도	의성군	영농폐기물 공동집하장	경상북도 의성군 단촌 방하리 081-1
경상북도	의성군	영농폐기물 공동집하장	경상북도 의성군 단촌 방하리 산40-2
경상북도	의성군	영농폐기물 공동집하장	경상북도 의성군 단촌 병방리 756
경상북도	의성군	영농폐기물 공동집하장	경상북도 의성군 단촌 병방리 산 79
경상북도	의성군	영농폐기물 공동집하장	경상북도 의성군 단촌 상화1리 264-4
경상북도	의성군	영농폐기물 공동집하장	경상북도 의성군 단촌 상화2리 390
경상북도	의성군	영농폐기물 공동집하장	경상북도 의성군 단촌 상화2리 950-1
경상북도	의성군	영농폐기물 공동집하장	경상북도 의성군 단촌 상화2리 950-1
경상북도	의성군	영농폐기물 공동집하장	경상북도 의성군 단촌 세촌1리 881-11
경상북도	의성군	영농폐기물 공동집하장	경상북도 의성군 단촌 세촌1리 881-11
경상북도	의성군	영농폐기물 공동집하장	경상북도 의성군 단촌 세촌리 1162-1
경상북도	의성군	영농폐기물 공동집하장	경상북도 의성군 단촌 세촌리 1162-1
경상북도	의성군	영농폐기물 공동집하장	경상북도 의성군 단촌 세촌리 635-1
경상북도	의성군	영농폐기물 공동집하장	경상북도 의성군 단촌 세촌리534-3
경상북도	의성군	영농폐기물 공동집하장	경상북도 의성군 단촌 장림리 1036
경상북도	의성군	영농폐기물 공동집하장	경상북도 의성군 단촌 장림리 504
경상북도	의성군	영농폐기물 공동집하장	경상북도 의성군 단촌 장림리 924-1
경상북도	의성군	영농폐기물 공동집하장	경상북도 의성군 단촌 장림리 924-1
경상북도	의성군	영농폐기물 공동집하장	경상북도 의성군 단촌 하화리 1183
경상북도	의성군	영농폐기물 공동집하장	경상북도 의성군 단촌 하화리 413-1
경상북도	의성군	영농폐기물 공동집하장	경상북도 의성군 단촌 하화리 610
경상북도	의성군	영농폐기물 공동집하장	경상북도 의성군 단촌 후평리 568-1
경상북도	의성군	영농폐기물 공동집하장	경상북도 의성군 단촌 후평리 산33-4
경상북도	의성군	영농폐기물 공동집하장	경상북도 의성군 봉양 구미리514-1
경상북도	의성군	영농폐기물 공동집하장	경상북도 의성군 봉양 구산1리 1428-14
경상북도	의성군	영농폐기물 공동집하장	경상북도 의성군 봉양 길천2리 680
경상북도	의성군	영농폐기물 공동집하장	경상북도 의성군 봉양 길천리 680번지선
경상북도	의성군	영농폐기물 공동집하장	경상북도 의성군 봉양 농공마전길 95-22
경상북도	의성군	영농폐기물 공동집하장	경상북도 의성군 봉양 도원2리 510-1
경상북도	의성군	영농폐기물 공동집하장	경상북도 의성군 봉양 도원2리 511
경상북도	의성군	영농폐기물 공동집하장	경상북도 의성군 봉양 문흥1리 94-1
경상북도	의성군	영농폐기물 공동집하장	경상북도 의성군 봉양 분토1리 434
경상북도	의성군	영농폐기물 공동집하장	경상북도 의성군 봉양 분토2리 1078-2
경상북도	의성군	영농폐기물 공동집하장	경상북도 의성군 봉양 사부1리 788-2
경상북도	의성군	영농폐기물 공동집하장	경상북도 의성군 봉양 사부2리 260
경상북도	의성군	영농폐기물 공동집하장	경상북도 의성군 봉양 삼산2리 79
경상북도	의성군	영농폐기물 공동집하장	경상북도 의성군 봉양 삼산3리 1129-9
경상북도	의성군	영농폐기물 공동집하장	경상북도 의성군 봉양 안평1리 158-2
경상북도	의성군	영농폐기물 공동집하장	경상북도 의성군 봉양 안평2리 169-1
경상북도	의성군	영농폐기물 공동집하장	경상북도 의성군 봉양 안평2리 169-1
경상북도	의성군	영농폐기물 공동집하장	경상북도 의성군 봉양 장대리124-7
경상북도	의성군	영농폐기물 공동집하장	경상북도 의성군 봉양 풍리1리 산 33
경상북도	의성군	영농폐기물 공동집하장	경상북도 의성군 봉양 풍리3리 193-2
경상북도	의성군	영농폐기물 공동집하장	경상북도 의성군 봉양 화전1리 493-12
경상북도	의성군	영농폐기물 공동집하장	경상북도 의성군 봉양 화전3리688-1
경상북도	의성군	영농폐기물 공동집하장	경상북도 의성군 봉양장 장대리 619-1
경상북도	의성군	영농폐기물 공동집하장	경상북도 의성군 비안 서부1리 437-1
경상북도	의성군	영농폐기물 공동집하장	경상북도 의성군 비안 서부1리 437-1 옆
경상북도	의성군	영농폐기물 공동집하장	경상북도 의성군 비안 쌍계리 산 80-2
경상북도	의성군	영농폐기물 공동집하장	경상북도 의성군 비안 쌍계리 산80-2 옆
경상북도	의성군	영농폐기물 공동집하장	경상북도 의성군 비안 옥연1리 101-7
경상북도	의성군	영농폐기물 공동집하장	경상북도 의성군 비안 옥연2리 404-1
경상북도	의성군	영농폐기물 공동집하장	경상북도 의성군 비안 용천리 389
경상북도	의성군	영농폐기물 공동집하장	경상북도 의성군 비안 용천리 609
경상북도	의성군	영농폐기물 공동집하장	경상북도 의성군 비안 이두2리 268
경상북도	의성군	영농폐기물 공동집하장	경상북도 의성군 비안 이두2리 268
경상북도	의성군	영농폐기물 공동집하장	경상북도 의성군 비안 자락리 277-1
경상북도	의성군	영농폐기물 공동집하장	경상북도 의성군 비안 장춘2리 13-3
경상북도	의성군	영농폐기물 공동집하장	경상북도 의성군 비안 헌산리 231-1
경상북도	의성군	영농폐기물 공동집하장	경상북도 의성군 비안 현산리 231
경상북도	의성군	영농폐기물 공동집하장	경상북도 의성군 비안 현산리 산 94
경상북도	의성군	영농폐기물 공동집하장	경상북도 의성군 비안 화신리 323
경상북도	의성군	영농폐기물 공동집하장	경상북도 의성군 비안서부2리산17-11
경상북도	의성군	영농폐기물 공동집하장	경상북도 의성군 비안장춘1리산47-3
경상북도	의성군	영농폐기물 공동집하장	경상북도 의성군 비안화신1리
경상북도	의성군	영농폐기물 공동집하장	경상북도 의성군 사곡 공정1리 1751-1
경상북도	의성군	영농폐기물 공동집하장	경상북도 의성군 사곡 공정3리 861-5
경상북도	의성군	영농폐기물 공동집하장	경상북도 의성군 사곡 공정리 1751-1
경상북도	의성군	영농폐기물 공동집하장	경상북도 의성군 사곡 공정리 209-1
경상북도	의성군	영농폐기물 공동집하장	경상북도 의성군 사곡 공정리 209-1
경상북도	의성군	영농폐기물 공동집하장	경상북도 의성군 사곡 매곡1리 1302-6
경상북도	의성군	영농폐기물 공동집하장	경상북도 의성군 사곡 매곡1리 1499-3
경상북도	의성군	영농폐기물 공동집하장	경상북도 의성군 사곡 매곡2리 1802-1
경상북도	의성군	영농폐기물 공동집하장	경상북도 의성군 사곡 매곡3리 341-5
경상북도	의성군	영농폐기물 공동집하장	경상북도 의성군 사곡 매곡리 1441-1
경상북도	의성군	영농폐기물 공동집하장	경상북도 의성군 사곡 매곡리 1499-3
경상북도	의성군	영농폐기물 공동집하장	경상북도 의성군 사곡 신감리 652-1
경상북도	의성군	영농폐기물 공동집하장	경상북도 의성군 사곡 신감리 652-1
경상북도	의성군	영농폐기물 공동집하장	경상북도 의성군 사곡 신리리 977
경상북도	의성군	영농폐기물 공동집하장	경상북도 의성군 사곡 신리리 977
경상북도	의성군	영농폐기물 공동집하장	경상북도 의성군 사곡 양지1리 1346
경상북도	의성군	영농폐기물 공동집하장	경상북도 의성군 사곡 양지2리 1182-2
경상북도	의성군	영농폐기물 공동집하장	경상북도 의성군 사곡 양지리 1182-2
경상북도	의성군	영농폐기물 공동집하장	경상북도 의성군 사곡 오상리 1242-40
경상북도	의성군	영농폐기물 공동집하장	경상북도 의성군 사곡 음지리 1215
경상북도	의성군	영농폐기물 공동집하장	경상북도 의성군 사곡 음지리 1215
경상북도	의성군	영농폐기물 공동집하장	경상북도 의성군 사곡 작승리 531
경상북도	의성군	영농폐기물 공동집하장	경상북도 의성군 사곡 토현리 1253-34
경상북도	의성군	영농폐기물 공동집하장	경상북도 의성군 사곡 토현리 88-4
경상북도	의성군	영농폐기물 공동집하장	경상북도 의성군 사곡 토현리 913-1
경상북도	의성군	영농폐기물 공동집하장	경상북도 의성군 사곡 토현리 913-1
경상북도	의성군	영농폐기물 공동집하장	경상북도 의성군 사곡 화전1리 2215
경상북도	의성군	영농폐기물 공동집하장	경상북도 의성군 사곡 화전2리 산182
경상북도	의성군	영농폐기물 공동집하장	경상북도 의성군 사곡 화전3리 1131-1
경상북도	의성군	영농폐기물 공동집하장	경상북도 의성군 신평 검곡리720번지
경상북도	의성군	영농폐기물 공동집하장	경상북도 의성군 신평 교안1279-5번지
경상북도	의성군	영농폐기물 공동집하장	경상북도 의성군 신평 교안21330번지
경상북도	의성군	영농폐기물 공동집하장	경상북도 의성군 신평 덕봉리 645
경상북도	의성군	영농폐기물 공동집하장	경상북도 의성군 신평 청운1리 92-5
경상북도	의성군	영농폐기물 공동집하장	경상북도 의성군 신평 청운1리 92-5
경상북도	의성군	영농폐기물 공동집하장	경상북도 의성군 신평 청운2리 384-5번지
경상북도	의성군	영농폐기물 공동집하장	경상북도 의성군 신평교안3리1241-5
경상북도	의성군	영농폐기물 공동집하장	경상북도 의성군 신평면 교안리 87-3
경상북도	의성군	영농폐기물 공동집하장	경상북도 의성군 신평면 중율리 553-2
경상북도	의성군	영농폐기물 공동집하장	경상북도 의성군 신평면교안4리498-2번지
경상북도	의성군	영농폐기물 공동집하장	경상북도 의성군 신평면용봉리산28-9번지
경상북도	의성군	영농폐기물 공동집하장	경상북도 의성군 신평면중율126-6번지
경상북도	의성군	영농폐기물 공동집하장	경상북도 의성군 신평면중율2513-4번지
경상북도	의성군	영농폐기물 공동집하장	경상북도 의성군 안계 도덕2리 801-3
경상북도	의성군	영농폐기물 공동집하장	경상북도 의성군 안계 도덕2리 918
경상북도	의성군	영농폐기물 공동집하장	경상북도 의성군 안계 도덕리1리 1087
경상북도	의성군	영농폐기물 공동집하장	경상북도 의성군 안계 봉양2리 43-15
경상북도	의성군	영농폐기물 공동집하장	경상북도 의성군 안계 시안1리 234
경상북도	의성군	영농폐기물 공동집하장	경상북도 의성군 안계 시안2리 355-2
경상북도	의성군	영농폐기물 공동집하장	경상북도 의성군 안계 시안2리 85
경상북도	의성군	영농폐기물 공동집하장	경상북도 의성군 안계 안정1리 539-4
경상북도	의성군	영농폐기물 공동집하장	경상북도 의성군 안계 양곡1리 820
경상북도	의성군	영농폐기물 공동집하장	경상북도 의성군 안계 양곡2리 282
경상북도	의성군	영농폐기물 공동집하장	경상북도 의성군 안계 양곡2리 517-3
경상북도	의성군	영농폐기물 공동집하장	경상북도 의성군 안계 양곡2리 517-3
경상북도	의성군	영농폐기물 공동집하장	경상북도 의성군 안계 양곡2리 531
경상북도	의성군	영농폐기물 공동집하장	경상북도 의성군 안계 용기2리 1079-2
경상북도	의성군	영농폐기물 공동집하장	경상북도 의성군 안계 용기6리 230-3
경상북도	의성군	영농폐기물 공동집하장	경상북도 의성군 안계 용기7리 산65-5
경상북도	의성군	영농폐기물 공동집하장	경상북도 의성군 안계 용기리 222
경상북도	의성군	영농폐기물 공동집하장	경상북도 의성군 안계 위양1리 156-2
경상북도	의성군	영농폐기물 공동집하장	경상북도 의성군 안계 토매3리 41-1번지
경상북도	의성군	영농폐기물 공동집하장	경상북도 의성군 안계면 봉양리 산 16-3
경상북도	의성군	영농폐기물 공동집하장	경상북도 의성군 안계위 양2리 679-1
경상북도	의성군	영농폐기물 공동집하장	경상북도 의성군 안사 만리2리 87-2
경상북도	의성군	영농폐기물 공동집하장	경상북도 의성군 안사 만리리 1063
경상북도	의성군	영농폐기물 공동집하장	경상북도 의성군 안사 신수리 276-2
경상북도	의성군	영농폐기물 공동집하장	경상북도 의성군 안사 신수리산 82-1
경상북도	의성군	영농폐기물 공동집하장	경상북도 의성군 안사 쌍호2리 1019-25
경상북도	의성군	영농폐기물 공동집하장	경상북도 의성군 안사 쌍호리 163-6
경상북도	의성군	영농폐기물 공동집하장	경상북도 의성군 안사 쌍호리 177-7
경상북도	의성군	영농폐기물 공동집하장	경상북도 의성군 안사 안사1리 497-3
경상북도	의성군	영농폐기물 공동집하장	경상북도 의성군 안사 안사리 122-7
경상북도	의성군	영농폐기물 공동집하장	경상북도 의성군 안사 안사리 352-3
경상북도	의성군	영농폐기물 공동집하장	경상북도 의성군 안사 안사리 659-1
경상북도	의성군	영농폐기물 공동집하장	경상북도 의성군 안사 월소2리 1179-1
경상북도	의성군	영농폐기물 공동집하장	경상북도 의성군 안사 월소2리 838-1
경상북도	의성군	영농폐기물 공동집하장	경상북도 의성군 안사 월소3리 1179-1
경상북도	의성군	영농폐기물 공동집하장	경상북도 의성군 안사 월소리 994
경상북도	의성군	영농폐기물 공동집하장	경상북도 의성군 안사 중하3리 1479-5
경상북도	의성군	영농폐기물 공동집하장	경상북도 의성군 안사 중하리 990-4
경상북도	의성군	영농폐기물 공동집하장	경상북도 의성군 안사신수리 365
경상북도	의성군	영농폐기물 공동집하장	경상북도 의성군 안사쌍호2리583-3
경상북도	의성군	영농폐기물 공동집하장	경상북도 의성군 안평 괴산2리 803
경상북도	의성군	영농폐기물 공동집하장	경상북도 의성군 안평 괴산2리 813
경상북도	의성군	영농폐기물 공동집하장	경상북도 의성군 안평 금곡리 684
경상북도	의성군	영농폐기물 공동집하장	경상북도 의성군 안평 기도1리 696
경상북도	의성군	영농폐기물 공동집하장	경상북도 의성군 안평 기도리 92번지
경상북도	의성군	영농폐기물 공동집하장	경상북도 의성군 안평 대사1리 1193-1
경상북도	의성군	영농폐기물 공동집하장	경상북도 의성군 안평 대사1리 281-2
경상북도	의성군	영농폐기물 공동집하장	경상북도 의성군 안평 대사2리 1215-1
경상북도	의성군	영농폐기물 공동집하장	경상북도 의성군 안평 대사리 1193-1
경상북도	의성군	영농폐기물 공동집하장	경상북도 의성군 안평 대사리 150-6
경상북도	의성군	영농폐기물 공동집하장	경상북도 의성군 안평 대사리 243
경상북도	의성군	영농폐기물 공동집하장	경상북도 의성군 안평 마전리 156
경상북도	의성군	영농폐기물 공동집하장	경상북도 의성군 안평 박곡리 229-3
경상북도	의성군	영농폐기물 공동집하장	경상북도 의성군 안평 박곡리 518
경상북도	의성군	영농폐기물 공동집하장	경상북도 의성군 안평 박곡리 990-15
경상북도	의성군	영농폐기물 공동집하장	경상북도 의성군 안평 삼춘 11124-1
경상북도	의성군	영농폐기물 공동집하장	경상북도 의성군 안평 삼춘리 1124-1
경상북도	의성군	영농폐기물 공동집하장	경상북도 의성군 안평 삼춘리 1124-1
경상북도	의성군	영농폐기물 공동집하장	경상북도 의성군 안평 석탑리 203-1
경상북도	의성군	영농폐기물 공동집하장	경상북도 의성군 안평 석탑리 663
경상북도	의성군	영농폐기물 공동집하장	경상북도 의성군 안평 신안2리 1709-1
경상북도	의성군	영농폐기물 공동집하장	경상북도 의성군 안평 신안3리 518
경상북도	의성군	영농폐기물 공동집하장	경상북도 의성군 안평 신안리 1733
경상북도	의성군	영농폐기물 공동집하장	경상북도 의성군 안평 신월리 1241
경상북도	의성군	영농폐기물 공동집하장	경상북도 의성군 안평 신월리 730-3
경상북도	의성군	영농폐기물 공동집하장	경상북도 의성군 안평 신월리 산 180-5
경상북도	의성군	영농폐기물 공동집하장	경상북도 의성군 안평 창길1리 1336-5
경상북도	의성군	영농폐기물 공동집하장	경상북도 의성군 안평 창길2리 863-3
경상북도	의성군	영농폐기물 공동집하장	경상북도 의성군 안평 창길3리 401
경상북도	의성군	영농폐기물 공동집하장	경상북도 의성군 안평 하령리 270-1
경상북도	의성군	영농폐기물 공동집하장	경상북도 의성군 안평 하령리 591
경상북도	의성군	영농폐기물 공동집하장	경상북도 의성군 안평대사1리
경상북도	의성군	영농폐기물 공동집하장	경상북도 의성군 안평도옥리 산29
경상북도	의성군	영농폐기물 공동집하장	경상북도 의성군 안평박곡리 229-3
경상북도	의성군	영농폐기물 공동집하장	경상북도 의성군 옥산 감계1리 1105-4
경상북도	의성군	영농폐기물 공동집하장	경상북도 의성군 옥산 감계1리 223
경상북도	의성군	영농폐기물 공동집하장	경상북도 의성군 옥산 감계1리 산102-2
경상북도	의성군	영농폐기물 공동집하장	경상북도 의성군 옥산 구성1리 768
경상북도	의성군	영농폐기물 공동집하장	경상북도 의성군 옥산 구성2리 780-7
경상북도	의성군	영농폐기물 공동집하장	경상북도 의성군 옥산 구성리 768
경상북도	의성군	영농폐기물 공동집하장	경상북도 의성군 옥산 구성리 780-7
경상북도	의성군	영농폐기물 공동집하장	경상북도 의성군 옥산 금봉리 457
경상북도	의성군	영농폐기물 공동집하장	경상북도 의성군 옥산 금학리 549
경상북도	의성군	영농폐기물 공동집하장	경상북도 의성군 옥산 신계1리 275
경상북도	의성군	영농폐기물 공동집하장	경상북도 의성군 옥산 신계1리 424
경상북도	의성군	영농폐기물 공동집하장	경상북도 의성군 옥산 신계1리 473-1
경상북도	의성군	영농폐기물 공동집하장	경상북도 의성군 옥산 신계2리 954
경상북도	의성군	영농폐기물 공동집하장	경상북도 의성군 옥산 신계리 125-3
경상북도	의성군	영농폐기물 공동집하장	경상북도 의성군 옥산 신계리 125-3
경상북도	의성군	영농폐기물 공동집하장	경상북도 의성군 옥산 실업2리 338
경상북도	의성군	영농폐기물 공동집하장	경상북도 의성군 옥산 오류리 195
경상북도	의성군	영농폐기물 공동집하장	경상북도 의성군 옥산 오류리 270-4
경상북도	의성군	영농폐기물 공동집하장	경상북도 의성군 옥산 오류리 694-3
경상북도	의성군	영농폐기물 공동집하장	경상북도 의성군 옥산 입암2리 408
경상북도	의성군	영농폐기물 공동집하장	경상북도 의성군 옥산 입암2리 606-1
경상북도	의성군	영농폐기물 공동집하장	경상북도 의성군 옥산 입암3리 1105-1 (입암리 1105-100옆)
경상북도	의성군	영농폐기물 공동집하장	경상북도 의성군 옥산 입암3리 1105-175
경상북도	의성군	영농폐기물 공동집하장	경상북도 의성군 옥산 전흥1리 762-1
경상북도	의성군	영농폐기물 공동집하장	경상북도 의성군 옥산 전흥1리 762-5
경상북도	의성군	영농폐기물 공동집하장	경상북도 의성군 옥산 전흥2리 97-45
경상북도	의성군	영농폐기물 공동집하장	경상북도 의성군 옥산 전흥2리 970-41
경상북도	의성군	영농폐기물 공동집하장	경상북도 의성군 옥산 전흥리 970-37
경상북도	의성군	영농폐기물 공동집하장	경상북도 의성군 옥산 정자리 223
경상북도	의성군	영농폐기물 공동집하장	경상북도 의성군 옥산 정자리 524
경상북도	의성군	영농폐기물 공동집하장	경상북도 의성군 옥산실업1리639-2
경상북도	의성군	영농폐기물 공동집하장	경상북도 의성군 의성 비봉1리 776-5
경상북도	의성군	영농폐기물 공동집하장	경상북도 의성군 의성 비봉2리 337-3
경상북도	의성군	영농폐기물 공동집하장	경상북도 의성군 의성 비봉리 315-2
경상북도	의성군	영농폐기물 공동집하장	경상북도 의성군 의성 비봉리 776-5
경상북도	의성군	영농폐기물 공동집하장	경상북도 의성군 의성 비봉리 776-5
경상북도	의성군	영농폐기물 공동집하장	경상북도 의성군 의성 상리2리 36
경상북도	의성군	영농폐기물 공동집하장	경상북도 의성군 의성 업리 1059-15번지선(버스정류장 옆)
경상북도	의성군	영농폐기물 공동집하장	경상북도 의성군 의성 업리 89-1
경상북도	의성군	영농폐기물 공동집하장	경상북도 의성군 의성 업리244 (행촌지 옆)
경상북도	의성군	영농폐기물 공동집하장	경상북도 의성군 의성 오로1리 244-1
경상북도	의성군	영농폐기물 공동집하장	경상북도 의성군 의성 오로2리 537-1
경상북도	의성군	영농폐기물 공동집하장	경상북도 의성군 의성 오로리 967-59
경상북도	의성군	영농폐기물 공동집하장	경상북도 의성군 의성 용연리 1170
경상북도	의성군	영농폐기물 공동집하장	경상북도 의성군 의성 용연리 984-1
경상북도	의성군	영농폐기물 공동집하장	경상북도 의성군 의성 용연리1033, 908-2
경상북도	의성군	영농폐기물 공동집하장	경상북도 의성군 의성 원당1리 375
경상북도	의성군	영농폐기물 공동집하장	경상북도 의성군 의성 원당리 619-1(마을숲)
경상북도	의성군	영농폐기물 공동집하장	경상북도 의성군 의성 중리리 291-11
경상북도	의성군	영농폐기물 공동집하장	경상북도 의성군 의성 철파리 391번지
경상북도	의성군	영농폐기물 공동집하장	경상북도 의성군 의성 치선1리 831-1
경상북도	의성군	영농폐기물 공동집하장	경상북도 의성군 의성 치선1리 831-1
경상북도	의성군	영농폐기물 공동집하장	경상북도 의성군 의성 치선2리 967-1
경상북도	의성군	영농폐기물 공동집하장	경상북도 의성군 의성 치선리 319-7
경상북도	의성군	영농폐기물 공동집하장	경상북도 의성군 의성 팔성1리 756-1
경상북도	의성군	영농폐기물 공동집하장	경상북도 의성군 의성 팔성리 646-1,-4
경상북도	의성군	영농폐기물 공동집하장	경상북도 의성군 의성 팔성리 663
경상북도	의성군	영농폐기물 공동집하장	경상북도 의성군 의성 팔성리 812-4
경상북도	의성군	영농폐기물 공동집하장	경상북도 의성군 의성 팔성리 산16-14,16-16
경상북도	의성군	영농폐기물 공동집하장	경상북도 의성군 의성 팔성리324
경상북도	의성군	영농폐기물 공동집하장	경상북도 의성군 의성용 용연리 532
경상북도	의성군	영농폐기물 공동집하장	경상북도 의성군 의성읍 용연2리 216
경상북도	의성군	영농폐기물 공동집하장	경상북도 의성군 의성읍 치선2리 322
경상북도	의성군	영농폐기물 공동집하장	경상북도 의성군 점곡 구암1리 509
경상북도	의성군	영농폐기물 공동집하장	경상북도 의성군 점곡 구암2리 740
경상북도	의성군	영농폐기물 공동집하장	경상북도 의성군 점곡 동변2리 887-2
경상북도	의성군	영농폐기물 공동집하장	경상북도 의성군 점곡 동변3리 동변리 1229-159
경상북도	의성군	영농폐기물 공동집하장	경상북도 의성군 점곡 동변리 1229-1
경상북도	의성군	영농폐기물 공동집하장	경상북도 의성군 점곡 동변리 638
경상북도	의성군	영농폐기물 공동집하장	경상북도 의성군 점곡 명고2리 200-1
경상북도	의성군	영농폐기물 공동집하장	경상북도 의성군 점곡 명고리 산55
경상북도	의성군	영농폐기물 공동집하장	경상북도 의성군 점곡 서변리 산4-1
경상북도	의성군	영농폐기물 공동집하장	경상북도 의성군 점곡 송내리 1
경상북도	의성군	영농폐기물 공동집하장	경상북도 의성군 점곡 송내리 343-1
경상북도	의성군	영농폐기물 공동집하장	경상북도 의성군 점곡 송내리 473-2
경상북도	의성군	영농폐기물 공동집하장	경상북도 의성군 점곡 윤암2리 449
경상북도	의성군	영농폐기물 공동집하장	경상북도 의성군 점곡 윤암리 297-3
경상북도	의성군	영농폐기물 공동집하장	경상북도 의성군 점곡 윤암리 791-3
경상북도	의성군	영농폐기물 공동집하장	경상북도 의성군 점곡 윤암리 861
경상북도	의성군	영농폐기물 공동집하장	경상북도 의성군 점곡 황룡리 165-2
경상북도	의성군	영농폐기물 공동집하장	경상북도 의성군 점곡 황룡리 202-1
경상북도	의성군	영농폐기물 공동집하장	경상북도 의성군 점곡 황룡리 산2-2
경상북도	의성군	영농폐기물 공동집하장	경상북도 의성군 점곡면 동변2길 22
경상북도	의성군	영농폐기물 공동집하장	경상북도 의성군 점곡면 황룡리 165-2
경상북도	의성군	영농폐기물 공동집하장	경상북도 의성군 춘산 금오리 267-1
경상북도	의성군	영농폐기물 공동집하장	경상북도 의성군 춘산 금천1리 554-1
경상북도	의성군	영농폐기물 공동집하장	경상북도 의성군 춘산 금천2리 554-1
경상북도	의성군	영농폐기물 공동집하장	경상북도 의성군 춘산 대사1리 602-4
경상북도	의성군	영농폐기물 공동집하장	경상북도 의성군 춘산 대사2리 516
경상북도	의성군	영농폐기물 공동집하장	경상북도 의성군 춘산 대사2리 517-7
경상북도	의성군	영농폐기물 공동집하장	경상북도 의성군 춘산 대사3리 293-2
경상북도	의성군	영농폐기물 공동집하장	경상북도 의성군 춘산 빙계2리 642
경상북도	의성군	영농폐기물 공동집하장	경상북도 의성군 춘산 빙계3리 797
경상북도	의성군	영농폐기물 공동집하장	경상북도 의성군 춘산 빙계리 609-3
경상북도	의성군	영농폐기물 공동집하장	경상북도 의성군 춘산 빙계리산 45-3
경상북도	의성군	영농폐기물 공동집하장	경상북도 의성군 춘산 사미리 504-2
경상북도	의성군	영농폐기물 공동집하장	경상북도 의성군 춘산 옥정2리 1315-1
경상북도	의성군	영농폐기물 공동집하장	경상북도 의성군 춘산 효선1리 1481
경상북도	의성군	영농폐기물 공동집하장	경상북도 의성군 춘산 효선2리 1471
경상북도	의성군	영농폐기물 공동집하장	경상북도 의성군 춘산 효선2리 373
경상북도	의성군	영농폐기물 공동집하장	경상북도 의성군 춘산 효선리 1481
경상북도	청도군	마을공동집하장	경상북도 청도군 각남면 녹명리 964번지
경상북도	청도군	마을공동집하장	경상북도 청도군 각남면 사리 1377번지(사리384번지 앞)
경상북도	청도군	마을공동집하장	경상북도 청도군 각남면 예리리 992-35 맞은편(하천변)
경상북도	청도군	마을공동집하장	경상북도 청도군 각남면 일곡리 173-4
경상북도	청도군	마을공동집하장	경상북도 청도군 각남면 화리 598-1번지(일곡리 142번지 앞)
경상북도	청도군	마을공동집하장	경상북도 청도군 각북면 남산길 14-8(재활용창고 시설 내)
경상북도	청도군	마을공동집하장	경상북도 청도군 각북면 남산리 820-2
경상북도	청도군	마을공동집하장	경상북도 청도군 각북면 덕촌리 1143-122
경상북도	청도군	마을공동집하장	경상북도 청도군 금천면 사전리 291-1
경상북도	청도군	마을공동집하장	경상북도 청도군 금천면 오봉리 1009번지
경상북도	청도군	마을공동집하장	경상북도 청도군 매전면 하평리 143-1
경상북도	청도군	마을공동집하장	경상북도 청도군 운문면 방지리 970
경상북도	청도군	마을공동집하장	경상북도 청도군 운문면 신원리 1849번지
경상북도	청도군	마을공동집하장	경상북도 청도군 풍각면 봉기1길 52-11
경상북도	청도군	마을공동집하장	경상북도 청도군 풍각면 봉기리 1103
경상북도	청도군	마을공동집하장	경상북도 청도군 풍각면 차산리 733-2
경상북도	청도군	마을공동집하장	경상북도 청도군 화양읍 동천리 352번지
경상북도	청도군	마을공동집하장	경상북도 청도군 화양읍 소라리 301-7번지
경상북도	청도군	마을공동집하장	경상북도 청도군 화양읍 송금리 460-1번지
경상북도	청도군	마을공동집하장	경상북도 청도군 화양읍 유등리 2052-31(서상2리)
경상북도	청도군	마을공동집하장	경상북도 청도군 화양읍 합천리 475(합천2리)
경상북도	청송군	감연2리 집하장	경상북도 청송군 부남면 감연리 246
경상북도	청송군	감연1리 (마을숲)집하장	경상북도 청송군 부남면 감연리 328-6(감연리 328-11)
경상북도	청송군	감연3리 집하장	경상북도 청송군 부남면 감연리 546
경상북도	청송군	감연1리 집하장	경상북도 청송군 부남면 감연리 789-1
경상북도	청송군	구천리 집하장	경상북도 청송군 부남면 구천리 825-1(구천리 835-3)
경상북도	청송군	대전2리 집하장	경상북도 청송군 부남면 대전리 1031-7
경상북도	청송군	영농폐기물 공동집하장	경상북도 청송군 부남면 대전리 산110-3
경상북도	청송군	양숙1리 집하장	경상북도 청송군 부남면 양숙리 408-2
경상북도	청송군	양숙2리 집하장	경상북도 청송군 부남면 양숙리 50
경상북도	청송군	양숙2리 집하장	경상북도 청송군 부남면 양숙리 산2
경상북도	청송군	이현리 집하장	경상북도 청송군 부남면 이현리 204-1
경상북도	청송군	중기1리 집하장	경상북도 청송군 부남면 중기리 531(중기리 534)
경상북도	청송군	중기2리 집하장	경상북도 청송군 부남면 중기리 791
경상북도	청송군	영농폐기물 공동집하장	경상북도 청송군 부남면 하속리 416-1
경상북도	청송군	하속1리 집하장	경상북도 청송군 부남면 하속리 480-2
경상북도	청송군	영농폐기물 공동집하장	경상북도 청송군 부남면 하속리 981
경상북도	청송군	홍원1리 집하장	경상북도 청송군 부남면 홍원리 649-2
경상북도	청송군	홍원1리 집하장	경상북도 청송군 부남면 홍원리 924-41
경상북도	청송군	화장리 집하장	경상북도 청송군 부남면 화장리 524-2
경상북도	청송군	고와리 공동집하장	경상북도 청송군 안덕면 고와리 294-1
경상북도	청송군	근곡리 공동집하장	경상북도 청송군 안덕면 근곡리 산 86-3
경상북도	청송군	노래1리 공동집하장	경상북도 청송군 안덕면 노래리 143
경상북도	청송군	명당3리 공동집하장	경상북도 청송군 안덕면 명당리 158-30
경상북도	청송군	문거2리 공동집하장	경상북도 청송군 안덕면 문거리 696-3
경상북도	청송군	복2리 공동집하장	경상북도 청송군 안덕면 복리 292-16
경상북도	청송군	복2리 공동집하장	경상북도 청송군 안덕면 복리 32-2
경상북도	청송군	복1리 공동집하장	경상북도 청송군 안덕면 복리 611-6
경상북도	청송군	장전1리 공동집하장	경상북도 청송군 안덕면 장전리 642-1
경상북도	청송군	내룡리 집하장	경상북도 청송군 주왕산면 내룡리 733
경상북도	청송군	라리(용강) 집하장	경상북도 청송군 주왕산면 라리 136
경상북도	청송군	지리 분리수거 집하장	경상북도 청송군 주왕산면 마평로 81
경상북도	청송군	부일2리(윗새골) 집하장	경상북도 청송군 주왕산면 부일리 195-3
경상북도	청송군	부일2리(하마) 집하장	경상북도 청송군 주왕산면 부일리 460-2
경상북도	청송군	부일1리 집하장	경상북도 청송군 주왕산면 부일리 892(2021보수)
경상북도	청송군	상의리 집하장	경상북도 청송군 주왕산면 상의리 산74-23
경상북도	청송군	상평리(마뜰) 집하장	경상북도 청송군 주왕산면 상평리 165-3
경상북도	청송군	상평리(석고개) 집하장	경상북도 청송군 주왕산면 상평리 693-49
경상북도	청송군	신점1리 집하장	경상북도 청송군 주왕산면 신점리 940
경상북도	청송군	신점2리(집골) 집하장	경상북도 청송군 주왕산면 신점리 940-15
경상북도	청송군	주산지리 집하장	경상북도 청송군 주왕산면 주산지리 1369-2
경상북도	청송군	지리 폐비닐 집하장	경상북도 청송군 주왕산면 지리231-1
경상북도	청송군	하의리 집하장	경상북도 청송군 주왕산면 하의리 780-1(구 하의리 산68)
경상북도	청송군	각산리 집하장	경상북도 청송군 진보면 각산리 548, 549
경상북도	청송군	고현리(남각산) 집하장	경상북도 청송군 진보면 고현리 283-1
경상북도	청송군	고현리(고현교) 집하장	경상북도 청송군 진보면 고현리 438-90
경상북도	청송군	광덕리 집하장	경상북도 청송군 진보면 광덕리 268-7
경상북도	청송군	괴정2리 집하장	경상북도 청송군 진보면 괴정리 347 (괴정2리)
경상북도	청송군	부곡리 집하장	경상북도 청송군 진보면 부곡리 234-5
경상북도	청송군	세장리(3) 집하장	경상북도 청송군 진보면 세장리 194-5
경상북도	청송군	세장리(2) 집하장	경상북도 청송군 진보면 세장리 240-1
경상북도	청송군	세장리(1) 집하장	경상북도 청송군 진보면 세장리 418-1, 418-2
경상북도	청송군	시량2리(시릿골) 집하장	경상북도 청송군 진보면 시량리 394-3 (시량2리)
경상북도	청송군	시량1리 집하장	경상북도 청송군 진보면 시량리 507-5, 504-1(시량1리)
경상북도	청송군	시량2리(송이골) 집하장	경상북도 청송군 진보면 시량리 산 155 (시량2리)
경상북도	청송군	신촌2리 집하장	경상북도 청송군 진보면 신촌리 182-8 (신촌2리)
경상북도	청송군	신촌1리 영농폐기물 집하장	경상북도 청송군 진보면 신촌리 625-40
경상북도	청송군	신촌1리 집하장	경상북도 청송군 진보면 신촌리 625-96 (신촌1리)
경상북도	청송군	진안2리 영농폐기물 집하장	경상북도 청송군 진보면 영당로 41
경상북도	청송군	월전1리 집하장	경상북도 청송군 진보면 월전리 155-1 (월전1리)
경상북도	청송군	이촌2리(경로당옆) 집하장	경상북도 청송군 진보면 이촌리 394-1 (이촌2리)
경상북도	청송군	이촌2리(정자옆) 집하장	경상북도 청송군 진보면 이촌리 419 (이촌2리)
경상북도	청송군	이촌1리 집하장	경상북도 청송군 진보면 진안리 568-1 (이촌1리)
경상북도	청송군	추현리(하고산) 입구	경상북도 청송군 진보면 추현리 613
경상북도	청송군	후평리 집하장	경상북도 청송군 진보면 후평리 119-6
경상북도	청송군	영농폐기물 공동집하장	경상북도 청송군 청송읍 교리 100-4
경상북도	청송군	영농폐기물 공동집하장	경상북도 청송군 청송읍 교리 705-2
경상북도	청송군	영농폐기물 공동집하장	경상북도 청송군 청송읍 금곡1길 31
경상북도	청송군	영농폐기물 공동집하장	경상북도 청송군 청송읍 금곡리 124
경상북도	청송군	영농폐기물 공동집하장	경상북도 청송군 청송읍 금곡리 325-4
경상북도	청송군	영농폐기물 공동집하장	경상북도 청송군 청송읍 금곡리 479-1
경상북도	청송군	영농폐기물 공동집하장	경상북도 청송군 청송읍 덕리 564-14
경상북도	청송군	영농폐기물 공동집하장	경상북도 청송군 청송읍 부곡리 326
경상북도	청송군	영농폐기물 공동집하장	경상북도 청송군 청송읍 부곡리 326
경상북도	청송군	영농폐기물 공동집하장	경상북도 청송군 청송읍 부곡리 356-34
경상북도	청송군	영농폐기물 공동집하장	경상북도 청송군 청송읍 부곡리 507-1
경상북도	청송군	영농폐기물 공동집하장	경상북도 청송군 청송읍 부곡리 76-6
경상북도	청송군	영농폐기물 공동집하장	경상북도 청송군 청송읍 송생리 190-14
경상북도	청송군	영농폐기물 공동집하장	경상북도 청송군 청송읍 월막리 144-1
경상북도	청송군	영농폐기물 간이집하장	경상북도 청송군 청송읍 월외리 461-1
경상북도	청송군	영농폐기물 공동집하장	경상북도 청송군 청송읍 중앙로 1009-16
경상북도	청송군	영농폐기물 공동집하장	경상북도 청송군 청송읍 청운리 742-5
경상북도	청송군	관2리 공동집하장	경상북도 청송군 파천면 관리 741-1
경상북도	청송군	덕천3리 공동집하장	경상북도 청송군 파천면 덕천리 481-5
경상북도	청송군	덕천1리 공동집하장	경상북도 청송군 파천면 덕천리 산103-1
경상북도	청송군	송강2리 공동집하장	경상북도 청송군 파천면 송강리 825(수정교 근방)
경상북도	청송군	신기1리 공동집하장	경상북도 청송군 파천면 신기리 1033-33(옹점교 근방)
경상북도	청송군	신기1리 공동집하장	경상북도 청송군 파천면 신기리 1033-33(테니스장 옆)
경상북도	청송군	신기2리 공동집하장	경상북도 청송군 파천면 신기리 117-2,117-3
경상북도	청송군	신흥1리 공동집하장	경상북도 청송군 파천면 신흥리 197-1
경상북도	청송군	신흥1리(구) 공동집하장	경상북도 청송군 파천면 신흥리 197-1
경상북도	청송군	어천1리 공동집하장	경상북도 청송군 파천면 어천리 379-1
경상북도	청송군	어천1리(구) 공동집하장	경상북도 청송군 파천면 어천리 379-1
경상북도	청송군	어천2리 공동집하장	경상북도 청송군 파천면 어천리 379-6
경상북도	청송군	옹점리 공동집하장	경상북도 청송군 파천면 옹점리 366-5
경상북도	청송군	옹점리 공동집하장	경상북도 청송군 파천면 옹점리 366-5
경상북도	청송군	병부리 공동집하장	경상북도 청송군 파천면 중평리 713
경상북도	청송군	중평리 공동집하장	경상북도 청송군 파천면 중평리 805-5(42-1번지)
경상북도	청송군	황목리 공동집하장	경상북도 청송군 파천면 황목리 568
경상북도	청송군	황목리 공동집하장	경상북도 청송군 파천면 황목리 623-1
경상북도	청송군	개일리 집하장	경상북도 청송군 현동면 개일리 840-1
경상북도	청송군	거성리 집하장	경상북도 청송군 현동면 거성리 229-7
경상북도	청송군	거성삼거리 집하장	경상북도 청송군 현동면 거성리 454-5
경상북도	청송군	눌인1리 집하장	경상북도 청송군 현동면 눌인리 714-4
경상북도	청송군	눌인3리 집하장	경상북도 청송군 현동면 눌인리 992-1
경상북도	청송군	월매리 집하장	경상북도 청송군 현동면 월매리 837
경상북도	청송군	인지리 집하장	경상북도 청송군 현동면 인지리 282
경상북도	청송군	원창양 집하장	경상북도 청송군 현동면 창양리 741-1
경상북도	청송군	창양리 집하장	경상북도 청송군 현동면 창양리 741-24
경상북도	청송군	갈천리(갈천길)공동집하장	경상북도 청송군 현서면 갈천리 572-1
경상북도	청송군	갈천리(성덕댐로)공동집하장	경상북도 청송군 현서면 갈천리 898-1(청송군 현서면 성덕댐로 561)
경상북도	청송군	구산2리공동집하장	경상북도 청송군 현서면 구산리 114-7
경상북도	청송군	덕계리(구산교)공동집하장	경상북도 청송군 현서면 덕계리 559-4
경상북도	청송군	덕계리(구산교)공동집하장	경상북도 청송군 현서면 덕계리 559-4
경상북도	청송군	덕계리(원덕계)공동집하장	경상북도 청송군 현서면 덕계리 707-60
경상북도	청송군	도리공동집하장	경상북도 청송군 현서면 도리 176-1
경상북도	청송군	두현2리(소거리길)공동집하장	경상북도 청송군 현서면 두현리 184-1
경상북도	청송군	두현1리공동집하장	경상북도 청송군 현서면 두현리 880-2
경상북도	청송군	두현2리(대거리길)공동집하장	경상북도 청송군 현서면 두현리1221
경상북도	청송군	두현2리 공동집하장	경상북도 청송군 현서면 두현리182-4
경상북도	청송군	모계2리(신당길)공동집하장	경상북도 청송군 현서면 모계리 462-2
경상북도	청송군	모계2리(큰들교)공동집하장	경상북도 청송군 현서면 모계리 627-1
경상북도	청송군	모계1리(모거리)공동집하장	경상북도 청송군 현서면 모계리 769-3
경상북도	청송군	무계2리공동집하장	경상북도 청송군 현서면 무계리 산 76-4
경상북도	청송군	백자리(진골)공동집하장	경상북도 청송군 현서면 백자리 26-1
경상북도	청송군	백자리(잣나무골)공동집하장	경상북도 청송군 현서면 백자리 282, 282-1
경상북도	청송군	백자리(모래실)공동집하장	경상북도 청송군 현서면 백자리 400(청송군 현서면 고모길 428-4)
경상북도	청송군	사촌리(오음마을)공동집하장	경상북도 청송군 현서면 사촌리 245
경상북도	청송군	사촌리(벌밭)공동집하장	경상북도 청송군 현서면 사촌리 508
경상북도	청송군	사촌리(원사촌)공동집하장	경상북도 청송군 현서면 사촌리 554-5
경상북도	청송군	수락리 공동집하장	경상북도 청송군 현서면 수락리 461-5
경상북도	청송군	월정리공동집하장	경상북도 청송군 현서면 월정리 891
경상북도	청송군	천천2리(샘내길)공동집하장	경상북도 청송군 현서면 천천리 1001-25
경상북도	청송군	천천1리공동집하장	경상북도 청송군 현서면 천천리 415-1,416
경상북도	청송군	천천2리(신가부실)공동집하장	경상북도 청송군 현서면 천천리 641
경상북도	청송군	화목2리공동집하장	경상북도 청송군 현서면 화목리 284-3
경상북도	칠곡군	영농폐비닐 공동집하장	경상북도 칠곡군 석적읍 남율리 875-2번지
경상북도	칠곡군	영농폐비닐 공동집하장	경상북도 칠곡군 석적읍 망정리 474-27
경상북도	칠곡군	영농폐비닐 공동집하장	경상북도 칠곡군 석적읍 망정리 979번지
경상북도	포항시	영농폐기물 공동집하장	경상북도 포항시 남구 구룡포읍 하정리 544-5(하정리)
경상북도	포항시	영농폐기물 공동집하장	경상북도 포항시 북구 기계면 고지리 45-1(고지리)
경상북도	포항시	영농폐기물 공동집하장	경상북도 포항시 북구 기계면 내단리 467-2(내단리)
경상북도	포항시	영농폐기물 공동집하장	경상북도 포항시 북구 기계면 내단리 661
경상북도	포항시	영농폐기물 공동집하장	경상북도 포항시 북구 기계면 미현리 866
경상북도	포항시	영농폐기물 공동집하장	경상북도 포항시 북구 기계면 봉계리 1180
경상북도	포항시	영농폐기물 공동집하장	경상북도 포항시 북구 기계면 학야리 453(학야리)
경상북도	포항시	영농폐기물 공동집하장	경상북도 포항시 북구 신광면 만석리 282-2
경상북도	포항시	영농폐기물 공동집하장	경상북도 포항시 북구 신광면 죽성리 526
경상북도	포항시	영농폐기물 공동집하장	경상북도 포항시 북구 죽장면 감곡리471-1
경상북도	포항시	영농폐기물 공동집하장	경상북도 포항시 북구 죽장면 두마리 476
경상북도	포항시	영농폐기물 공동집하장	경상북도 포항시 북구 죽장면 매현2리 1038-8
경상북도	포항시	영농폐기물 공동집하장	경상북도 포항시 북구 죽장면 상옥리 산 26-1
경상북도	포항시	영농폐기물 공동집하장	경상북도 포항시 북구 죽장면 석계리 458-3
경상북도	포항시	영농폐기물 공동집하장	경상북도 포항시 북구 죽장면 지동리 710-1
경상북도	포항시	영농폐기물 공동집하장	경상북도 포항시 북구 죽장면 합덕리 635
대구광역시	군위군	영농폐기물 공동집하장	대구광역시 군위군 군위읍 광현리 1164(마을회관 맞은편 하우스 뒤편)
대구광역시	군위군	영농폐기물 공동집하장	대구광역시 군위군 군위읍 광현리 366-1(광현농산물집하장 뒤)
대구광역시	군위군	영농폐기물 공동집하장	대구광역시 군위군 군위읍 광현리 989-3(마을회관 옆)
대구광역시	군위군	영농폐기물 공동집하장	대구광역시 군위군 군위읍 내량리 217-5(내량리 안길)
대구광역시	군위군	영농폐기물 공동집하장	대구광역시 군위군 군위읍 내량리 8(야구장맞은편 공터)
대구광역시	군위군	영농폐기물 공동집하장	대구광역시 군위군 군위읍 대북리 883-1
대구광역시	군위군	영농폐기물 공동집하장	대구광역시 군위군 군위읍 무성리 1239-1(굴다리 하천쪽)
대구광역시	군위군	영농폐기물 공동집하장	대구광역시 군위군 군위읍 무성리 294(마을회관 옆)
대구광역시	군위군	영농폐기물 공동집하장	대구광역시 군위군 군위읍 무성리 991-1
대구광역시	군위군	영농폐기물 공동집하장	대구광역시 군위군 군위읍 사직리 534
대구광역시	군위군	영농폐기물 공동집하장	대구광역시 군위군 군위읍 삽령리 311-2(분뇨처리장 근처)
대구광역시	군위군	영농폐기물 공동집하장	대구광역시 군위군 군위읍 수서리 530(마을입구)
대구광역시	군위군	영농폐기물 공동집하장	대구광역시 군위군 군위읍 오곡리 916-2
대구광역시	군위군	영농폐기물 공동집하장	대구광역시 군위군 군위읍 외량리 382-1(마을회관 앞)
대구광역시	군위군	영농폐기물 공동집하장	대구광역시 군위군 군위읍 외량리 773-3
대구광역시	군위군	영농폐기물 공동집하장	대구광역시 군위군 군위읍 용대리 산86
대구광역시	군위군	영농폐기물 공동집하장	대구광역시 군위군 군위읍 정리 391(마을회관 옆)
대구광역시	군위군	영농폐기물 공동집하장	대구광역시 군위군 병수리 1188-2
대구광역시	군위군	영농폐기물 공동집하장	대구광역시 군위군 부계면 가호리 1045
대구광역시	군위군	영농폐기물 공동집하장	대구광역시 군위군 부계면 가호리 982-1
대구광역시	군위군	영농폐기물 공동집하장	대구광역시 군위군 부계면 대율리 1170-13
대구광역시	군위군	영농폐기물 공동집하장	대구광역시 군위군 부계면 명산리 357
대구광역시	군위군	영농폐기물 공동집하장	대구광역시 군위군 부계면 신화리 1488-55
대구광역시	군위군	영농폐기물 공동집하장	대구광역시 군위군 부계면 신화리 1533
대구광역시	군위군	영농폐기물 공동집하장	대구광역시 군위군 부계면 창평리 1066-1
대구광역시	군위군	영농폐기물 공동집하장	대구광역시 군위군 부계면 창평리 623-4
대구광역시	군위군	영농폐기물 공동집하장	대구광역시 군위군 부계면 창평리 623-4
대구광역시	군위군	영농폐기물 공동집하장	대구광역시 군위군 부계면 춘산리 137-1
대구광역시	군위군	영농폐기물 공동집하장	대구광역시 군위군 부계면 춘산리 233
대구광역시	군위군	영농폐기물 공동집하장	대구광역시 군위군 산성면 무암리 810-4
대구광역시	군위군	영농폐기물 공동집하장	대구광역시 군위군 산성면 무암리 산197
대구광역시	군위군	영농폐기물 공동집하장	대구광역시 군위군 산성면 백학리 982-2
대구광역시	군위군	영농폐기물 공동집하장	대구광역시 군위군 산성면 백학리411-3
대구광역시	군위군	영농폐기물 공동집하장	대구광역시 군위군 산성면 봉림리 893-4
대구광역시	군위군	영농폐기물 공동집하장	대구광역시 군위군 산성면 봉림리991-1
대구광역시	군위군	영농폐기물 공동집하장	대구광역시 군위군 산성면 삼산리225-1
대구광역시	군위군	영농폐기물 공동집하장	대구광역시 군위군 산성면 삼산리842
대구광역시	군위군	영농폐기물 공동집하장	대구광역시 군위군 산성면 운산리506-7
대구광역시	군위군	영농폐기물 공동집하장	대구광역시 군위군 산성면 화본리 614 부근
대구광역시	군위군	영농폐기물 공동집하장	대구광역시 군위군 산성면 화본리 615-2
대구광역시	군위군	영농폐기물 공동집하장	대구광역시 군위군 산성면 화본리 903-7
대구광역시	군위군	영농폐기물 공동집하장	대구광역시 군위군 산성면 화본리233-2
대구광역시	군위군	영농폐기물 공동집하장	대구광역시 군위군 산성면 화본리595-2
대구광역시	군위군	영농폐기물 공동집하장	대구광역시 군위군 산성면 화전리924
대구광역시	군위군	영농폐기물 공동집하장	대구광역시 군위군 산성면 화전리950-3
대구광역시	군위군	영농폐기물 공동집하장	대구광역시 군위군 삼국유사면 가암리 1043
대구광역시	군위군	영농폐기물 공동집하장	대구광역시 군위군 삼국유사면 가암리 370-2
대구광역시	군위군	영농폐기물 공동집하장	대구광역시 군위군 삼국유사면 괴산리 474
대구광역시	군위군	영농폐기물 공동집하장	대구광역시 군위군 삼국유사면 낙전리 249-4
대구광역시	군위군	영농폐기물 공동집하장	대구광역시 군위군 삼국유사면 석산리 296
대구광역시	군위군	영농폐기물 공동집하장	대구광역시 군위군 삼국유사면 양지리 94
대구광역시	군위군	영농폐기물 공동집하장	대구광역시 군위군 삼국유사면 인곡리 214
대구광역시	군위군	영농폐기물 공동집하장	대구광역시 군위군 삼국유사면 인곡리 558-5
대구광역시	군위군	영농폐기물 공동집하장	대구광역시 군위군 삼국유사면 학성2리 산104
대구광역시	군위군	영농폐기물 공동집하장	대구광역시 군위군 삼국유사면 학암리 676
대구광역시	군위군	영농폐기물 공동집하장	대구광역시 군위군 삼국유사면 학암리 777
대구광역시	군위군	영농폐기물 공동집하장	대구광역시 군위군 삼국유사면 화북리 1271-16
대구광역시	군위군	영농폐기물 공동집하장	대구광역시 군위군 삼국유사면 화북리 169
대구광역시	군위군	영농폐기물 공동집하장	대구광역시 군위군 삼국유사면 화북리 450
대구광역시	군위군	영농폐기물 공동집하장	대구광역시 군위군 삼국유사면 화북리(공동창고)
대구광역시	군위군	영농폐기물 공동집하장	대구광역시 군위군 삼국유사면 화수1리87
대구광역시	군위군	영농폐기물 공동집하장	대구광역시 군위군 삼국유사면 화수리 424-2
대구광역시	군위군	영농폐기물 공동집하장	대구광역시 군위군 삼산리 1094-2
대구광역시	군위군	영농폐기물 공동집하장	대구광역시 군위군 소보면 내의리 342-1
대구광역시	군위군	영농폐기물 공동집하장	대구광역시 군위군 소보면 내의리 660-5(축사앞)
대구광역시	군위군	영농폐기물 공동집하장	대구광역시 군위군 소보면 달산리 1201-2
대구광역시	군위군	영농폐기물 공동집하장	대구광역시 군위군 소보면 달산리 699-4
대구광역시	군위군	영농폐기물 공동집하장	대구광역시 군위군 소보면 달산리 784-1
대구광역시	군위군	영농폐기물 공동집하장	대구광역시 군위군 소보면 달산리 784-2
대구광역시	군위군	영농폐기물 공동집하장	대구광역시 군위군 소보면 도산리 1273(소보둥지)
대구광역시	군위군	영농폐기물 공동집하장	대구광역시 군위군 소보면 도산리 1303
대구광역시	군위군	영농폐기물 공동집하장	대구광역시 군위군 소보면 도산리 964-5(새마)
대구광역시	군위군	영농폐기물 공동집하장	대구광역시 군위군 소보면 보현리 230(마을중간)
대구광역시	군위군	영농폐기물 공동집하장	대구광역시 군위군 소보면 복성리 907
대구광역시	군위군	영농폐기물 공동집하장	대구광역시 군위군 소보면 봉소리 401-2
대구광역시	군위군	영농폐기물 공동집하장	대구광역시 군위군 소보면 봉황리 1232-4(회관앞도로변)
대구광역시	군위군	영농폐기물 공동집하장	대구광역시 군위군 소보면 봉황리 산128-4(홍순찬집옆)
대구광역시	군위군	영농폐기물 공동집하장	대구광역시 군위군 소보면 봉황리654-1(마을회관 옆)
대구광역시	군위군	영농폐기물 공동집하장	대구광역시 군위군 소보면 사리리 236-2
대구광역시	군위군	영농폐기물 공동집하장	대구광역시 군위군 소보면 사리리 803-1(마을입구)
대구광역시	군위군	영농폐기물 공동집하장	대구광역시 군위군 소보면 산법리 산126(마을건너 산밑)
대구광역시	군위군	영농폐기물 공동집하장	대구광역시 군위군 소보면 서경리 742
대구광역시	군위군	영농폐기물 공동집하장	대구광역시 군위군 소보면 서경리 760-4
대구광역시	군위군	영농폐기물 공동집하장	대구광역시 군위군 소보면 송원리 1076-30
대구광역시	군위군	영농폐기물 공동집하장	대구광역시 군위군 소보면 송원리 1076-30
대구광역시	군위군	영농폐기물 공동집하장	대구광역시 군위군 소보면 신계리408
대구광역시	군위군	영농폐기물 공동집하장	대구광역시 군위군 소보면 위성리 1191-1
대구광역시	군위군	영농폐기물 공동집하장	대구광역시 군위군 소보면 위성리 173-3
대구광역시	군위군	영농폐기물 공동집하장	대구광역시 군위군 소보면 위성리 508-2
대구광역시	군위군	영농폐기물 공동집하장	대구광역시 군위군 소보면 평호리 385(개겸, 평지마)
대구광역시	군위군	영농폐기물 공동집하장	대구광역시 군위군 우보면 나호리 1299
대구광역시	군위군	영농폐기물 공동집하장	대구광역시 군위군 우보면 나호리 1309-4
대구광역시	군위군	영농폐기물 공동집하장	대구광역시 군위군 우보면 나호리 520-1
대구광역시	군위군	영농폐기물 공동집하장	대구광역시 군위군 우보면 나호리 997-2
대구광역시	군위군	영농폐기물 공동집하장	대구광역시 군위군 우보면 나호리 산61
대구광역시	군위군	영농폐기물 공동집하장	대구광역시 군위군 우보면 달산리1815
대구광역시	군위군	영농폐기물 공동집하장	대구광역시 군위군 우보면 달산리1817
대구광역시	군위군	영농폐기물 공동집하장	대구광역시 군위군 우보면 두북리 203-1
대구광역시	군위군	영농폐기물 공동집하장	대구광역시 군위군 우보면 두북리 455 부근
대구광역시	군위군	영농폐기물 공동집하장	대구광역시 군위군 우보면 두북리 644-1
대구광역시	군위군	영농폐기물 공동집하장	대구광역시 군위군 우보면 두북리644-1
대구광역시	군위군	영농폐기물 공동집하장	대구광역시 군위군 우보면 모산리1210-1
대구광역시	군위군	영농폐기물 공동집하장	대구광역시 군위군 우보면 모산리1210-1
대구광역시	군위군	영농폐기물 공동집하장	대구광역시 군위군 우보면 모산리541
대구광역시	군위군	영농폐기물 공동집하장	대구광역시 군위군 우보면 문덕리385
대구광역시	군위군	영농폐기물 공동집하장	대구광역시 군위군 우보면 미성리 1109-35
대구광역시	군위군	영농폐기물 공동집하장	대구광역시 군위군 우보면 미성리982-3
대구광역시	군위군	영농폐기물 공동집하장	대구광역시 군위군 우보면 봉산리 838
대구광역시	군위군	영농폐기물 공동집하장	대구광역시 군위군 우보면 봉산리515-1
대구광역시	군위군	영농폐기물 공동집하장	대구광역시 군위군 우보면 봉산리517-1
대구광역시	군위군	영농폐기물 공동집하장	대구광역시 군위군 우보면 선곡리 1034
대구광역시	군위군	영농폐기물 공동집하장	대구광역시 군위군 우보면 선곡리 495-1
대구광역시	군위군	영농폐기물 공동집하장	대구광역시 군위군 우보면 선곡리 897-3
대구광역시	군위군	영농폐기물 공동집하장	대구광역시 군위군 우보면 이화리 1683-80
대구광역시	군위군	영농폐기물 공동집하장	대구광역시 군위군 우보면 이화리 577-5
대구광역시	군위군	영농폐기물 공동집하장	대구광역시 군위군 우보면 이화리 십리골못
대구광역시	군위군	영농폐기물 공동집하장	대구광역시 군위군 우보면 이화리1687
대구광역시	군위군	영농폐기물 공동집하장	대구광역시 군위군 우보면 이화리1702
대구광역시	군위군	영농폐기물 공동집하장	대구광역시 군위군 우보면 이화리529-5
대구광역시	군위군	영농폐기물 공동집하장	대구광역시 군위군 의흥면 금양리205-2
대구광역시	군위군	영농폐기물 공동집하장	대구광역시 군위군 의흥면 금양리431-4
대구광역시	군위군	영농폐기물 공동집하장	대구광역시 군위군 의흥면 금양리723
대구광역시	군위군	영농폐기물 공동집하장	대구광역시 군위군 의흥면 매성리 66-2
대구광역시	군위군	영농폐기물 공동집하장	대구광역시 군위군 의흥면 매성리 73
대구광역시	군위군	영농폐기물 공동집하장	대구광역시 군위군 의흥면 매성리244-4
대구광역시	군위군	영농폐기물 공동집하장	대구광역시 군위군 의흥면 수북리 612-1
대구광역시	군위군	영농폐기물 공동집하장	대구광역시 군위군 의흥면 수북리104-3
대구광역시	군위군	영농폐기물 공동집하장	대구광역시 군위군 의흥면 수북리644
대구광역시	군위군	영농폐기물 공동집하장	대구광역시 군위군 의흥면 수북리944
대구광역시	군위군	영농폐기물 공동집하장	대구광역시 군위군 의흥면 수서리(마을입구)
대구광역시	군위군	영농폐기물 공동집하장	대구광역시 군위군 의흥면 수서리362-1
대구광역시	군위군	영농폐기물 공동집하장	대구광역시 군위군 의흥면 신덕리 828
대구광역시	군위군	영농폐기물 공동집하장	대구광역시 군위군 의흥면 신덕리 산 153
대구광역시	군위군	영농폐기물 공동집하장	대구광역시 군위군 의흥면 신덕리 산54-1
대구광역시	군위군	영농폐기물 공동집하장	대구광역시 군위군 의흥면 신덕리615-2
대구광역시	군위군	영농폐기물 공동집하장	대구광역시 군위군 의흥면 연계리 730-1
대구광역시	군위군	영농폐기물 공동집하장	대구광역시 군위군 의흥면 연계리578-3
대구광역시	군위군	영농폐기물 공동집하장	대구광역시 군위군 의흥면 원산리 1319-4, 1333
대구광역시	군위군	영농폐기물 공동집하장	대구광역시 군위군 의흥면 원산리 57
대구광역시	군위군	영농폐기물 공동집하장	대구광역시 군위군 의흥면 원산리 971-1
대구광역시	군위군	영농폐기물 공동집하장	대구광역시 군위군 의흥면 원산리1343
대구광역시	군위군	영농폐기물 공동집하장	대구광역시 군위군 의흥면 읍내리 754-1
대구광역시	군위군	영농폐기물 공동집하장	대구광역시 군위군 의흥면 이지리 235
대구광역시	군위군	영농폐기물 공동집하장	대구광역시 군위군 의흥면 이지리1585-57
대구광역시	군위군	영농폐기물 공동집하장	대구광역시 군위군 의흥면 지호리 1300-4
대구광역시	군위군	영농폐기물 공동집하장	대구광역시 군위군 의흥면 지호리1046-2
대구광역시	군위군	영농폐기물 공동집하장	대구광역시 군위군 의흥면 지호리856-1
대구광역시	군위군	영농폐기물 공동집하장	대구광역시 군위군 의흥면 파전리237-2
대구광역시	군위군	영농폐기물 공동집하장	대구광역시 군위군 장기리 1045-99
대구광역시	군위군	영농폐기물 공동집하장	대구광역시 군위군 효령면 거매리 218-3(효령부계우회도로)
대구광역시	군위군	영농폐기물 공동집하장	대구광역시 군위군 효령면 고곡리 1408-119
대구광역시	군위군	영농폐기물 공동집하장	대구광역시 군위군 효령면 고곡리 527
대구광역시	군위군	영농폐기물 공동집하장	대구광역시 군위군 효령면 고곡리 우진산업 앞(효령면 고곡리 1408-119)
대구광역시	군위군	영농폐기물 공동집하장	대구광역시 군위군 효령면 금매리 1087
대구광역시	군위군	영농폐기물 공동집하장	대구광역시 군위군 효령면 금매리 1286-13
대구광역시	군위군	영농폐기물 공동집하장	대구광역시 군위군 효령면 금매리(마을입구)
대구광역시	군위군	영농폐기물 공동집하장	대구광역시 군위군 효령면 내리리 43-1
대구광역시	군위군	영농폐기물 공동집하장	대구광역시 군위군 효령면 노행리 1326
대구광역시	군위군	영농폐기물 공동집하장	대구광역시 군위군 효령면 노행리 340-3
대구광역시	군위군	영농폐기물 공동집하장	대구광역시 군위군 효령면 마시리 269-4
대구광역시	군위군	영농폐기물 공동집하장	대구광역시 군위군 효령면 마시리 940-1
대구광역시	군위군	영농폐기물 공동집하장	대구광역시 군위군 효령면 마시리 덕동입구
대구광역시	군위군	영농폐기물 공동집하장	대구광역시 군위군 효령면 매곡리 325
대구광역시	군위군	영농폐기물 공동집하장	대구광역시 군위군 효령면 매곡리 741
대구광역시	군위군	영농폐기물 공동집하장	대구광역시 군위군 효령면 병수리 1197
대구광역시	군위군	영농폐기물 공동집하장	대구광역시 군위군 효령면 병수리 707-5
대구광역시	군위군	영농폐기물 공동집하장	대구광역시 군위군 효령면 불로리 434
대구광역시	군위군	영농폐기물 공동집하장	대구광역시 군위군 효령면 성리 907
대구광역시	군위군	영농폐기물 공동집하장	대구광역시 군위군 효령면 성리 927
대구광역시	군위군	영농폐기물 공동집하장	대구광역시 군위군 효령면 장군리 1072
대구광역시	군위군	영농폐기물 공동집하장	대구광역시 군위군 효령면 장군리 1076-8
대구광역시	군위군	영농폐기물 공동집하장	대구광역시 군위군 효령면 장군리 723-2(하나로마트뒷편)
대구광역시	군위군	영농폐기물 공동집하장	대구광역시 군위군 효령면 장군리 녹동골(장군리 853-1 옆)
대구광역시	군위군	영농폐기물 공동집하장	대구광역시 군위군 효령면 장기리 1057-34
대구광역시	군위군	영농폐기물 공동집하장	대구광역시 군위군 효령면 장기리 273-10
대구광역시	군위군	영농폐기물 공동집하장	대구광역시 군위군 효령면 장기리 986
대구광역시	군위군	영농폐기물 공동집하장	대구광역시 군위군 효령면 중구리 321-18
대구광역시	군위군	영농폐기물 공동집하장	대구광역시 군위군 효령면 화계리 1075-34
대구광역시	군위군	영농폐기물 공동집하장	대구광역시 군위군 효령면 화계리 1116-6
대구광역시	군위군	영농폐기물 공동집하장	대구광역시 군위군 효령면 화계리 1373-17
대구광역시	군위군	영농폐기물 공동집하장	대구광역시 군위군 효령면 화계리 756-3
대구광역시	달성군	가천리 집하장	대구광역시 달성군 구지면 가천리 하천부지
대구광역시	달성군	고봉리 집하장	대구광역시 달성군 구지면 고봉리 129
대구광역시	달성군	도동2리 집하장	대구광역시 달성군 구지면 도동2리 393-1
대구광역시	달성군	목단1리 집하장	대구광역시 달성군 구지면 목단리 159-7
대구광역시	달성군	예현리 집하장	대구광역시 달성군 구지면 예현리 103-6
대구광역시	달성군	응암1리 집하장	대구광역시 달성군 구지면 응암1리 121
대구광역시	달성군	징리 집하장	대구광역시 달성군 구지면 징리 659
대구광역시	달성군	창리 집하장	대구광역시 달성군 구지면 창리 458-1
대구광역시	달성군	평촌1리 집하장	대구광역시 달성군 구지면 평촌리 513-2
대구광역시	달성군	신당리 영농폐기물 집하장	대구광역시 달성군 옥포읍 신당리 839
대구광역시	달성군	위천리 집하장	대구광역시 달성군 위천리 384-2외 3필지
대구광역시	달성군	한정리폐비닐집하장(공동집하장)	대구광역시 달성군 유가읍 한정리 596-3
대구광역시	달성군	감문폐비닐수집장	대구광역시 달성군 하빈면 감문리 833-6
대구광역시	달성군	기곡폐비닐수집장	대구광역시 달성군 하빈면 기곡리 산 63-7
대구광역시	달성군	대리 공동집하장	대구광역시 달성군 현풍읍 대리 24-1
대구광역시	달성군	신기리 공동집하장	대구광역시 달성군 현풍읍 신기리 388-2
대구광역시	달성군	원교리 공동집하장	대구광역시 달성군 현풍읍 원교리 555-1
대구광역시	달성군	자모리 공동집하장	대구광역시 달성군 현풍읍 자모리 848-3
대구광역시	달성군	화원읍 영농폐기물 집하장	대구광역시 달성군 화원읍 비슬로 495길 117
대전광역시	동구	대청동 영농폐비닐 공동집하장	대전광역시 동구 대청호수로 163
대전광역시	유성구	사봉 공동집하장	대전광역시 유성구 세동 878(세동 69 옆)
대전광역시	유성구	양지뜸 공동집하장	대전광역시 유성구 세동 산57-1(세동 135-12 맞은편)
대전광역시	중구	구완동집하장	대전광역시 중구 구완동 210
대전광역시	중구	목달동집하장	대전광역시 중구 목달동 304
대전광역시	중구	정생2동 농촌폐비닐 집하장	대전광역시 중구 정생동 145-1
대전광역시	중구	침산동집하장	대전광역시 중구 침산동 38-3
제주특별자치도	서귀포시	평지동 공동집하장	무릉리 1846 앞(평지동)(무릉2리)
세종특별자치시	세종특별자치시	남곡리 집하장	세종특별자치시 금남면 남곡리 17
세종특별자치시	세종특별자치시	대박리 집하장	세종특별자치시 금남면 대박리 421
세종특별자치시	세종특별자치시	부용리576-2 집하장	세종특별자치시 금남면 부용리 576-2
세종특별자치시	세종특별자치시	부용리585-6 집하장	세종특별자치시 금남면 부용리 585-6
세종특별자치시	세종특별자치시	영대리 집하장	세종특별자치시 금남면 영대리 244
세종특별자치시	세종특별자치시	호탄리 집하장	세종특별자치시 금남면 호탄리 573-2
세종특별자치시	세종특별자치시	부강리 집하장	세종특별자치시 부강면 부강리 663-1
세종특별자치시	세종특별자치시	대곡리 집하장	세종특별자치시 소정면 대곡리 562
세종특별자치시	세종특별자치시	소정리 집하장	세종특별자치시 소정면 소정리 551-4
세종특별자치시	세종특별자치시	보통리132-1 집하장	세종특별자치시 연기면 보통리 132-1
세종특별자치시	세종특별자치시	보통리321-11 집하장	세종특별자치시 연기면 보통리 321-11
세종특별자치시	세종특별자치시	수산리 집하장	세종특별자치시 연기면 수산리 466-2
세종특별자치시	세종특별자치시	명학리 집하장	세종특별자치시 연동면 명학리 653-8
세종특별자치시	세종특별자치시	예양리 집하장	세종특별자치시 연동면 예양리 655-1
세종특별자치시	세종특별자치시	응암4리 집하장	세종특별자치시 연동면 응암리 795번지
세종특별자치시	세종특별자치시	응암리 집하장	세종특별자치시 연동면 응암리 835
세종특별자치시	세종특별자치시	도신고복로 집하장	세종특별자치시 연서면 고복리 653
세종특별자치시	세종특별자치시	벌말길 집하장	세종특별자치시 연서면 벌말길 69
세종특별자치시	세종특별자치시	신대리 집하장	세종특별자치시 연서면 신대리 71-6
세종특별자치시	세종특별자치시	대교리 집하장	세종특별자치시 장군면 대교리 480-4
세종특별자치시	세종특별자치시	봉안리 집하장	세종특별자치시 장군면 도계리 356-41
세종특별자치시	세종특별자치시	봉안길 집하장	세종특별자치시 장군면 봉안길 7
세종특별자치시	세종특별자치시	성덕동길 집하장	세종특별자치시 장군면 성덕동길 106
세종특별자치시	세종특별자치시	송학리 집하장	세종특별자치시 장군면 송학리 468-5
세종특별자치시	세종특별자치시	송학리 집하장	세종특별자치시 장군면 송학리 68-1
세종특별자치시	세종특별자치시	용암리 집하장	세종특별자치시 장군면 용암리 435
세종특별자치시	세종특별자치시	용현리 집하장	세종특별자치시 장군면 용현리 238-2
세종특별자치시	세종특별자치시	은용리 집하장	세종특별자치시 장군면 은용리 470-1
세종특별자치시	세종특별자치시	평기리 집하장	세종특별자치시 장군면 평기리 336-1
세종특별자치시	세종특별자치시	하봉리 집하장	세종특별자치시 장군면 하봉리 90-8
세종특별자치시	세종특별자치시	노장리 집하장	세종특별자치시 전동면 노장리 687-29
세종특별자치시	세종특별자치시	봉대리 집하장	세종특별자치시 전동면 봉대리 107-1
세종특별자치시	세종특별자치시	송성리 집하장	세종특별자치시 전동면 송성리 745-25
세종특별자치시	세종특별자치시	청람리 집하장	세종특별자치시 전동면 청람리 58-5
세종특별자치시	세종특별자치시	관정리 집하장	세종특별자치시 전의면 관정리 531-1
세종특별자치시	세종특별자치시	금사리 집하장	세종특별자치시 전의면 금사리 137-3
세종특별자치시	세종특별자치시	서정리 집하장	세종특별자치시 전의면 서정리 428-2
세종특별자치시	세종특별자치시	양곡리 집하장	세종특별자치시 전의면 양곡리 315
세종특별자치시	세종특별자치시	유천리 집하장	세종특별자치시 전의면 유천리 869
세종특별자치시	세종특별자치시	봉산리 집하장	세종특별자치시 조치원읍 봉산리 23
세종특별자치시	세종특별자치시	신안리 집하장	세종특별자치시 조치원읍 신안리 56-3
울산광역시	동구	주전 공동집하장	울산광역시 동구 주전동 149-3(주전농협창고앞)
울산광역시	북구	달곡마을회관	울산광역시 북구 북구 달곡1길 71
울산광역시	중구	성동집하장	울산광역시 중구 성안동 산323-2
울산광역시	중구	길촌집하장	울산광역시 중구 유곡동 717-3
인천광역시	강화군	강화용정 공동집하장	인천광역시 강화군 강화읍 용정리 878-8
인천광역시	강화군	교동읍내 공동집하장	인천광역시 강화군 교동면 읍내리 산8-1
인천광역시	강화군	길상온수 공동집하장	인천광역시 강화군 길상면 온수리 607-27
인천광역시	강화군	내가오상 공동집하장	인천광역시 강화군 내가면 오상리 405-7
인천광역시	강화군	불은삼동 공동집하장	인천광역시 강화군 불은면 삼동암리 130 및 130-1(2개소)
인천광역시	강화군	선원연리 공동집하장	인천광역시 강화군 삼산면 석모리 459-8
인천광역시	강화군	선원연리 공동집하장	인천광역시 강화군 선원면 연리 산6-1
인천광역시	강화군	송해솔정 공동집하장	인천광역시 강화군 송해면 솔정리 356
인천광역시	강화군	양도하일 공동집하장	인천광역시 강화군 양도면 하일리 187-2
인천광역시	강화군	양사철산 공동집하장	인천광역시 강화군 양사면 철산리 산121-1
인천광역시	강화군	하점신봉 공동집하장	인천광역시 강화군 하점면 신봉리 617-2
인천광역시	계양구	계양 농협 경제사업장	인천광역시 계양구 장제로 1352
인천광역시	옹진군	대청 재활용선별장	인천광역시 옹진군 대청리 산16-26번지
인천광역시	옹진군	서포리 재활용선별장	인천광역시 옹진군 덕적남로771번길 103
인천광역시	옹진군	백령 재활용선별장	인천광역시 옹진군 백령남로 72번길 356
인천광역시	옹진군	시도리 재활용선별장	인천광역시 옹진군 북도면 시도로 86번길 78
인천광역시	옹진군	장봉리 재활용선별장	인천광역시 옹진군 북도면 장봉리 546-2
인천광역시	옹진군	소청 재활용선별장	인천광역시 옹진군 소청리 58번지
인천광역시	옹진군	대연평 재활용선별장	인천광역시 옹진군 연평면 연평리 505-1
인천광역시	옹진군	소연평 재활용선별장	인천광역시 옹진군 연평면 연평리 931-4
인천광역시	옹진군	영흥 재활용선별장	인천광역시 옹진군 영흥면 외리 산87-4외1
인천광역시	옹진군	자월 재활용선별장	인천광역시 옹진군 자월면 자월서로 78
인천광역시	중구	영종 공동집하장	인천광역시 중구 운남동 1113-41
인천광역시	중구	용유 공동집하장	인천광역시 중구 을왕동 산34-9
전라남도	강진군	용두마을 공동집하장	전라남도 강진군 강진읍 덕남로 151-11
전라남도	강진군	상금마을 공동집하장	전라남도 강진군 강진읍 서산리 444
전라남도	강진군	평활마을 공동집하장	전라남도 강진군 강진읍 지전월남길 210-11
전라남도	강진군	도토마을 공동집하장	전라남도 강진군 강진읍 학명리 16-2
전라남도	강진군	저산마을 공동집하장	전라남도 강진군 강진읍 홍천길 99
전라남도	강진군	항리마을 공동집하장	전라남도 강진군 군동면 금사길 193
전라남도	강진군	대흥마을 공동집하장	전라남도 강진군 군동면 금천로 309
전라남도	강진군	흑석마을회	전라남도 강진군 군동면 덕천리 624-1
전라남도	강진군	봉학마을 공동집하장	전라남도 강진군 군동면 라천리 653
전라남도	강진군	매정마을 공동집하장	전라남도 강진군 군동면 석교리 268-6
전라남도	강진군	신금마을 공동집하장	전라남도 강진군 군동면 석동길 34
전라남도	강진군	용전마을 공동집하장	전라남도 강진군 군동면 쌍덕리 127-1
전라남도	강진군	연곡마을회	전라남도 강진군 군동면 장산리 385-1
전라남도	강진군	율동마을회	전라남도 강진군 대구면 구수리1097-1
전라남도	강진군	삼마리 공유수면	전라남도 강진군 도암면 계라리 810-13
전라남도	강진군	갑길마을회	전라남도 강진군 도암면 덕년리 385-2
전라남도	강진군	연정리 공동집하장	전라남도 강진군 도암면 지석리 98-27
전라남도	강진군	신방 공동집하장	전라남도 강진군 도암면 지석리 산 8-33
전라남도	강진군	봉동 공동집하장	전라남도 강진군 도암면 학장리 127-1
전라남도	강진군	가좌리 공동집하장	전라남도 강진군 도암면 학장리 629-2
전라남도	강진군	백포 공동집하장	전라남도 강진군 도암면 학장리 673
전라남도	강진군	읍호 공동집하장	전라남도 강진군 도암면 학장용산길 247
전라남도	강진군	평호리 공동집하장	전라남도 강진군 도암면 향촌리 산 157-28
전라남도	강진군	용덕마을회	전라남도 강진군 마량면 마량영동로 344-1
전라남도	강진군	중앙마을회	전라남도 강진군 마량면 수인리 1290-1
전라남도	강진군	미야 공동집하장	전라남도 강진군 병영면 삭양리 635
전라남도	강진군	동현 공동집하장	전라남도 강진군 병영면 한학리 399-3
전라남도	강진군	신풍 공동집하장	전라남도 강진군 성전면 도림리 711-7
전라남도	강진군	고담 공동집하장	전라남도 강진군 성전면 명산리 458-2
전라남도	강진군	학의 공동집하장	전라남도 강진군 신전면 노해길 36
전라남도	강진군	구산 공동집하장	전라남도 강진군 신전면 백용길 40
전라남도	강진군	덕흥 공동집하장	전라남도 강진군 신전면 벌정리 155-4
전라남도	강진군	향교 공동집하장	전라남도 강진군 신전면 사초리 728
전라남도	강진군	초호 공동집하장	전라남도 강진군 신전면 사초리 794-2
전라남도	강진군	고현 공동집하장	전라남도 강진군 신전면 신전부춘길 76
전라남도	강진군	조산 공동집하장	전라남도 강진군 신전면 영관리 94-1
전라남도	강진군	탑동 공동집하장	전라남도 강진군 신전면 영장수길 152
전라남도	강진군	월송 공동집하장	전라남도 강진군 신전면 용월리 950-1
전라남도	강진군	분토 공동집하장	전라남도 강진군 신전면 용화리 422-4
전라남도	강진군	매화 공동집하장	전라남도 강진군 신전면 용화리 850-17
전라남도	강진군	만안 공동집하장	전라남도 강진군 신전면 용화리 959-1
전라남도	강진군	황산 공동집하장	전라남도 강진군 신전면 운주로 359
전라남도	강진군	가차 공동집하장	전라남도 강진군 옴천면 봉림리 173-10
전라남도	강진군	삼마 공동집하장	전라남도 강진군 옴천면 영복길 51
전라남도	강진군	신기 공동집하장	전라남도 강진군 옴천면 장강로 1763-8
전라남도	강진군	통호 공동집하장	전라남도 강진군 작천면 갈동리 193
전라남도	강진군	중리 공동집하장	전라남도 강진군 작천면 내기리 405-9
전라남도	강진군	신정 공동집하장	전라남도 강진군 작천면 삼당리 138-1
전라남도	강진군	대죽 공동집하장	전라남도 강진군 작천면 삼열리 211
전라남도	강진군	미학 공동집하장	전라남도 강진군 작천면 야흥리 1161-1
전라남도	강진군	어란 공동집하장	전라남도 강진군 작천면 용상리 302-2
전라남도	강진군	방처 공동집하장	전라남도 강진군 작천면 현산리 710
전라남도	강진군	송계마을회	전라남도 강진군 칠량면 동백로 209
전라남도	강진군	사포마을회	전라남도 강진군 칠량면 동백리 526-1
전라남도	강진군	명성 공동집하장	전라남도 강진군 칠량면 송촌길 67-4
전라남도	강진군	좌일 공동집하장	전라남도 강진군 칠량면 영복리 230-27
전라남도	강진군	명금마을회	전라남도 강진군 칠량면 장계리 689
전라남도	고흥군	고흥 중촌마을	전라남도 고흥군 고흥읍 고소리 473-5
전라남도	고흥군	객산마을 폐비닐 수집장	전라남도 고흥군 고흥읍 등암리 114-2
전라남도	고흥군	고흥 등암마을	전라남도 고흥군 고흥읍 등암리 1319-1 부근
전라남도	고흥군	유정리 폐비닐수집장	전라남도 고흥군 고흥읍 호동리 289-1
전라남도	고흥군	과역 가산마을	전라남도 고흥군 과역면 가산2길 43
전라남도	고흥군	영등마을 폐비닐수집장	전라남도 고흥군 과역면 과역리 196-1
전라남도	고흥군	과역 민등마을	전라남도 고흥군 과역면 과역리 377-6
전라남도	고흥군	신리마을 폐비닐 수집장	전라남도 고흥군 과역면 노일리 465-1
전라남도	고흥군	과역 도야마을	전라남도 고흥군 과역면 도천리 1023-1
전라남도	고흥군	과역 방란마을	전라남도 고흥군 과역면 도천리 1343-8
전라남도	고흥군	과역 상송마을	전라남도 고흥군 과역면 도천리 359
전라남도	고흥군	과역 내백마을	전라남도 고흥군 과역면 백일리 산472
전라남도	고흥군	과역 봉촌마을	전라남도 고흥군 과역면 석봉리 621-1
전라남도	고흥군	과역 석촌마을	전라남도 고흥군 과역면 석촌길 61
전라남도	고흥군	과역 구곡마을	전라남도 고흥군 과역면 신곡리 240-1
전라남도	고흥군	금산 신흥마을	전라남도 고흥군 금산면 대흥리 1080-6 부근
전라남도	고흥군	금산 상하촌마을	전라남도 고흥군 금산면 대흥리 503
전라남도	고흥군	금산 석교마을	전라남도 고흥군 금산면 석정리 1057-5
전라남도	고흥군	금산 석정마을	전라남도 고흥군 금산면 석정리 1250-1
전라남도	고흥군	금산 평지마을	전라남도 고흥군 금산면 신전리 43-3
전라남도	고흥군	금산 궁전마을	전라남도 고흥군 금산면 신전리 459-1
전라남도	고흥군	금산 신양마을	전라남도 고흥군 금산면 신촌리 1242 부근
전라남도	고흥군	금산 중동마을	전라남도 고흥군 금산면 신촌리 1482
전라남도	고흥군	금산 상동마을	전라남도 고흥군 금산면 신촌리 1483-18
전라남도	고흥군	금산 금진마을	전라남도 고흥군 금산면 신촌리 240-51
전라남도	고흥군	화당마을 폐비닐 수집장	전라남도 고흥군 금산면 신촌리 694-5번지
전라남도	고흥군	금산 신평마을	전라남도 고흥군 금산면 신평리 1085-50
전라남도	고흥군	이문마을 폐비닐 수집장	전라남도 고흥군 금산면 신평리 255-2
전라남도	고흥군	금산 동촌마을	전라남도 고흥군 금산면 오천리 584
전라남도	고흥군	남양 우도마을	전라남도 고흥군 남양면 남양리 1346
전라남도	고흥군	남양 남양마을	전라남도 고흥군 남양면 남양리 512
전라남도	고흥군	도강마을 폐비닐 수집장	전라남도 고흥군 남양면 대곡리 100-9번지
전라남도	고흥군	자세마을 폐비닐수집장	전라남도 고흥군 남양면 망주리 1429
전라남도	고흥군	남양 평촌마을	전라남도 고흥군 남양면 망주리 306-8
전라남도	고흥군	중산마을 폐비닐 수집장	전라남도 고흥군 남양면 망주리 940-3
전라남도	고흥군	석장마을 폐비닐 수집장	전라남도 고흥군 남양면 신흥리 422-3
전라남도	고흥군	우천마을 폐비닐 수집장	전라남도 고흥군 남양면 신흥리 686-5
전라남도	고흥군	남양 왕주마을	전라남도 고흥군 남양면 왕주길 28
전라남도	고흥군	복재마을 폐비닐 수집장	전라남도 고흥군 남양면 월정리 1343-5
전라남도	고흥군	노산마을 폐비닐수집장	전라남도 고흥군 남양면 장담리 163-1
전라남도	고흥군	선소마을 폐비닐 수집장	전라남도 고흥군 남양면 장담리 492
전라남도	고흥군	남양 덕촌마을	전라남도 고흥군 남양면 장담리 763-3
전라남도	고흥군	남양 운교마을	전라남도 고흥군 남양면 중산리 198-1
전라남도	고흥군	서당마을 폐비닐 수집장	전라남도 고흥군 남양면 침교리 337-9,2,8
전라남도	고흥군	대서 개명마을	전라남도 고흥군 대서면 금마리 165
전라남도	고흥군	지동마을 폐비닐 수집장	전라남도 고흥군 대서면 금마리 212
전라남도	고흥군	조양마을 폐비닐 수집장	전라남도 고흥군 대서면 남정리 1240-3
전라남도	고흥군	대서 월등마을	전라남도 고흥군 대서면 남정리 371
전라남도	고흥군	연동마을 폐비닐 수집장	전라남도 고흥군 대서면 남정리 519-2번지
전라남도	고흥군	대서 남양마을	전라남도 고흥군 대서면 상남리 1157-9
전라남도	고흥군	대서 온동마을	전라남도 고흥군 대서면 상남리 134
전라남도	고흥군	대서 하남마을	전라남도 고흥군 대서면 송강리 768-1
전라남도	고흥군	대서 봉계마을	전라남도 고흥군 대서면 안남리 31-8
전라남도	고흥군	대서 안동마을	전라남도 고흥군 대서면 안남리 366-4
전라남도	고흥군	대서 마동마을	전라남도 고흥군 대서면 화산리 2136-1
전라남도	고흥군	도덕 당중마을	전라남도 고흥군 도덕면 가야리 1500-14
전라남도	고흥군	도덕 가상마을	전라남도 고흥군 도덕면 가야리 2615-1
전라남도	고흥군	회동마을 폐비닐 수집장	전라남도 고흥군 도덕면 가야리 780-1
전라남도	고흥군	도덕 당동마을	전라남도 고흥군 도덕면 가야리 904
전라남도	고흥군	도덕 대곡마을	전라남도 고흥군 도덕면 가야리 산141
전라남도	고흥군	도덕 도촌마을	전라남도 고흥군 도덕면 도덕리 1212-2
전라남도	고흥군	월평마을 폐비닐 수집장	전라남도 고흥군 도덕면 도덕리 181-2
전라남도	고흥군	천포선우회마을 폐비닐 수집장	전라남도 고흥군 도덕면 도덕리 2536번지
전라남도	고흥군	구룡마을 폐비닐 수집장	전라남도 고흥군 도덕면 봉덕리 1063-4
전라남도	고흥군	도덕 외봉마을	전라남도 고흥군 도덕면 봉덕리 802-1
전라남도	고흥군	연동마을 폐비닐수집장	전라남도 고흥군 도덕면 분매길 105
전라남도	고흥군	도덕 장전마을	전라남도 고흥군 도덕면 신양리 1293-1
전라남도	고흥군	도덕 문관마을	전라남도 고흥군 도덕면 신양리 1762-1
전라남도	고흥군	도덕 신성마을	전라남도 고흥군 도덕면 신양리 474-2
전라남도	고흥군	도덕 회룡마을	전라남도 고흥군 도덕면 신양리 산122-2
전라남도	고흥군	지등마을 폐비닐 수집장	전라남도 고흥군 도덕면 오마리 1246번지
전라남도	고흥군	도덕 오마마을	전라남도 고흥군 도덕면 오마리 560-2
전라남도	고흥군	두곡마을 폐비닐 수집장	전라남도 고흥군 도덕면 용동리 574번지
전라남도	고흥군	신촌마을 폐비닐 수집장	전라남도 고흥군 도양읍 관리 1404-1
전라남도	고흥군	서동마을 폐비닐 수집장	전라남도 고흥군 도양읍 관리 192번지
전라남도	고흥군	용산마을 폐비닐 수집장	전라남도 고흥군 도양읍 관리 525-1
전라남도	고흥군	도양 봉암마을	전라남도 고흥군 도양읍 봉암리 645-3
전라남도	고흥군	도양 용정마을	전라남도 고흥군 도양읍 용정리 2450
전라남도	고흥군	백동마을 폐비닐수집장	전라남도 고흥군 도양읍 용정리 921-1
전라남도	고흥군	도화 호덕마을	전라남도 고흥군 도화면 신호리 981
전라남도	고흥군	전동마을 폐비닐수집장	전라남도 고흥군 도화면 중산길 41
전라남도	고흥군	동강 사서마을	전라남도 고흥군 동강면 대강리 408-1
전라남도	고흥군	동강 두산마을	전라남도 고흥군 동강면 대강리 499
전라남도	고흥군	동강 마서마을	전라남도 고흥군 동강면 마륜리 1244-1
전라남도	고흥군	동강 축내마을	전라남도 고흥군 동강면 마륜리 126-1
전라남도	고흥군	동강 원등마을	전라남도 고흥군 동강면 마륜리 363-7
전라남도	고흥군	동강 원매곡마을	전라남도 고흥군 동강면 매곡리 344-6
전라남도	고흥군	화동마을 폐비닐 수집장	전라남도 고흥군 동강면 매곡리 520-3
전라남도	고흥군	동강 당곡마을	전라남도 고흥군 동강면 매곡리 768-4
전라남도	고흥군	동강 세곡마을	전라남도 고흥군 동강면 오월리 933-7
전라남도	고흥군	동강 덕암마을	전라남도 고흥군 동강면 유둔리 467-1
전라남도	고흥군	동강 관덕마을	전라남도 고흥군 동강면 장덕리 497-1
전라남도	고흥군	동강 장월마을	전라남도 고흥군 동강면 죽암로 230
전라남도	고흥군	화동마을 폐비닐 수집장	전라남도 고흥군 동강면 청송리 369-1
전라남도	고흥군	광곡 폐비닐 수집장	전라남도 고흥군 동일면 백양리 산 236
전라남도	고흥군	군학마을 폐비닐 수집장	전라남도 고흥군 두원면 관덕리 571-5번지
전라남도	고흥군	두원 신흥마을	전라남도 고흥군 두원면 대금리 1042-3
전라남도	고흥군	두원 대덕마을	전라남도 고흥군 두원면 대덕길 92
전라남도	고흥군	두원 송정마을	전라남도 고흥군 두원면 대전리 197-1
전라남도	고흥군	섬동마을 폐비닐 수집장	전라남도 고흥군 두원면 대전리 523-2
전라남도	고흥군	청암마을 폐비닐 수집장	전라남도 고흥군 두원면 영오리 554-5
전라남도	고흥군	두원 예회마을	전라남도 고흥군 두원면 예회리 86-7
전라남도	고흥군	두원 구룡마을	전라남도 고흥군 두원면 용당리 217
전라남도	고흥군	두원 내당마을	전라남도 고흥군 두원면 용당리 694-4
전라남도	고흥군	봉서동마을 폐비닐 수집장	전라남도 고흥군 두원면 용반리 268
전라남도	고흥군	두원 신월마을	전라남도 고흥군 두원면 용산리 105-1
전라남도	고흥군	두원 금계마을	전라남도 고흥군 두원면 용산리 940-14
전라남도	고흥군	신근마을 폐비닐 수집장	전라남도 고흥군 두원면 운대리 1270-23,24
전라남도	고흥군	두원 상대마을	전라남도 고흥군 두원면 운대리 1287-14
전라남도	고흥군	두원 금오마을	전라남도 고흥군 두원면 운대리 234-4
전라남도	고흥군	두원 상촌마을	전라남도 고흥군 두원면 풍류리 400-2
전라남도	고흥군	모원마을 폐비닐 수집장	전라남도 고흥군 두원면 학곡리 1253-1
전라남도	고흥군	두원 지남마을	전라남도 고흥군 두원면 학곡리 402-1
전라남도	고흥군	남양리 폐비닐 수집장	전라남도 고흥군 영남면 양사리 산 8-1
전라남도	고흥군	외래마을 폐비닐 수집장	전라남도 고흥군 영남면 우천리 136-3번지
전라남도	고흥군	영남 간천마을	전라남도 고흥군 영남면 해맞이로 1458-28
전라남도	고흥군	안심마을 폐비닐 수집장	전라남도 고흥군 점암면 강산리 521
전라남도	고흥군	점암 오동마을	전라남도 고흥군 점암면 대룡리 170
전라남도	고흥군	점암 대춘마을	전라남도 고흥군 점암면 대룡리 421-2
전라남도	고흥군	점암 용두마을	전라남도 고흥군 점암면 대룡리 845-3
전라남도	고흥군	상장마을 폐비닐수집장	전라남도 고흥군 점암면 모룡리 266-13
전라남도	고흥군	점암 회계마을	전라남도 고흥군 점암면 모룡리 406-2
전라남도	고흥군	점암 회룡마을	전라남도 고흥군 점암면 모룡리 853-1
전라남도	고흥군	점암 월송마을	전라남도 고흥군 점암면 사정리 1205-1
전라남도	고흥군	점암 사동마을	전라남도 고흥군 점암면 사정리 552-2
전라남도	고흥군	점암 한산마을	전라남도 고흥군 점암면 성기리 197
전라남도	고흥군	점암 평촌마을	전라남도 고흥군 점암면 성기리 450
전라남도	고흥군	점암 성주마을	전라남도 고흥군 점암면 성기리 959-8
전라남도	고흥군	점암 용정마을	전라남도 고흥군 점암면 신안리 673
전라남도	고흥군	장목마을 폐비닐 수집장	전라남도 고흥군 점암면 여호리 355-13번지
전라남도	고흥군	죽림마을 폐비닐 수집장	전라남도 고흥군 점암면 연봉리 372-1
전라남도	고흥군	점암 장남마을	전라남도 고흥군 점암면 천학리 1056-17
전라남도	고흥군	점암 장남마을	전라남도 고흥군 점암면 천학리 1056-3
전라남도	고흥군	점암 가학마을	전라남도 고흥군 점암면 천학리 43
전라남도	고흥군	점암 화전마을	전라남도 고흥군 점암면 화계리 540-1
전라남도	고흥군	점암 신전마을	전라남도 고흥군 점암면 화계리 756-1
전라남도	고흥군	점암 시전마을	전라남도 고흥군 점암면 화계신전길 28
전라남도	고흥군	포두 후동마을	전라남도 고흥군 포두면 길두리 580-2
전라남도	고흥군	포두 익금마을	전라남도 고흥군 포두면 남성리 1257-20
전라남도	고흥군	포두 남성마을	전라남도 고흥군 포두면 남성리 153
전라남도	고흥군	풍양 원남촌마을	전라남도 고흥군 포두면 남촌리 340-3
전라남도	고흥군	포두 서촌마을	전라남도 고흥군 포두면 송산리 776-1 부근
전라남도	고흥군	포두 옥강마을	전라남도 고흥군 포두면 옥강리 662
전라남도	고흥군	회룡마을 폐비닐 수집장	전라남도 고흥군 포두면 차동리 1201-1 일원
전라남도	고흥군	금천리 폐비닐수집장	전라남도 고흥군 포두면 평중길 22-15
전라남도	고흥군	풍양 대가마을	전라남도 고흥군 풍양면 고옥리 1909
전라남도	고흥군	풍양 고옥마을	전라남도 고흥군 풍양면 고옥리 218-1
전라남도	고흥군	마산마을 폐비닐 수집장	전라남도 고흥군 풍양면 당두리 1148번지
전라남도	고흥군	갈마마을 폐비닐 수집장	전라남도 고흥군 풍양면 매곡리 421번지
전라남도	고흥군	풍양 매곡마을	전라남도 고흥군 풍양면 매곡리 880-24
전라남도	고흥군	세동마을 폐비닐수집장	전라남도 고흥군 풍양면 봉양리 1005-7
전라남도	고흥군	풍양 신평마을	전라남도 고흥군 풍양면 봉양리 828-8
전라남도	고흥군	풍양 신평마을	전라남도 고흥군 풍양면 봉양리 828-8
전라남도	고흥군	풍양 상림마을	전라남도 고흥군 풍양면 상림리 413-4
전라남도	고흥군	풍양 월동마을	전라남도 고흥군 풍양면 송정리 1034-1
전라남도	고흥군	풍양 송정마을	전라남도 고흥군 풍양면 송정리 824-1
전라남도	고흥군	풍양 문암마을	전라남도 고흥군 풍양면 안동리 산74
전라남도	고흥군	풍양 율치마을	전라남도 고흥군 풍양면 율치리 1064
전라남도	고흥군	화곡마을 폐비닐 수집장	전라남도 고흥군 풍양면 율치리 1332번지
전라남도	고흥군	풍양 삼신마을	전라남도 고흥군 풍양면 율치리 77-4
전라남도	고흥군	풍양 강동마을	전라남도 고흥군 풍양면 풍남리 219-3
전라남도	고흥군	풍양 광석마을	전라남도 고흥군 풍양면 풍남리 487-4
전라남도	고흥군	명교마을 폐비닐 수집장	전라남도 고흥군 풍양면 한동리 94-7
전라남도	곡성군	초곡마을 공동집하장	전라남도 곡성군 겸면 괴정리 66-1
전라남도	곡성군	남양마을 공동집하장	전라남도 곡성군 겸면 남양리 78-72
전라남도	곡성군	산정마을 공동집하장	전라남도 곡성군 겸면 산정리 355-4
전라남도	곡성군	상덕마을 공동집하장	전라남도 곡성군 겸면 상덕리 268-4
전라남도	곡성군	대흥마을 공동집하장	전라남도 곡성군 겸면 송강리 650-1
전라남도	곡성군	칠봉마을 공동집하장	전라남도 곡성군 겸면 칠봉리 78-1
전라남도	곡성군	고달마을 공동집하장	전라남도 곡성군 고달면 고달리 785-45
전라남도	곡성군	목동마을 공동집하장	전라남도 곡성군 고달면 뇌죽리 604-2
전라남도	곡성군	백곡마을 공동집하장	전라남도 곡성군 고달면 백곡리 719-9
전라남도	곡성군	대평2구 공동집하장	전라남도 곡성군 곡성읍 대평리 756
전라남도	곡성군	대평1구 공동집하장	전라남도 곡성군 곡성읍 대평리 89
전라남도	곡성군	신기리 공동집하장	전라남도 곡성군 곡성읍 신기리 251-2
전라남도	곡성군	신리 공동집하장	전라남도 곡성군 곡성읍 신리 509-6
전라남도	곡성군	동악 작목반 공동집하장	전라남도 곡성군 곡성읍 신월리 287
전라남도	곡성군	대곡1구 공동집하장	전라남도 곡성군 목사동면 대곡리 1345-2
전라남도	곡성군	수곡2구 공동집하장	전라남도 곡성군 목사동면 수곡도장길 349
전라남도	곡성군	신전마을 공동집하장	전라남도 곡성군 목사동면 신전리 537-2
전라남도	곡성군	수석마을 공동집하장	전라남도 곡성군 삼기면 경악리 308-12, 308-8
전라남도	곡성군	괴소마을공동집하장	전라남도 곡성군 삼기면 괴소리 136-4
전라남도	곡성군	근촌마을 공동집하장	전라남도 곡성군 삼기면 근촌리 535-9
전라남도	곡성군	농소1구마을 공동집하장	전라남도 곡성군 삼기면 농소리 492-1
전라남도	곡성군	원등리 공동집하장	전라남도 곡성군 삼기면 원등리 1162-19
전라남도	곡성군	의암마을공동집하장	전라남도 곡성군 삼기면 의암리 943-3
전라남도	곡성군	의암(반석)마을 공동집하장	전라남도 곡성군 삼기면 의암리 산 106
전라남도	곡성군	봉현마을 공동집하장	전라남도 곡성군 삼기면 청계리 177-1
전라남도	곡성군	봉전마을 공동집하장	전라남도 곡성군 석곡면 봉전리 24-3
전라남도	곡성군	연반리 공동집하장	전라남도 곡성군 석곡면 연반리 255-5
전라남도	곡성군	염곡마을 공동집하장	전라남도 곡성군 석곡면 염곡리 1105-3,1105-4
전라남도	곡성군	가곡 공동집하장	전라남도 곡성군 오산면 가곡리765-2
전라남도	곡성군	봉동 공동집하장	전라남도 곡성군 오산면 봉동리 557-2
전라남도	곡성군	선세 공동집하장	전라남도 곡성군 오산면 선세리 632-3
전라남도	곡성군	성덕마을공동지자장	전라남도 곡성군 오산면 선세리392-2
전라남도	곡성군	율천리 공동집하장	전라남도 곡성군 오산면 율천리372
전라남도	곡성군	무창마을 공동집하장	전라남도 곡성군 옥과면 무창길 14(무창리)
전라남도	곡성군	소룡리 공동집하장	전라남도 곡성군 옥과면 소룡리 196(소룡마을)
전라남도	곡성군	용두마을 공동집하장	전라남도 곡성군 옥과면 용두길 62(용두리)
전라남도	곡성군	매월리 공동집하장	전라남도 곡성군 입면 매월리 801-158
전라남도	곡성군	삼오리 공동집하장	전라남도 곡성군 입면 삼오리 614-1
전라남도	곡성군	약천 공동집하장	전라남도 곡성군 입면 약천리 142-7
전라남도	곡성군	제월리 공동집하장	전라남도 곡성군 입면 제월리 126-1
전라남도	곡성군	창정 공동집하장	전라남도 곡성군 입면 창정리 209-5
전라남도	곡성군	삼송마을 공동집하장	전라남도 곡성군 죽곡면 동계리 70-1
전라남도	곡성군	하죽마을 공동집하장	전라남도 곡성군 죽곡면 태평리 산 52
전라남도	광양시	광양백동 공동집하장	전라남도 광양시 광양읍 백동길 54-2(죽림리 601-4)
전라남도	광양시	광양쌍백 공동집하장	전라남도 광양시 광양읍 쌍두길 16(죽림리 1276-4)
전라남도	광양시	광양호암 공동집하장	전라남도 광양시 광양읍 죽림리 73-1
전라남도	광양시	태인궁기 공동집하장	전라남도 광양시 김시식지1길 57-14(태인동 634-1)
전라남도	광양시	다압고사 공동집하장	전라남도 광양시 다압면 고사리 969-2(고시내길 159)
전라남도	광양시	다압관동 공동집하장	전라남도 광양시 다압면 섬진강매화로 1898(고사리 162-1)
전라남도	광양시	다압항동 공동집하장	전라남도 광양시 다압면 섬진강매화로 2117(고사리 1391-1)
전라남도	광양시	봉강지곡 공동집하장	전라남도 광양시 봉강면 지곡리 238-6
전라남도	광양시	진상목과 공동집하장	전라남도 광양시 진상면 목과길 33(청암리 457)
전라남도	광양시	진상청도 공동집하장	전라남도 광양시 진상면 백운2로 483-40(청암리 1130)
전라남도	광양시	진상섬거 공동집하장	전라남도 광양시 진상면 섬거2길 6(섬거리 619-1)
전라남도	광양시	진상지랑 공동집하장	전라남도 광양시 진상면 지랑길 76-3(지원리 1294-2)
전라남도	광양시	진월대리 공동집하장	전라남도 광양시 진월면 섬진강매화로847번길 33(월길리 518-2)
전라남도	광양시	진월금동 공동집하장	전라남도 광양시 진월면 송금리 329-7
전라남도	광양시	진월송현 공동집하장	전라남도 광양시 진월면 월길리 16-1
전라남도	광양시	진월중도 공동집하장	전라남도 광양시 진월면 중섬길 173-11(월길리 1731-133)
전라남도	광양시	진월중도 공동집하장	전라남도 광양시 진월면 중섬길 174-12(월길리 1731-132)
전라남도	구례군	야동마을집하장	전라남도 구례군 간전면 양천리 (야동마을)
전라남도	구례군	논곡마을집하장	전라남도 구례군 구례읍 논곡리 376-1 (논곡길 96)
전라남도	구례군	동산마을집하장	전라남도 구례군 구례읍 봉서리 1558-4 (동산1길 90-11)
전라남도	구례군	산수동마을집하장	전라남도 구례군 구례읍 봉서리 2112-2 (산수동1길 8-2)
전라남도	구례군	오봉마을집하장	전라남도 구례군 구례읍 봉서리 904-3 (오봉마을)
전라남도	구례군	원천마을집하장	전라남도 구례군 구례읍 원방리 135 (원천길 76-2)
전라남도	구례군	광평마을집하장	전라남도 구례군 마산면 광평리 822-29 (광평1길 25-4)
전라남도	구례군	사도마을집하장	전라남도 구례군 마산면 사도리 879 (섬진강대로 5363)
전라남도	구례군	월평마을집하장	전라남도 구례군 문척면 월전리 (월평마을)
전라남도	구례군	전천마을집하장	전라남도 구례군 문척면 월전리 (전천마을)
전라남도	구례군	동해마을집하장	전라남도 구례군 문척면 죽마리 (동해마을)
전라남도	구례군	사림마을집하장	전라남도 구례군 용방면 사림리 635-2 (사림마을)
전라남도	구례군	죽정마을집하장	전라남도 구례군 용방면 죽정리 539 (죽정마을)
전라남도	구례군	원내마을집하장	전라남도 구례군 토지면 금내리 534-1(원내1길 47)
전라남도	나주시	오계리집하장	전라남도 나주시 남평읍 오계리 407-2/407-5
전라남도	나주시	우산리집하장	전라남도 나주시 남평읍 우산리 2413-191
전라남도	나주시	계림리집하장	전라남도 나주시 노안면 계림리 680-4
전라남도	나주시	용산리집하장	전라남도 나주시 노안면 용산리 718-16
전라남도	나주시	유곡리집하장	전라남도 나주시 노안면 유곡리 946-3
전라남도	나주시	덕동리집하장	전라남도 나주시 다도면 덕동리 산 57-6
전라남도	나주시	도동리집하장	전라남도 나주시 다도면 도동리 65-2
전라남도	나주시	암정리집하장	전라남도 나주시 다도면 암정리 622
전라남도	나주시	대지리집하장	전라남도 나주시 동강면 대지리 1090
전라남도	나주시	동수동집하장	전라남도 나주시 동수동 104-2 (이창동)
전라남도	나주시	안곡리집하장	전라남도 나주시 문평면 안곡리 960-65
전라남도	나주시	옥당리집하장	전라남도 나주시 문평면 옥당리 787-6
전라남도	나주시	덕곡리집하장	전라남도 나주시 봉황면 덕곡리 산 124-5
전라남도	나주시	죽석리집하장	전라남도 나주시 봉황면 죽석리 1112-3
전라남도	나주시	등정리집하장	전라남도 나주시 산포면 등정리 840-15
전라남도	나주시	신흥집하장	전라남도 나주시 왕곡면 덕산리 511-1
전라남도	나주시	송죽리집하장	전라남도 나주시 왕곡면 송죽리 726
전라남도	나주시	덕실집하장	전라남도 나주시 왕곡면 옥곡리 103-109
전라남도	담양군	고읍리	전라남도 담양군 고서면 고읍리 369외2
전라남도	담양군	주산리	전라남도 담양군 고서면 주산리 361외1
전라남도	담양군	대성1리	전라남도 담양군 금성면 대성리 768
전라남도	담양군	봉황리	전라남도 담양군 금성면 봉황리 산270-3
전라남도	담양군	가산리	전라남도 담양군 담양읍 가산리504-12외2
전라남도	담양군	반룡2리	전라남도 담양군 담양읍 반룡리 771
전라남도	담양군	금산2리	전라남도 담양군 대덕면 금산리 545-1
전라남도	담양군	고성리	전라남도 담양군 수북면 고성리 319-1
전라남도	담양군	나산리	전라남도 담양군 수북면 나산리 171-1
전라남도	담양군	정중리	전라남도 담양군 수북면 정중리 544-8외1
전라남도	담양군	유천리	전라남도 담양군 창평면 유천리 119
전라남도	담양군	일산리	전라남도 담양군 창평면 일산리 산 26-2
전라남도	무안군	수연마을	전라남도 무안군 망운면 목동리 32-1
전라남도	무안군	대성마을	전라남도 무안군 망운면 목서리 455-1
전라남도	무안군	강석마을	전라남도 무안군 망운면 목서리 613-1
전라남도	무안군	석계마을	전라남도 무안군 망운면 목서리 724-8
전라남도	무안군	수철마을	전라남도 무안군 망운면 송현리 831-12
전라남도	무안군	월산마을	전라남도 무안군 망운면 피서리 3-11
전라남도	무안군	대덕마을	전라남도 무안군 망운면 피서리 372-9
전라남도	무안군	사야	전라남도 무안군 몽탄면 내리 1119-1
전라남도	무안군	심양	전라남도 무안군 몽탄면 내리 645-1
전라남도	무안군	응양	전라남도 무안군 몽탄면 다산리 산82-2
전라남도	무안군	돌기	전라남도 무안군 몽탄면 달산리 172-1
전라남도	무안군	발산	전라남도 무안군 몽탄면 달산리 695-2
전라남도	무안군	외분	전라남도 무안군 몽탄면 당호리 566-3
전라남도	무안군	신만	전라남도 무안군 몽탄면 명산리 72-7
전라남도	무안군	신월	전라남도 무안군 몽탄면 몽강리 120
전라남도	무안군	매곡	전라남도 무안군 몽탄면 몽강리 214-12
전라남도	무안군	이방	전라남도 무안군 몽탄면 봉명리 278
전라남도	무안군	학암	전라남도 무안군 몽탄면 봉산리 395-3
전라남도	무안군	기룡	전라남도 무안군 몽탄면 봉산리 808-5,7
전라남도	무안군	감정	전라남도 무안군 몽탄면 사창리 1147-3
전라남도	무안군	신풍	전라남도 무안군 몽탄면 사창리 1279
전라남도	무안군	진목	전라남도 무안군 몽탄면 사창리 1413-3
전라남도	무안군	신사	전라남도 무안군 몽탄면 사창리 292-1
전라남도	무안군	장동	전라남도 무안군 몽탄면 약곡리 131
전라남도	무안군	송전	전라남도 무안군 몽탄면 양장리 58-1
전라남도	무안군	창산	전라남도 무안군 무안읍 고절리 473
전라남도	무안군	구등	전라남도 무안군 무안읍 매곡리 913-7
전라남도	무안군	광천	전라남도 무안군 무안읍 성동리 328-6
전라남도	무안군	슬산	전라남도 무안군 무안읍 성동리 649-1
전라남도	무안군	신등	전라남도 무안군 무안읍 성암리 411-1
전라남도	무안군	매안	전라남도 무안군 무안읍 용월리 6
전라남도	무안군	수포	전라남도 무안군 무안읍 용월리 713
전라남도	무안군	노무내	전라남도 무안군 삼향읍 맥포리 1206
전라남도	무안군	석산	전라남도 무안군 삼향읍 용포리 234-4
전라남도	무안군	신풍	전라남도 무안군 삼향읍 유교리 68-1
전라남도	무안군	보천	전라남도 무안군 삼향읍 지산리 1172-1
전라남도	무안군	매당	전라남도 무안군 삼향읍 지산리 866-1
전라남도	무안군	금적마을	전라남도 무안군 운남면 내리 726-2
전라남도	무안군	토교마을	전라남도 무안군 운남면 동암리 436-9
전라남도	무안군	야리마을	전라남도 무안군 운남면 동암리 6
전라남도	무안군	송촌마을	전라남도 무안군 운남면 성내리 1344-3
전라남도	무안군	송암마을	전라남도 무안군 운남면 연리 102
전라남도	무안군	번동마을	전라남도 무안군 운남면 연리 567-1
전라남도	무안군	제동마을	전라남도 무안군 운남면 연리 810-9
전라남도	무안군	영화정마을	전라남도 무안군 운남면 연리 933
전라남도	무안군	노상마을	전라남도 무안군 운남면 하묘리 406-3
전라남도	무안군	별뫼마을	전라남도 무안군 운남면 하묘리 795
전라남도	무안군	원삼정마을	전라남도 무안군 운남면 하묘리 866-3
전라남도	무안군	물암	전라남도 무안군 일로읍 망월리 112-2
전라남도	무안군	고읍	전라남도 무안군 일로읍 산정리 568, 567-3
전라남도	무안군	도성	전라남도 무안군 일로읍 의산리 769-1
전라남도	무안군	장성	전라남도 무안군 일로읍 죽산리 154-2
전라남도	무안군	양간4리	전라남도 무안군 일로읍 지장리 413-1
전라남도	무안군	연동	전라남도 무안군 청계면 강정리 327-5
전라남도	무안군	원동	전라남도 무안군 청계면 구로리 166-2
전라남도	무안군	학례	전라남도 무안군 청계면 남성리 517
전라남도	무안군	둔전	전라남도 무안군 청계면 남안리 58
전라남도	무안군	두곡	전라남도 무안군 청계면 도대리 341-16
전라남도	무안군	신기	전라남도 무안군 청계면 복룡리 103-3
전라남도	무안군	성북마을	전라남도 무안군 청계면 사마리 803-1
전라남도	무안군	양곡	전라남도 무안군 청계면 상마리 741
전라남도	무안군	동암	전라남도 무안군 청계면 서호리 185-1
전라남도	무안군	송계	전라남도 무안군 청계면 서호리 530-1
전라남도	무안군	팔학	전라남도 무안군 청계면 서호리 657-1
전라남도	무안군	저동	전라남도 무안군 청계면 서호리 83
전라남도	무안군	내화	전라남도 무안군 청계면 청천리 406-1
전라남도	무안군	신기마을	전라남도 무안군 해제면 광산리 156-3
전라남도	무안군	신평마을	전라남도 무안군 해제면 광산리 520-8
전라남도	무안군	성암마을	전라남도 무안군 해제면 대사리 37
전라남도	무안군	광진마을	전라남도 무안군 해제면 덕산리 288
전라남도	무안군	신기마을	전라남도 무안군 해제면 덕산리 390-1
전라남도	무안군	소동마을	전라남도 무안군 해제면 덕산리 984-3
전라남도	무안군	복치마을	전라남도 무안군 해제면 만풍리 215-1
전라남도	무안군	영화촌마을	전라남도 무안군 해제면 만풍리 254-3
전라남도	무안군	청수원마을	전라남도 무안군 해제면 만풍리 447
전라남도	무안군	벽유마을	전라남도 무안군 해제면 만풍리 696-1
전라남도	무안군	동백마을	전라남도 무안군 해제면 만풍리 696-1
전라남도	무안군	벽유정마을	전라남도 무안군 해제면 만풍리 980
전라남도	무안군	청등마을	전라남도 무안군 해제면 산길리 28-1
전라남도	무안군	은곡마을	전라남도 무안군 해제면 산길리 290
전라남도	무안군	흥룡동마을	전라남도 무안군 해제면 석용리 500-11
전라남도	무안군	화계마을	전라남도 무안군 해제면 송석리 107
전라남도	무안군	대발마을	전라남도 무안군 해제면 신정리 183-5
전라남도	무안군	보전마을	전라남도 무안군 해제면 신정리 192-2
전라남도	무안군	불암마을	전라남도 무안군 해제면 신정리 380-1
전라남도	무안군	연화마을	전라남도 무안군 해제면 신정리 53-13
전라남도	무안군	해정마을	전라남도 무안군 해제면 양매리 136-1
전라남도	무안군	우평마을	전라남도 무안군 해제면 양매리 167-2
전라남도	무안군	신양동마을	전라남도 무안군 해제면 양월리 301
전라남도	무안군	덕천마을	전라남도 무안군 해제면 용학리 136-3
전라남도	무안군	송계마을	전라남도 무안군 해제면 용학리 266-20
전라남도	무안군	정자동마을	전라남도 무안군 해제면 용학리 393-2
전라남도	무안군	덕산마을	전라남도 무안군 해제면 용학리 49-3
전라남도	무안군	삼천동마을	전라남도 무안군 해제면 유월리 56-1
전라남도	무안군	기동마을	전라남도 무안군 해제면 임수리 370-132
전라남도	무안군	소재,,대행마을	전라남도 무안군 해제면 임수리 440-1
전라남도	무안군	용흥마을	전라남도 무안군 해제면 창매리 349-9,10
전라남도	무안군	미출마을	전라남도 무안군 해제면 창매리 44
전라남도	무안군	저수마을	전라남도 무안군 해제면 창매리 616-1
전라남도	무안군	송정마을	전라남도 무안군 해제면 천장리 498-4
전라남도	무안군	원석정마을	전라남도 무안군 해제면 천장리 616-1
전라남도	무안군	연천마을	전라남도 무안군 해제면 천장리 749-3
전라남도	무안군	묘동마을	전라남도 무안군 해제면 천장리 89-24
전라남도	무안군	표산마을	전라남도 무안군 해제면 학송리 29-2
전라남도	무안군	영천마을	전라남도 무안군 해제면 학송리 553
전라남도	무안군	덕산마을	전라남도 무안군 현경면 가입리 76-15
전라남도	무안군	장동마을	전라남도 무안군 현경면 동산리 234-1
전라남도	무안군	지호마을	전라남도 무안군 현경면 동산리 286-15
전라남도	무안군	하동마을	전라남도 무안군 현경면 동산리 419-14
전라남도	무안군	석령마을	전라남도 무안군 현경면 동산리 707-5
전라남도	무안군	노송마을	전라남도 무안군 현경면 동산리 산10-1
전라남도	무안군	고양촌마을	전라남도 무안군 현경면 마산리 543-24
전라남도	무안군	산음마을	전라남도 무안군 현경면 송정리 230-21
전라남도	무안군	하신흥마을	전라남도 무안군 현경면 송정리 530-4
전라남도	무안군	용촌마을	전라남도 무안군 현경면 수양리 515
전라남도	무안군	장고산마을	전라남도 무안군 현경면 수양리 808-6
전라남도	무안군	양림마을	전라남도 무안군 현경면 양학리 204-37
전라남도	무안군	초동마을	전라남도 무안군 현경면 오류리 116-35
전라남도	무안군	금곡마을	전라남도 무안군 현경면 오류리 135
전라남도	무안군	청학마을	전라남도 무안군 현경면 오류리 703-2,3
전라남도	무안군	외대화마을	전라남도 무안군 현경면 오류리 905-11
전라남도	무안군	복학마을	전라남도 무안군 현경면 외반리 375-1
전라남도	무안군	가동마을	전라남도 무안군 현경면 외반리 53-30
전라남도	무안군	해창마을	전라남도 무안군 현경면 용정리 44-3
전라남도	무안군	흥용마을	전라남도 무안군 현경면 용정리 616-10
전라남도	무안군	백곡마을	전라남도 무안군 현경면 용정리 산71-7
전라남도	무안군	작동마을	전라남도 무안군 현경면 평산리 357
전라남도	무안군	감람마을	전라남도 무안군 현경면 평산리 400-14
전라남도	무안군	석두마을	전라남도 무안군 현경면 평산리 914-4
전라남도	무안군	만년마을	전라남도 무안군 현경면 해운리 114-2,3
전라남도	무안군	옥산마을	전라남도 무안군 현경면 해운리 1190-9
전라남도	무안군	해은마을	전라남도 무안군 현경면 해운리 704-1
전라남도	무안군	신풍마을	전라남도 무안군 현경면 해운리 983
전라남도	무안군	죽림마을	전라남도 무안군 현경면 현화리 192-20
전라남도	무안군	봉동마을	전라남도 무안군 현경면 현화리 593-1
전라남도	무안군	자명동마을	전라남도 무안군 현경면 현화리 967-3
전라남도	보성군	한계2리	전라남도 보성군 겸백면 남양리 486
전라남도	보성군	한계1리	전라남도 보성군 노동면 광곡리 520-7
전라남도	보성군	대신1리	전라남도 보성군 득량면 도촌리 140-3
전라남도	보성군	부곡3리	전라남도 보성군 득량면 도촌리 280-7
전라남도	보성군	산간리	전라남도 보성군 득량면 마천리 1136-1
전라남도	보성군	석정리	전라남도 보성군 득량면 마천리 365-1
전라남도	보성군	양곡리	전라남도 보성군 득량면 마천리 산 136-4
전라남도	보성군	용곡리	전라남도 보성군 득량면 마천리 산 14-2
전라남도	보성군	우봉리	전라남도 보성군 득량면 비봉리 410-2
전라남도	보성군	월평1리	전라남도 보성군 득량면 비봉리 산148-3
전라남도	보성군	화림3리	전라남도 보성군 득량면 정흥리 1430-11
전라남도	보성군	신2리	전라남도 보성군 득량면 해평리 2405-1
전라남도	보성군	백운리	전라남도 보성군 득량면 해평리 2464-3
전라남도	보성군	한천리	전라남도 보성군 득량면 해평리 2466-3
전라남도	보성군	화림2리	전라남도 보성군 득량면 해평리 35-1
전라남도	보성군	회송1리	전라남도 보성군 득량면 해평리 785-2
전라남도	보성군	시장마을 폐비닐 수집장	전라남도 보성군 벌교읍 영등리 440-1
전라남도	보성군	상율마을 폐비닐 수집장	전라남도 보성군 벌교읍 장암리 1115
전라남도	보성군	정2리	전라남도 보성군 벌교읍 전동리 920-7
전라남도	보성군	중산마을 폐비닐 수집장	전라남도 보성군 벌교읍 지동리 453
전라남도	보성군	오류,내동마을 폐비닐 수집장	전라남도 보성군 벌교읍 징광리 2-6
전라남도	보성군	다지1리	전라남도 보성군 벌교읍 추동리 1550-7
전라남도	보성군	삼장마을 폐비닐 수집장	전라남도 보성군 보성읍 봉산리 1435-6
전라남도	보성군	가수1리	전라남도 보성군 보성읍 용문리 616-1
전라남도	보성군	도당마을 폐비닐 수집장	전라남도 보성군 보성읍 쾌상리 883
전라남도	보성군	가암리 폐기물처리시설1	전라남도 보성군 복내면 유정리 1087-33
전라남도	보성군	연월2리	전라남도 보성군 웅치면 강산리 1031-1
전라남도	보성군	천변리	전라남도 보성군 웅치면 유산리 산111-4
전라남도	보성군	금전리	전라남도 보성군 율어면 금천리 1145-1
전라남도	보성군	가암리 폐기물처리시설2	전라남도 보성군 조성면 우천리 417-1
전라남도	보성군	신석1리	전라남도 보성군 회천면 객산리 486-6
전라남도	보성군	이만리	전라남도 보성군 회천면 군농1리 662
전라남도	보성군	대비리	전라남도 보성군 회천면 군농2리 1233
전라남도	보성군	신석2리	전라남도 보성군 회천면 군농리 1348-8
전라남도	보성군	석당	전라남도 보성군 회천면 동율리 68
전라남도	보성군	쌍봉리	전라남도 보성군 회천면 벽교2리 188-2
전라남도	보성군	이양리	전라남도 보성군 회천면 벽교리 148-6
전라남도	보성군	야문	전라남도 보성군 회천면 벽교리 878-1
전라남도	보성군	오류1리	전라남도 보성군 회천면 봉강1리 775-6
전라남도	보성군	만수2리	전라남도 보성군 회천면 봉강2리
전라남도	보성군	만인1리	전라남도 보성군 회천면 봉강3리
전라남도	보성군	백암1리	전라남도 보성군 회천면 서당1리 673
전라남도	보성군	광사리	전라남도 보성군 회천면 서당2리 583-5
전라남도	보성군	백암2리	전라남도 보성군 회천면 영천1리 592
전라남도	보성군	석고리	전라남도 보성군 회천면 율포리 84
전라남도	보성군	내리	전라남도 보성군 회천면 전일1리 80-8
전라남도	보성군	신성1리	전라남도 보성군 회천면 전일2리 874-16
전라남도	보성군	천암2리	전라남도 보성군 회천면 천포1리 산17-8
전라남도	보성군	덕곡1리	전라남도 보성군 회천면 천포2리 546-1
전라남도	보성군	대초리	전라남도 보성군 회천면 화죽1리 1172
전라남도	보성군	도장리	전라남도 보성군 회천면 화죽1리 1258-4
전라남도	보성군	용강1리	전라남도 보성군 회천면 화죽1리 1327
전라남도	보성군	운월2리	전라남도 보성군 회천면 화죽2리 1160
전라남도	보성군	야사2리	전라남도 보성군 회천면 화죽2리 1217-1
전라남도	보성군	맹리	전라남도 보성군 회천면 화죽2리 688-1
전라남도	보성군	서유리	전라남도 보성군 회천면 화죽리 1228-18
전라남도	보성군	남치리	전라남도 보성군 회천면 화죽리 498-1
전라남도	보성군	이천리	전라남도 보성군 회천면 회령1리 83-1
전라남도	보성군	구암1리	전라남도 보성군 회천면 회령2리 656-6
전라남도	보성군	안림	전라남도 보성군 회천면 회령2리 913-4
전라남도	순천시	금산마을 공동집하장	전라남도 순천시 낙안면 금산리 산46
전라남도	순천시	석흥리 공동집하장	전라남도 순천시 낙안면 석흥리 789
전라남도	순천시	노암마을 공동집하장	전라남도 순천시 낙안면 이곡리 74-14
전라남도	순천시	교촌마을 공동집하장	전라남도 순천시 낙안면 조정래길 677-14
전라남도	순천시	개령마을 공동집하장	전라남도 순천시 별량면 대룡리 679-1
전라남도	순천시	대룡리 공동집하장	전라남도 순천시 별량면 대룡리 880번지
전라남도	순천시	송학리 공동집하장	전라남도 순천시 별량면 송학리 297-3
전라남도	순천시	죽산리2 공동집하장	전라남도 순천시 별량면 죽산리 265-14
전라남도	순천시	죽산리 공동집하장	전라남도 순천시 별량면 죽산리 89-6번지
전라남도	순천시	마륜리 공동집하장	전라남도 순천시 상사면 마륜리 363-1
전라남도	순천시	대구리 공동집하장	전라남도 순천시 서면 대구리 942-2
전라남도	순천시	운평리 공동집하장	전라남도 순천시 서면 운평리 1147
전라남도	순천시	지본리 공동집하장	전라남도 순천시 서면 지본리 1032
전라남도	순천시	죽산마을 공동집하장	전라남도 순천시 송광면 덕산리 519-5
전라남도	순천시	유경마을 공동집하장	전라남도 순천시 송광면 삼청리 171
전라남도	순천시	오봉마을 공동집하장	전라남도 순천시 송광면 오봉리 28-1
전라남도	순천시	두월리 공동집하창	전라남도 순천시 승주읍 두모길 124
전라남도	순천시	두월리 공동집하장	전라남도 순천시 승주읍 두월리 177-2
전라남도	순천시	신성리 공동집하창	전라남도 순천시 승주읍 신성리 873-2
전라남도	순천시	평중리 공동집하창	전라남도 순천시 승주읍 평중리 226
전라남도	순천시	와룡 공동집하장	전라남도 순천시 와룡동 186-2(향동)
전라남도	순천시	농선리 공동집하장	전라남도 순천시 월등면 농선리 588
전라남도	순천시	대평리 공동집하장	전라남도 순천시 월등면 대평리 752-1
전라남도	순천시	망용마을 공동집하장	전라남도 순천시 월등면 망용리 354-4
전라남도	순천시	송천리 공동집하장	전라남도 순천시 월등면 복사골길 268
전라남도	순천시	유평마을 공동집하장	전라남도 순천시 월등면 신월리 83-1
전라남도	순천시	대평리 공동집하장	전라남도 순천시 월등면 월등로 571
전라남도	순천시	오산마을공동집하장	전라남도 순천시 주암면 오산리 185-1
전라남도	순천시	창촌리공동집하장	전라남도 순천시 주암면 창촌리 246-1
전라남도	순천시	창촌리공동집하장	전라남도 순천시 주암면 창촌리 246-1
전라남도	순천시	한곡마을공동집하장	전라남도 순천시 주암면 한곡리 176
전라남도	순천시	유룡마을 공동집하장	전라남도 순천시 해룡면 상내리 772
전라남도	순천시	와온 공동집하장	전라남도 순천시 해룡면 상내리 838-2
전라남도	순천시	월전 공동집하장	전라남도 순천시 해룡면 월전리 82-1
전라남도	순천시	중흥마을 공동집하장	전라남도 순천시 해룡면 중흥리 330-1
전라남도	순천시	괴목리 공동집하장	전라남도 순천시 황전면 백야중길 12
전라남도	순천시	죽동마을 공동집하장	전라남도 순천시 황전면 죽동길 29
전라남도	순천시	황학리(본황마을) 공동집하장	전라남도 순천시 황전면 황학리 115
전라남도	순천시	황학리(황학마을) 공동집하장	전라남도 순천시 황전면 황학리 566-2
전라남도	여수시	돌산읍 송시	전라남도 여수시 돌산읍 금봉리 1412-28
전라남도	여수시	돌산읍 봉양	전라남도 여수시 돌산읍 금봉리 447-4
전라남도	여수시	돌산읍 속전	전라남도 여수시 돌산읍 금봉리 산499-3
전라남도	여수시	돌산읍 덕곡	전라남도 여수시 돌산읍 서덕리 1195-5
전라남도	여수시	돌산읍 작금	전라남도 여수시 돌산읍 신복리 산551-1, 2
전라남도	여수시	돌산읍 봉림	전라남도 여수시 돌산읍 죽포리 1191
전라남도	여수시	상촌	전라남도 여수시 만흥동 946-1
전라남도	여수시	봉강	전라남도 여수시 봉계동 372-3
전라남도	여수시	소라면 대포	전라남도 여수시 소라면 대포리 938-1
전라남도	여수시	소라면 복산	전라남도 여수시 소라면 복산리 산62-5
전라남도	여수시	소라면 현천	전라남도 여수시 소라면 현천리 495-2
전라남도	여수시	월앙	전라남도 여수시 여수시 봉계동 418-3
전라남도	여수시	율촌면 평촌	전라남도 여수시 율촌면 가장리 1810-11
전라남도	여수시	율촌면 신대	전라남도 여수시 율촌면 산수리 1588-1
전라남도	여수시	율촌면 외청	전라남도 여수시 율촌면 월산리 1145-4
전라남도	여수시	화양면 소장	전라남도 여수시 화양면 나진리  347-1
전라남도	여수시	화양면 서촌	전라남도 여수시 화양면 서촌리 436-4
전라남도	여수시	화양면 석교	전라남도 여수시 화양면 서촌리 899-5
전라남도	여수시	화양면 원포	전라남도 여수시 화양면 안포리 869-4
전라남도	여수시	화양면 옥적	전라남도 여수시 화양면 옥적리 1303-4
전라남도	여수시	화양면 마상	전라남도 여수시 화양면 옥적리 1834
전라남도	여수시	화양면 상전	전라남도 여수시 화양면 옥적리 1988-25
전라남도	여수시	화양면 이목	전라남도 여수시 화양면 이목리 1156-4
전라남도	여수시	화양면 감도	전라남도 여수시 화양면 이천리644-21
전라남도	여수시	화양면 장수	전라남도 여수시 화양면 장수리 1249
전라남도	여수시	화양면 백초	전라남도 여수시 화양면 창무리 671
전라남도	여수시	화양면 화동	전라남도 여수시 화양면 화동리 863
전라남도	여수시	화양면 청양	전라남도 여수시 화양명 화동리 2177
전라남도	영광군	청용리 공동집하장	전라남도 영광군 군남면 도장리 302-9
전라남도	영광군	관산리 공동집하장	전라남도 영광군 군남면 도장리 63-3
전라남도	영광군	교인리 공동집하장	전라남도 영광군 군남면 봉덕로 1013
전라남도	영광군	백일도 공동집하장	전라남도 영광군 군남면 봉덕로10길 50-5
전라남도	영광군	불목리 공동집하장	전라남도 영광군 군남면 봉덕로12길 18-32
전라남도	영광군	갈문리 공동집하장	전라남도 영광군 군남면 봉덕로7길 16
전라남도	영광군	대문리 공동집하장	전라남도 영광군 군남면 봉덕로7길 48
전라남도	영광군	달도리 공동집하장	전라남도 영광군 군남면 봉덕로8길 24
전라남도	영광군	신학리 공동집하장	전라남도 영광군 군남면 양덕리 1025
전라남도	영광군	영흥리 공동집하장	전라남도 영광군 군남면 월죽로1길 11
전라남도	영광군	신흥리 공동집하장	전라남도 영광군 군남면 월죽로2길 22
전라남도	영광군	신장리 공동집하장	전라남도 영광군 군남면 육창로4길 42
전라남도	영광군	대창1리 공동집하장	전라남도 영광군 군남면 천년로5길 11-1
전라남도	영광군	북치리 공동집하장	전라남도 영광군 군서면 만곡리 148-6
전라남도	영광군	중리 공동집하장	전라남도 영광군 군서면 만곡리 85-11
전라남도	영광군	북고리 공동집하장	전라남도 영광군 군서면 보라리 74-4
전라남도	영광군	용계리 공동집하장	전라남도 영광군 군서면 서금길2길 113
전라남도	영광군	고작리 공동집하장	전라남도 영광군 군서면 성지로6길 106-28
전라남도	영광군	황진리 공동집하장	전라남도 영광군 대마면 복평리 69-2
전라남도	영광군	신목리 공동집하장	전라남도 영광군 대마면 성산리 1223-4
전라남도	영광군	염등리 공동집하장	전라남도 영광군 대마면 영대로5길 8
전라남도	영광군	신구리 공동집하장	전라남도 영광군 대마면 영장로12길 17
전라남도	영광군	구목리 공동집하장	전라남도 영광군 대마면 영장로12길 25-7
전라남도	영광군	동고리 공동집하장	전라남도 영광군 대마면 영장로1길 56-1
전라남도	영광군	육동리 공동집하장	전라남도 영광군 대마면 영장로9길 26
전라남도	영광군	천구리 공동집하장	전라남도 영광군 대마면 월산리 402-22
전라남도	영광군	포구리 공동집하장	전라남도 영광군 대마면 월산리 426-50
전라남도	영광군	포전리 공동집하장	전라남도 영광군 대마면 홍교리 787
전라남도	영광군	부용리 공동집하장	전라남도 영광군 대마면 화평길 84-5
전라남도	영광군	해창리 공동집하장	전라남도 영광군 대마면 화평리 278-2
전라남도	영광군	충도리 공동집하장	전라남도 영광군 대마면 화평리 409-1
전라남도	영광군	당산리 공동집하장	전라남도 영광군 묘량면 덕흥리 64-17
전라남도	영광군	미라리 공동집하장	전라남도 영광군 묘량면 동삼로3길 35-9
전라남도	영광군	부황리 공동집하장	전라남도 영광군 묘량면 동삼로6길 18
전라남도	영광군	가학리 공동집하장	전라남도 영광군 묘량면 삼효리 54-1
전라남도	영광군	비자리 공동집하장	전라남도 영광군 묘량면 영양리 176-1
전라남도	영광군	대곡리 공동집하장	전라남도 영광군 묘량면 영양리 211-5
전라남도	영광군	이목리 공동집하장	전라남도 영광군 묘량면 영양리 29
전라남도	영광군	비동리 공동집하장	전라남도 영광군 묘량면 영양리 301
전라남도	영광군	이월리 공동집하장	전라남도 영광군 묘량면 영양리 64-10
전라남도	영광군	소포리 공동집하장	전라남도 영광군 묘량면 운당리 191-5
전라남도	영광군	구성리 공동집하장	전라남도 영광군 묘량면 운당리 산 8-4
전라남도	영광군	대곡리 공동집하장	전라남도 영광군 묘량면 월암리 480-3
전라남도	영광군	동진리 공동집하장	전라남도 영광군 묘량면 황량로1길 47
전라남도	영광군	양중리 공동집하장	전라남도 영광군 백수읍 대신길 172-43
전라남도	영광군	상득암리 공동집하장	전라남도 영광군 백수읍 대신리 726-2
전라남도	영광군	석장리 공동집하장	전라남도 영광군 백수읍 상사길2길 15
전라남도	영광군	화개리 공동집하장	전라남도 영광군 백수읍 상사길2길 21
전라남도	영광군	정도리 공동집하장	전라남도 영광군 백수읍 상사길3길 17-10
전라남도	영광군	지리 공동집하장	전라남도 영광군 백수읍 성지로7길 48-33
전라남도	영광군	부흥리 공동집하장	전라남도 영광군 백수읍 약수길 95
전라남도	영광군	외산월리 공동집하장	전라남도 영광군 백수읍 천마길 298
전라남도	영광군	당목리 공동집하장	전라남도 영광군 백수읍 하사리 206-1
전라남도	영광군	대구미 공동집하장	전라남도 영광군 백수읍 하사리 65-20
전라남도	영광군	덕암리 공동집하장	전라남도 영광군 법성면 대덕리 264-3
전라남도	영광군	매향리 공동집하장	전라남도 영광군 법성면 삼당리 산36
전라남도	영광군	삼두리 공동집하장	전라남도 영광군 법성면 신장리 75-7
전라남도	영광군	당인리 공동집하장	전라남도 영광군 법성면 용성월산로6길 106-21
전라남도	영광군	잘포리 공동집하장	전라남도 영광군 법성면 입암리 304
전라남도	영광군	지도리 공동집하장	전라남도 영광군 법성면 화천길 82
전라남도	영광군	영풍리 공동집하장	전라남도 영광군 법성면 화천길1길 171
전라남도	영광군	세동리 공동집하장	전라남도 영광군 불갑면 성지로2길 104
전라남도	영광군	중도리 공동집하장	전라남도 영광군 염산면 봉덕로 122
전라남도	영광군	대야1리 공동집하장	전라남도 영광군 염산면 봉덕로3길 57-9
전라남도	영광군	양지리 공동집하장	전라남도 영광군 염산면 오동길1길 202-26
전라남도	영광군	장용리 공동집하장	전라남도 영광군 염산면 오동길2길 141
전라남도	영광군	대신리 공동집하장	전라남도 영광군 염산면 칠산로 37-41
전라남도	영광군	청계리 공동집하장	전라남도 영광군 염산면 향화로 219
전라남도	영광군	사정리 공동집하장	전라남도 영광군 염산면 향화로 512
전라남도	영광군	남산리 공동집하장	전라남도 영광군 영광읍 단주리 436-5
전라남도	영광군	부흥리 공동집하장	전라남도 영광군 영광읍 덕호리 210
전라남도	영광군	모서리 공동집하장	전라남도 영광군 영광읍 덕호리 873-2
전라남도	영광군	월평리 공동집하장	전라남도 영광군 영광읍 덕호리 93-2
전라남도	영광군	진산리 공동집하장	전라남도 영광군 영광읍 송림리 825-31
전라남도	영광군	포산리 공동집하장	전라남도 영광군 영광읍 신하리 613
전라남도	영광군	읍리 공동집하장	전라남도 영광군 영광읍 양평리248-24
전라남도	영광군	미라리 공동집하장	전라남도 영광군 영광읍 와룡3리 367-9
전라남도	영광군	권덕리 공동집하장	전라남도 영광군 영광읍 와룡로4길 90
전라남도	영광군	소진리 공동집하장	전라남도 영광군 영광읍 와룡로7길 139
전라남도	영광군	횡간리 공동집하장	전라남도 영광군 영광읍 와룡리 367-9
전라남도	영광군	국화리 공동집하장	전라남도 영광군 영광읍 월현로1길 66-10
전라남도	영광군	쳥용리 공동집하장	전라남도 영광군 영광읍 입석길1길 141-4
전라남도	영광군	교성리 공동집하장	전라남도 영광군 영광읍 입석리 249-19
전라남도	영광군	삼마리 공동집하장	전라남도 영광군 영광읍 입석리 491
전라남도	영광군	동촌리 공동집하장	전라남도 영광군 영광읍 청보리로 63
전라남도	영광군	구장리 공동집하장	전라남도 영광군 영광읍 청보리로1길 35
전라남도	영광군	육산리 공동집하장	전라남도 영광군 영광읍 학정리 455-1
전라남도	영광군	대당리 공동집하장	전라남도 영광군 홍농읍 단덕로1길 11-5
전라남도	영광군	양하리 공동집하장	전라남도 영광군 홍농읍 동부로1길 62
전라남도	영광군	죽엽리 공동집하장	전라남도 영광군 홍농읍 진덕리 343-12
전라남도	영광군	내산월 공동집하장	전라남도 영광군 홍농읍 홍농로3길 8-5
전라남도	영암군	내현화	전라남도 영암군 군서면 남송정마을 서구림리 316
전라남도	영암군	내덕	전라남도 영암군 도포면  원목마을 원항리 1325
전라남도	영암군	내분	전라남도 영암군 도포면 봉호리 1152-1 봉호마을
전라남도	영암군	대곡	전라남도 영암군 도포면 봉호정 마을 봉호리 608-1
전라남도	영암군	수양동	전라남도 영암군 도포면 숭의마을 원항리 1422
전라남도	영암군	외덕	전라남도 영암군 도포면 인덕마을 덕화리 727
전라남도	영암군	조산	전라남도 영암군 도포면 조감마을 수산리 802
전라남도	영암군	신리	전라남도 영암군 도포면 함반동마을 봉호리 1555
전라남도	영암군	월두	전라남도 영암군 도포면 회호정 마을 영호리 571-4
전라남도	영암군	상수장	전라남도 영암군 미암면 만화마을 신한리 103-4
전라남도	영암군	원송현	전라남도 영암군 미암면 춘동리 361-2
전라남도	영암군	양간3	전라남도 영암군 시종면 월롱리
전라남도	영암군	용교	전라남도 영암군 시종면 학림마을 신학리 1340-1
전라남도	영암군	원동산	전라남도 영암군 영암읍 기찬랜드 회문리 95
전라남도	영암군	해운동	전라남도 영암군 영암읍 신기마을 송평리 765-1
전라남도	영암군	상주교	전라남도 영암군 학산면 금계마을 금계리 1443
전라남도	영암군	백동	전라남도 영암군 학산면 매월리
전라남도	완도군	사하리 공동집하장	전라남도 완도군 고금면  상정리  37-17번지
전라남도	완도군	신생리 공동집하장	전라남도 완도군 고금면 가교리 1233-8
전라남도	완도군	초상리 공동집하장	전라남도 완도군 고금면 가교리 610
전라남도	완도군	창포리 공동집하장	전라남도 완도군 고금면 농상리 527
전라남도	완도군	거룡리 공동집하장	전라남도 완도군 고금면 봉명리 213
전라남도	완도군	중리 공동집하장	전라남도 완도군 고금면 상정리 119
전라남도	완도군	활곡리 공동집하장	전라남도 완도군 고금면 세동리 1122
전라남도	완도군	송정리 공동집하장	전라남도 완도군 고금면 세동리 906-1
전라남도	완도군	청용리 공동집하장	전라남도 완도군 고금면 청용리 366-8
전라남도	완도군	사정리 공동집하장	전라남도 완도군 고금면 청용리 785
전라남도	완도군	오상리 공동집하장	전라남도 완도군 군와면 신학리 413-2
전라남도	완도군	신기리 공동집하장	전라남도 완도군 군외면 당인리 백일도 산106-1
전라남도	완도군	정거리 공동집하장	전라남도 완도군 군외면 대문리 344-11
전라남도	완도군	죽전리 공동집하장	전라남도 완도군 군외면 대문리 산130-31 (갈문리)
전라남도	완도군	내동산리 공동집하장	전라남도 완도군 군외면 불목리 530
전라남도	완도군	오류리 공동집하장	전라남도 완도군 군외면 삼두리819
전라남도	완도군	송산리 공동집하장	전라남도 완도군 군외면 신학리 157-11
전라남도	완도군	한의리 공동집하장	전라남도 완도군 군외면 신학리 334
전라남도	완도군	나리 공동집하장	전라남도 완도군 군외면 신학리 886-2
전라남도	완도군	녹진리 공동집하장	전라남도 완도군 군외면 영풍리207-1
전라남도	완도군	마산리 공동집하장	전라남도 완도군 군외면 영풍리77-9
전라남도	완도군	향동리 공동집하장	전라남도 완도군 군외면 영흥1길 3
전라남도	완도군	신동리 공동집하장	전라남도 완도군 군외면 원동리 440
전라남도	완도군	외동산리 공동집하장	전라남도 완도군 군외면 청해진북로 662
전라남도	완도군	벽파리 공동집하장	전라남도 완도군 군외면 황진리 1-3
전라남도	완도군	덕병리 공동집하장	전라남도 완도군 군외면 황진리 250-4
전라남도	완도군	안농리 공동집하장	전라남도 완도군 군외면 황진리 360-2
전라남도	완도군	한사리 공동집하장	전라남도 완도군 군외면 황진리 642-10
전라남도	완도군	모도리 공동집하장	전라남도 완도군 금당면 육동리 102-2
전라남도	완도군	돈지리 공동집하장	전라남도 완도군 금당면 육산리 832
전라남도	완도군	용인리 공동집하장	전라남도 완도군 금일읍 신구리 1563
전라남도	완도군	상가리 공동집하장	전라남도 완도군 노화읍 고막리 733-1(북고마을)
전라남도	완도군	정자리 공동집하장	전라남도 완도군 노화읍 고막리 87-1(삼마마을)
전라남도	완도군	둔전리 공동집하장	전라남도 완도군 노화읍 노화서로 32
전라남도	완도군	신기리 1 공동집하장	전라남도 완도군 노화읍 도청리 1237-2(잘포마을)
전라남도	완도군	세등리 공동집하장	전라남도 완도군 노화읍 도청리 455-1
전라남도	완도군	대사리 공동집하장	전라남도 완도군 노화읍 도청리 458, 453-3
전라남도	완도군	한사리 공동집하장	전라남도 완도군 노화읍 등산리 1246-1(당산마을)
전라남도	완도군	만금리 공동집하장	전라남도 완도군 노화읍 등산리 141-2(대당마을)
전라남도	완도군	월가리 공동집하장	전라남도 완도군 노화읍 등산리 471-1
전라남도	완도군	분토리 공동집하장	전라남도 완도군 노화읍 신리길 17
전라남도	완도군	연산리 공동집하장	전라남도 완도군 노화읍 신양리 1112-1(양하마을)
전라남도	완도군	나리 공동집하장	전라남도 완도군 노화읍 신양리 367-1(신목마을)
전라남도	완도군	하율리 공동집하장	전라남도 완도군 소안면 가학 3길 10
전라남도	완도군	신정리 공동집하장	전라남도 완도군 소안면 미라리 107-6
전라남도	완도군	도목리 공동집하장	전라남도 완도군 소안면 미라리 1216-6
전라남도	완도군	석현리 공동집하장	전라남도 완도군 소안면 비동리 845-7
전라남도	완도군	용호리 공동집하장	전라남도 완도군 소안면 비자리 1147-4
전라남도	완도군	연주리 공동집하장(2)	전라남도 완도군 소안면 이월리 468-18
전라남도	완도군	연주리 공동집하장(1)	전라남도 완도군 소안면 이월리 995-5
전라남도	완도군	영산리 공동집하장	전라남도 완도군 소안면 진산리 1012-3
전라남도	완도군	도명리 공동집하장	전라남도 완도군 소안면 진산리 34-3
전라남도	완도군	응덕리 공동집하장	전라남도 완도군 소안면 진산리 957-1
전라남도	완도군	칠전리 공동집하장	전라남도 완도군 소안면 횡간리 42-2
전라남도	완도군	원두리 공동집하장	전라남도 완도군 소안면 횡간리 산224
전라남도	완도군	옥대리 공동집하장	전라남도 완도군 약산면 관산리 980-1
전라남도	완도군	만길리 공동집하장	전라남도 완도군 약산면 득암리 196
전라남도	완도군	정지리 공동집하장	전라남도 완도군 약산면 장용리 464-3
전라남도	완도군	송현리 공동집하장	전라남도 완도군 완도읍 대신리 1279
전라남도	완도군	염장리 공동집하장	전라남도 완도군 완도읍 대야리 820-1
전라남도	완도군	청룡리 공동집하장	전라남도 완도군 완도읍 망석리 1065-2
전라남도	완도군	신흥리 공동집하장	전라남도 완도군 완도읍 정도리 354-12
전라남도	완도군	한의리 공동집하장	전라남도 완도군 완도읍 중도리 1043-2
전라남도	완도군	수유리 공동집하장	전라남도 완도군 완도읍 중도리 545-1
전라남도	완도군	전두1리 공동집하장	전라남도 완도군 완도읍 화개리 279-2
전라남도	완도군	포서리 공동집하장	전라남도 완도군 완도읍 화흥리 1012
전라남도	완도군	초사리 공동집하장	전라남도 완도군 장용리 5-2번지
전라남도	완도군	연동리 공동집하장	전라남도 완도군 청산면 국화길 33-7
전라남도	완도군	내동리 공동집하장	전라남도 완도군 청산면 대모도길 18
전라남도	완도군	고성리 공동집하장	전라남도 완도군 청산면 동촌길 51
전라남도	완도군	신리 공동집하장	전라남도 완도군 청산면 신풍길 17
전라남도	완도군	평산리 공동집하장	전라남도 완도군 청산면 양중리 205-2
전라남도	완도군	지막 공동집하장(1)	전라남도 완도군 청산면 양지길 8
전라남도	완도군	오하리 공동집하장	전라남도 완도군 청산면 읍리 216
전라남도	완도군	지막 공동집하장(2)	전라남도 완도군 청산면 읍리길 18
전라남도	완도군	금호도리 공동집하장	전라남도 완도군 청산면 청계길 22
전라남도	완도군	모사리 공동집하장	전라남도 완도군 청산면 청산남로 320
전라남도	완도군	가계리 공동집하장	전라남도 완도군 청산면 청산로 1400
전라남도	완도군	지수리 공동집하장	전라남도 완도군 청산면 청산로 952-1
전라남도	완도군	침계리 공동집하장	전라남도 완도군 해동리 705-20
전라남도	장성군	동외리 공동집하장	전라남도 장성군 삼계면 죽림리 810
전라남도	장흥군	영수마을 집하장	전라남도 장흥군 관산읍 남송리 173-2
전라남도	장흥군	송천마을 집하장	전라남도 장흥군 관산읍 부평리 279-9
전라남도	장흥군	백용마을 집하장	전라남도 장흥군 관산읍 옥당리 6-13
전라남도	장흥군	부춘마을 집하장	전라남도 장흥군 관산읍 외동리 521-1
전라남도	장흥군	신리마을 공동집하장	전라남도 장흥군 관산읍 외동리 산60
전라남도	장흥군	명동마을 집하장	전라남도 장흥군 관산읍 죽교리 8-4
전라남도	장흥군	도림마을 집하장	전라남도 장흥군 대덕읍 도청리 291
전라남도	장흥군	중당마을 집하장	전라남도 장흥군 대덕읍 연정리 558-1
전라남도	장흥군	박산마을 집하장	전라남도 장흥군 대덕읍 연정리 산151-1
전라남도	장흥군	야동마을 집하장	전라남도 장흥군 대덕읍 연지리 1311
전라남도	장흥군	학동마을 집하장	전라남도 장흥군 대덕읍 연지리 564-1
전라남도	장흥군	내동마을 집하장	전라남도 장흥군 대덕읍 연지리 83-1
전라남도	장흥군	신기마을 집하장	전라남도 장흥군 안양면 당암리(주교) 881-2번지
전라남도	장흥군	한림마을 집하장	전라남도 장흥군 안양면 사촌리 507-2(율산)
전라남도	장흥군	백양마을 집하장	전라남도 장흥군 안양면 수락리 248-3
전라남도	장흥군	연동마을 집하장	전라남도 장흥군 안양면 수양리 234-1
전라남도	장흥군	영복마을 집하장	전라남도 장흥군 안양면 수양리 422
전라남도	장흥군	북평 공동집하장	전라남도 장흥군 안양면 신촌리 489
전라남도	장흥군	남천 공동집하장	전라남도 장흥군 안양면 신촌리 489 번지
전라남도	장흥군	관동 공동집하장	전라남도 장흥군 안양면 운흥리 133-1번지
전라남도	장흥군	부흥 공동집하장	전라남도 장흥군 안양면 학송리 241-2(장수)
전라남도	장흥군	오천 공동집하장	전라남도 장흥군 안양면 학송리 241-2(장수)
전라남도	장흥군	월교 공동집하장	전라남도 장흥군 안양면 학송리 75-16
전라남도	장흥군	남천 공동집하장	전라남도 장흥군 용산면 접정리 257-40
전라남도	장흥군	용정 공동집하장	전라남도 장흥군 장동면 북교리 401-1(석교마을)
전라남도	장흥군	충리마을 공동집하장	전라남도 장흥군 장동면 북교리 856-10(북동마을)
전라남도	장흥군	신기마을 공동집하장	전라남도 장흥군 장평면 우산리 580-1
전라남도	장흥군	송정마을 공동집하장	전라남도 장흥군 장흥읍 덕제리 238
전라남도	장흥군	산림마을 공동집하장	전라남도 장흥군 장흥읍 평장리 692-2
전라남도	장흥군	원진마을 공동집하장	전라남도 장흥군 회진면 덕산리 2136-10
전라남도	장흥군	나범마을 공동집하장	전라남도 장흥군 회진면 회진리 741-5
전라남도	진도군	세포리 공동집하장	전라남도 진도군 고군면 고성리 353-2
전라남도	진도군	세방리 공동집하장	전라남도 진도군 고군면 고성리 95-2
전라남도	진도군	오류리 공동집하장	전라남도 진도군 고군면 금계리 1185-2
전라남도	진도군	송호리 공동집하장	전라남도 진도군 고군면 금계리 153-1
전라남도	진도군	가치리 공동집하장	전라남도 진도군 고군면 내산리 726-3
전라남도	진도군	상심동 공동집하장	전라남도 진도군 고군면 도평리 245
전라남도	진도군	가치리 공동집하장(2)	전라남도 진도군 고군면 벽파리 126-8
전라남도	진도군	금노리 공동집하장	전라남도 진도군 고군면 벽파리 676-1
전라남도	진도군	육동리 공동집하장	전라남도 진도군 고군면 석현리 714
전라남도	진도군	갈두리 공동집하장	전라남도 진도군 고군면 오류리 291-1
전라남도	진도군	유목리 공동집하장	전라남도 진도군 고군면 오산리 1029-5
전라남도	진도군	상봉암 공동집하장	전라남도 진도군 고군면 오산리 1249-3
전라남도	진도군	하봉암 공동집하장	전라남도 진도군 고군면 오산리 1653-1
전라남도	진도군	가학리 공동집하장	전라남도 진도군 고군면 오산리 278-1
전라남도	진도군	산행리 공동집하장	전라남도 진도군 고군면 원포리 955
전라남도	진도군	하심동 공동집하장	전라남도 진도군 고군면 지막리 1762-9
전라남도	진도군	수양리 공동집하장	전라남도 진도군 고군면 지막리 472-1
전라남도	진도군	와우리 공동집하장	전라남도 진도군 고군면 향동리 1965-3
전라남도	진도군	대천리 공동집하장	전라남도 진도군 고군면 향동리 389-4
전라남도	진도군	가사도리 공동집하장	전라남도 진도군 고군면 향동리 산86-1
전라남도	진도군	상미 공동집하장(1)	전라남도 진도군 고작리 공동집하장
전라남도	진도군	동구리 공동집하장	전라남도 진도군 군내면 나   리 39
전라남도	진도군	하보전리 공동집하장	전라남도 진도군 군내면 나리 397-59
전라남도	진도군	상고야리 공동집하장	전라남도 진도군 군내면 나리 397-67
전라남도	진도군	탑립리 공동집하장	전라남도 진도군 군내면 나리 398-11
전라남도	진도군	고길리 공동집하장	전라남도 진도군 군내면 나리 405-14
전라남도	진도군	상보전리 공동집하장	전라남도 진도군 군내면 나리 547
전라남도	진도군	백연리 공동집하장	전라남도 진도군 군내면 녹진리 100-8
전라남도	진도군	소앵무리 공동집하장	전라남도 진도군 군내면 녹진리 1842-5
전라남도	진도군	고방리 공동집하장	전라남도 진도군 군내면 녹진리 201-10
전라남도	진도군	관마리 공동집하장	전라남도 진도군 군내면 녹진리 431-3
전라남도	진도군	길우리 공동집하장	전라남도 진도군 군내면 덕병리 1228-1
전라남도	진도군	외삼당리 공동집하장	전라남도 진도군 군내면 덕병리 136
전라남도	진도군	길은리 공동집하장	전라남도 진도군 군내면 덕병리 산 190
전라남도	진도군	귀성리 공동집하장	전라남도 진도군 군내면 둔전리 1403-1
전라남도	진도군	거제리 공동집하장	전라남도 진도군 군내면 둔전리 1818-3
전라남도	진도군	내삼당리 공동집하장	전라남도 진도군 군내면 둔전리 213
전라남도	진도군	선항리 공동집하장	전라남도 진도군 군내면 둔전리 946
전라남도	진도군	대앵무리 공동집하장	전라남도 진도군 군내면 분토리 1687-18
전라남도	진도군	안치리 공동집하장	전라남도 진도군 군내면 분토리 1712-19,20
전라남도	진도군	죽림리 공동집하장	전라남도 진도군 군내면 분토리 1715-6,8
전라남도	진도군	용동리 공동집하장	전라남도 진도군 군내면 분토리 1736-2
전라남도	진도군	상만리 공동집하장	전라남도 진도군 군내면 분토리 275-2
전라남도	진도군	용산리 공동집하장	전라남도 진도군 군내면 분토리 산 249-5
전라남도	진도군	인천리 공동집하장	전라남도 진도군 군내면 세등리 470-2
전라남도	진도군	소포리 공동집하장	전라남도 진도군 군내면 송산리 335-1
전라남도	진도군	중매리 공동집하장	전라남도 진도군 군내면 송산리 519-6
전라남도	진도군	독치리 공동집하장	전라남도 진도군 군내면 월가리 1353-15
전라남도	진도군	하고야리 공동집하장	전라남도 진도군 군내면 월가리 286-1
전라남도	진도군	내연리 공동집하장	전라남도 진도군 군내면 정자리 334-3
전라남도	진도군	백동리 공동집하장	전라남도 진도군 남산리 공동집하장
전라남도	진도군	송정리 공동집하장	전라남도 진도군 내산월 공동집하장
전라남도	진도군	석교리 공동집하장	전라남도 진도군 동외리 공동집하장
전라남도	진도군	신동리 공동집하장	전라남도 진도군 매향리 공동집하장
전라남도	진도군	봉상리 공동집하장	전라남도 진도군 북치리 공동집하장
전라남도	진도군	연주리 공동집하장	전라남도 진도군 소포리 공동집하장
전라남도	진도군	남선리 공동집하장	전라남도 진도군 송현리 공동집하장
전라남도	진도군	하미리 공동집하장	전라남도 진도군 수유리 공동집하장
전라남도	진도군	남동리 공동집하장	전라남도 진도군 신흥리 공동집하장
전라남도	진도군	구분실리 공동집하장	전라남도 진도군 염장리 공동집하장
전라남도	진도군	장구포리 공동집하장	전라남도 진도군 외산월리 공동집하장
전라남도	진도군	호구리 공동집하장	전라남도 진도군 월평리 공동집하장
전라남도	진도군	도락2리 공동집하장	전라남도 진도군 의신면 거룡리 883-1
전라남도	진도군	단고마을 공동집하장	전라남도 진도군 의신면 만길리 1-15
전라남도	진도군	추포마을 공동집하장	전라남도 진도군 의신면 만길리 1409-5
전라남도	진도군	존포리 공동집하장	전라남도 진도군 의신면 만길리 산 216-1
전라남도	진도군	당산마을 공동집하장	전라남도 진도군 의신면 연주리 1040
전라남도	진도군	동구리 공동집하장	전라남도 진도군 의신면 연주리 326-8
전라남도	진도군	가사도리 공동집하장	전라남도 진도군 의신면 연주리 888
전라남도	진도군	대척리 공동집하장	전라남도 진도군 의신면 칠전리 1221-3
전라남도	진도군	망동마을 공동집하장	전라남도 진도군 의신면 침계리 598-1
전라남도	진도군	광전리 공동집하장	전라남도 진도군 전두1리 공동집하장
전라남도	진도군	고산리 공동집하장	전라남도 진도군 죽엽리 공동집하장
전라남도	진도군	굴포리 공동집하장	전라남도 진도군 지도리 공동집하장
전라남도	진도군	송월리 공동집하장	전라남도 진도군 청룡리 공동집하장
전라남도	진도군	중만리 공동집하장	전라남도 진도군 포구리 공동집하장
전라남도	진도군	칠전리 공동집하장	전라남도 진도군 포산리 공동집하장
전라남도	진도군	중미리 공동집하장	전라남도 진도군 포서리 공동집하장
전라남도	진도군	상연리 공동집하장	전라남도 진도군 해창리 공동집하장
전라남도	함평군	성산리 선산	전라남도 함평군 가덕리 317-5
전라남도	함평군	나막마을	전라남도 함평군 가동리 571-23
전라남도	함평군	옥실리 미동	전라남도 함평군 강운리 1079-2
전라남도	함평군	상정리 공동집하장	전라남도 함평군 강운리 산 224
전라남도	함평군	홍교리 중홍	전라남도 함평군 고막리 685-3
전라남도	함평군	세동리 공동집하장	전라남도 함평군 구산리 1026-1
전라남도	함평군	와룡리 공동집하장	전라남도 함평군 구산리 1047
전라남도	함평군	덕호리 삼호	전라남도 함평군 구산리 1071-1
전라남도	함평군	상귀마을	전라남도 함평군 궁산리 1003-3
전라남도	함평군	죽산마을	전라남도 함평군 궁산리 1072-3
전라남도	함평군	석지마을	전라남도 함평군 궁산리 340-1
전라남도	함평군	반안리 공동집하장	전라남도 함평군 궁산리 687-4
전라남도	함평군	입석리 491	전라남도 함평군 금계리 97
전라남도	함평군	화천리 신두암	전라남도 함평군 금곡리 1002-17
전라남도	함평군	송암리 선바위	전라남도 함평군 금곡리 762-1
전라남도	함평군	오동리 공동집하장	전라남도 함평군 금산리 739-12
전라남도	함평군	봉남리 공동집하장	전라남도 함평군 금산리 910-1
전라남도	함평군	양평리 백자	전라남도 함평군 나산리 333-3
전라남도	함평군	사산마을	전라남도 함평군 내교리 671-1
전라남도	함평군	성산리 1223-4	전라남도 함평군 대각리 362
전라남도	함평군	신평마을	전라남도 함평군 대덕리 1115-3
전라남도	함평군	정창마을	전라남도 함평군 대덕리 354-2
전라남도	함평군	도장리 도철	전라남도 함평군 대전리 146-14
전라남도	함평군	동월리 3리	전라남도 함평군 대전리 582
전라남도	함평군	신성마을	전라남도 함평군 대전리 841-17
전라남도	함평군	보라리 74-4	전라남도 함평군 대창리 602-4
전라남도	함평군	순용리 순용	전라남도 함평군 덕산리 338-10
전라남도	함평군	대덕리 복용	전라남도 함평군 덕산리 682-9
전라남도	함평군	봉명리 공동집하장	전라남도 함평군 동산길 18-4
전라남도	함평군	하모마을	전라남도 함평군 동암리 283-1
전라남도	함평군	삼효리 효동	전라남도 함평군 마산리 182-8
전라남도	함평군	삼효리 석전	전라남도 함평군 마산리 291-1
전라남도	함평군	원흥리 장보	전라남도 함평군 마산리 670-1
전라남도	함평군	계동마을	전라남도 함평군 만흥리 256-5
전라남도	함평군	상촌마을	전라남도 함평군 만흥리 404
전라남도	함평군	진덕리 716	전라남도 함평군 문장리 195-11
전라남도	함평군	신하리 613	전라남도 함평군 문장리 604-2
전라남도	함평군	월흥리 공동집하장	전라남도 함평군 보여리 220-1
전라남도	함평군	만곡리 영산	전라남도 함평군 보여리 592
전라남도	함평군	만곡리 원만곡	전라남도 함평군 복흥리 120-1
전라남도	함평군	월평마을	전라남도 함평군 산남리 1045-4
전라남도	함평군	주현마을	전라남도 함평군 산남리 2385-71
전라남도	함평군	중귀마을	전라남도 함평군 산남리 2491-10
전라남도	함평군	반안리	전라남도 함평군 산남리 435-11
전라남도	함평군	도장리 공동집하장	전라남도 함평군 산남리 산 15-5
전라남도	함평군	입암리 304	전라남도 함평군 산내리 446
전라남도	함평군	설매리 동고	전라남도 함평군 삼덕리 521
전라남도	함평군	영양리 텃재	전라남도 함평군 삼정리 434-1
전라남도	함평군	상사리 상촌	전라남도 함평군 삼정리 51-6
전라남도	함평군	덕흥리 64-17	전라남도 함평군 상곡리 439-1
전라남도	함평군	운당리 191-5	전라남도 함평군 상곡리 472-2
전라남도	함평군	세동리 공동집하장	전라남도 함평군 상옥리 632-1
전라남도	함평군	노적마을	전라남도 함평군 석성리 387-15
전라남도	함평군	주평마을	전라남도 함평군 석성리 49-24
전라남도	함평군	삼효리 석전	전라남도 함평군 석정리 116-2
전라남도	함평군	내세마을	전라남도 함평군 석창리 1215-13
전라남도	함평군	상모마을	전라남도 함평군 석창리 1298
전라남도	함평군	대덕리 공동집하장	전라남도 함평군 석창리 23-10
전라남도	함평군	순촌마을	전라남도 함평군 석창리 775
전라남도	함평군	아차마을	전라남도 함평군 성남리 270-1
전라남도	함평군	월암리 공동집하장	전라남도 함평군 성천리 1143
전라남도	함평군	약수리 조양	전라남도 함평군 송로리 1151-2
전라남도	함평군	월암리 공동집하장	전라남도 함평군 송로리 142
전라남도	함평군	신장리 공동집하장	전라남도 함평군 송로리 832-6
전라남도	함평군	설매리 치산	전라남도 함평군 송사리 290
전라남도	함평군	양덕리 장혈	전라남도 함평군 송사리 610-3
전라남도	함평군	송림리 오송	전라남도 함평군 송암리 399
전라남도	함평군	와룡리지음	전라남도 함평군 수상리 957-1
전라남도	함평군	단덕리 공동집하장	전라남도 함평군 수하리 461-7
전라남도	함평군	영양리 공동집하장	전라남도 함평군 신계리 559-1
전라남도	함평군	대신리 공동집하장	전라남도 함평군 신계리 813-3
전라남도	함평군	양평리 공동집하장	전라남도 함평군 신평리 458
전라남도	함평군	대신리 공동집하장	전라남도 함평군 엄다리 1097-4
전라남도	함평군	하사리 공동집하장	전라남도 함평군 엄다리 1342-1
전라남도	함평군	영양리 공동집하장	전라남도 함평군 엄다리 1476-2
전라남도	함평군	영양리 영촌	전라남도 함평군 엄다리 274
전라남도	함평군	상사리 한성	전라남도 함평군 엄다리 483-1
전라남도	함평군	하사리 사등	전라남도 함평군 엄다리 720
전라남도	함평군	신성리 도사	전라남도 함평군 연암리 553
전라남도	함평군	영양리 영촌	전라남도 함평군 영흥리 436-2
전라남도	함평군	운당리 효성	전라남도 함평군 영흥리 695-2
전라남도	함평군	유덕마을	전라남도 함평군 옥산리 545-3
전라남도	함평군	옥연마을	전라남도 함평군 옥산리 853-1
전라남도	함평군	원구산(월암)마을	전라남도 함평군 옥산리 산 31-1
전라남도	함평군	신석리 공동집하장	전라남도 함평군 용두리 1071
전라남도	함평군	학정리 공동집하장	전라남도 함평군 용두리 973-1
전라남도	함평군	남계리 149	전라남도 함평군 용산리 252-5
전라남도	함평군	화천리 263-2	전라남도 함평군 용산리 866-5
전라남도	함평군	오동리 신오	전라남도 함평군 용성리 273-1
전라남도	함평군	단주리 월현	전라남도 함평군 용성리 743-1
전라남도	함평군	천마리 공동집하장	전라남도 함평군 용암리 535-4
전라남도	함평군	단주리공동집하장	전라남도 함평군 용월리 225-19
전라남도	함평군	연성리 연동	전라남도 함평군 우치리 807
전라남도	함평군	오동리 연화	전라남도 함평군 운교리 695-5
전라남도	함평군	연성리 연동	전라남도 함평군 원선리 757
전라남도	함평군	상정리 공동집하장	전라남도 함평군 월계리 515
전라남도	함평군	입석리 원입석	전라남도 함평군 월봉리 1030-12
전라남도	함평군	덕호리 칠성동	전라남도 함평군 월봉리 420-1
전라남도	함평군	월산리 공동집하장	전라남도 함평군 월산리 637-1
전라남도	함평군	가교리 공동집하장	전라남도 함평군 월악리 1202
전라남도	함평군	복평리 섬암	전라남도 함평군 월암리 123
전라남도	함평군	월산리공동집하장	전라남도 함평군 월야리 293-1
전라남도	함평군	삼계면 생촌2리 집하장	전라남도 함평군 월야리 886
전라남도	함평군	동월리 공동집하장	전라남도 함평군 월천리 179-5
전라남도	함평군	덕산마을	전라남도 함평군 월천리 1908
전라남도	함평군	대성마을	전라남도 함평군 월천리 2073-1
전라남도	함평군	농상리 공동집하장	전라남도 함평군 유천리 119-3
전라남도	함평군	성산리 선산	전라남도 함평군 유천리 221-3
전라남도	함평군	복평리 석정	전라남도 함평군 유천리 264-3
전라남도	함평군	입석리 공동집하장	전라남도 함평군 이문리 105-5
전라남도	함평군	삼구동마을	전라남도 함평군 자풍리 1070-7
전라남도	함평군	방하마을	전라남도 함평군 자풍리 1101
전라남도	함평군	원선마을	전라남도 함평군 자풍리 산 42-1
전라남도	함평군	용수마을	전라남도 함평군 장교리 588-6
전라남도	함평군	괴정마을	전라남도 함평군 장교리 732-1
전라남도	함평군	감산마을	전라남도 함평군 장교리 996-13
전라남도	함평군	마량마을	전라남도 함평군 장년리 194-3
전라남도	함평군	화전마을	전라남도 함평군 죽암리 597-1
전라남도	함평군	각궁마을	전라남도 함평군 죽암리 668-1
전라남도	함평군	원산마을	전라남도 함평군 죽장리 288-4
전라남도	함평군	평촌마을	전라남도 함평군 죽장리 510-2
전라남도	함평군	화평리 농주	전라남도 함평군 죽정리 1007-6
전라남도	함평군	원흥리 군동	전라남도 함평군 죽정리 623-1
전라남도	함평군	안영마을	전라남도 함평군 진양리 1448-7
전라남도	함평군	외덕마을	전라남도 함평군 진양리 534-1
전라남도	함평군	와룡리 구평	전라남도 함평군 초포리 947
전라남도	함평군	화평리 산정	전라남도 함평군 학교리 1060-10
전라남도	함평군	금산마을	전라남도 함평군 학산리 1013-41
전라남도	함평군	성대마을	전라남도 함평군 학산리 1330
전라남도	함평군	선박마을	전라남도 함평군 학산리 746-2
전라남도	함평군	동원리 순천	전라남도 함평군 학산리 917-1
전라남도	함평군	천정리 공동집하장	전라남도 함평군 학야리 29-6
전라남도	함평군	상사리 한성	전라남도 함평군 학야리 80-2
전라남도	함평군	월흥리 중촌	전라남도 함평군 함정리 826
전라남도	함평군	월산리 산하치	전라남도 함평군 화양리 712-2
전라남도	해남군	신농 공동집하장	전라남도 해남군 계곡면 가학리 19-3
전라남도	해남군	지사 공동집하장	전라남도 해남군 계곡면 강절리 1-1
전라남도	해남군	비석 공동집하장	전라남도 해남군 계곡면 반계리 405-1
전라남도	해남군	예동 마을회	전라남도 해남군 계곡면 방춘리 822
전라남도	해남군	부흥 공동집하장	전라남도 해남군 계곡면 법곡리 산27외 5
전라남도	해남군	부동 공동집하장	전라남도 해남군 계곡면 사정리 916
전라남도	해남군	반송 마을회	전라남도 해남군 계곡면 성진리 222-4
전라남도	해남군	예정리 공동집하장	전라남도 해남군 계곡면 성진리 733-3
전라남도	해남군	황조 공동집하장	전라남도 해남군 계곡면 여수리 214
전라남도	해남군	용암 공동집하장	전라남도 해남군 마산면 노하리 381
전라남도	해남군	덕송 공동집하장	전라남도 해남군 마산면 노하리 978
전라남도	해남군	금호 공동집하장	전라남도 해남군 마산면 덕인길 11
전라남도	해남군	신정 공동집하장	전라남도 해남군 마산면 산막리 578
전라남도	해남군	고전 공동집하장	전라남도 해남군 마산면 상등리 626-7
전라남도	해남군	두목 공동집하장	전라남도 해남군 마산면 송석리 152-3
전라남도	해남군	덕호 공동집하장	전라남도 해남군 마산면 송석리 687
전라남도	해남군	외송 집하장	전라남도 해남군 마산면 연구리 1222
전라남도	해남군	학림 집하장	전라남도 해남군 마산면 연구리 144-4
전라남도	해남군	내송 공동집하장	전라남도 해남군 마산면 연구리 627-1(임)
전라남도	해남군	백동 공동집하장	전라남도 해남군 마산면 외호리 68-2
전라남도	해남군	해월 공동집하장	전라남도 해남군 마산면 외호리 940
전라남도	해남군	대명 집하장	전라남도 해남군 마산면 용전길 69
전라남도	해남군	대진 공동집하장	전라남도 해남군 마산면 용전리 311-1
전라남도	해남군	산두 공동집하장	전라남도 해남군 마산면 용전리 454-1
전라남도	해남군	사교 공동집하장	전라남도 해남군 마산면 용전리 654-4
전라남도	해남군	공영 공동집하장	전라남도 해남군 마산면 용전리 산139-1
전라남도	해남군	예락 공동집하장	전라남도 해남군 마산면 용전리 산157-11
전라남도	해남군	원동 공동집하장	전라남도 해남군 마산면 은적사길 7
전라남도	해남군	갈우 공동집하장	전라남도 해남군 마산면 장촌리 373-1
전라남도	해남군	목삼 공동집하장	전라남도 해남군 마산면 장촌리 382-5
전라남도	해남군	동월 마을회	전라남도 해남군 마산면 학의리 138-6
전라남도	해남군	심동 공동집하장	전라남도 해남군 마산면 학의리 498-1
전라남도	해남군	진산 공동집하장	전라남도 해남군 마산면 화내리 1148
전라남도	해남군	상공 공동집하장	전라남도 해남군 마산면 화내리 685-1
전라남도	해남군	복용	전라남도 해남군 문내면 고당리 245-5
전라남도	해남군	춘동리 공동집하장	전라남도 해남군 문내면 고당리 709-3
전라남도	해남군	초당산	전라남도 해남군 문내면 고평리 561-5
전라남도	해남군	상고절	전라남도 해남군 문내면 고평리 561-5
전라남도	해남군	산두	전라남도 해남군 문내면 고평리 695-6
전라남도	해남군	금계리 공동집하장	전라남도 해남군 문내면 고평리 875-1
전라남도	해남군	사동	전라남도 해남군 문내면 난대리 551
전라남도	해남군	용포	전라남도 해남군 문내면 동외리 423
전라남도	해남군	죽림	전라남도 해남군 문내면 동외리 630-1
전라남도	해남군	성암	전라남도 해남군 문내면 무고리 1089
전라남도	해남군	수반	전라남도 해남군 문내면 무고리 114
전라남도	해남군	군산동	전라남도 해남군 문내면 무고리 1964
전라남도	해남군	용산	전라남도 해남군 문내면 무고리 578
전라남도	해남군	신학리 공동집하장	전라남도 해남군 문내면 무고리 860-4
전라남도	해남군	죽전	전라남도 해남군 문내면 무고리 860-5
전라남도	해남군	옥반동	전라남도 해남군 문내면 서상리 101-1
전라남도	해남군	명산촌	전라남도 해남군 문내면 서상리 591-1
전라남도	해남군	양마	전라남도 해남군 문내면 서상리 593
전라남도	해남군	복룡	전라남도 해남군 문내면 서상리 640-8
전라남도	해남군	매월리 공동집하장	전라남도 해남군 문내면 석교리 1172-6
전라남도	해남군	송태	전라남도 해남군 문내면 석교리 1596-10
전라남도	해남군	노동약곡	전라남도 해남군 문내면 석교리 290-118
전라남도	해남군	수산리 공동집하장	전라남도 해남군 문내면 석교리 34
전라남도	해남군	월롱리 공동집하장	전라남도 해남군 문내면 석교리 713
전라남도	해남군	도장포	전라남도 해남군 문내면 석교리 산 442-2
전라남도	해남군	봉호리 공동집하장	전라남도 해남군 문내면 예락리 1245
전라남도	해남군	언동	전라남도 해남군 문내면 예락리 369-1
전라남도	해남군	약실	전라남도 해남군 문내면 예락리 705-1
전라남도	해남군	영춘동	전라남도 해남군 문내면 예락리 723
전라남도	해남군	봉호리 공동집하장	전라남도 해남군 문내면 용암리 1080-1
전라남도	해남군	원사창	전라남도 해남군 문내면 용암리 13-73
전라남도	해남군	망월동	전라남도 해남군 문내면 용암리 262-2
전라남도	해남군	원항리 공동집하장	전라남도 해남군 문내면 용암리 285-6
전라남도	해남군	덕화리 공동집하장	전라남도 해남군 문내면 용암리 960-4
전라남도	해남군	방뫼	전라남도 해남군 문내면 용암리 산173-47
전라남도	해남군	기동	전라남도 해남군 문내면 충평리 274
전라남도	해남군	평월	전라남도 해남군 문내면 충평리 504-2
전라남도	해남군	노송정	전라남도 해남군 문내면 학동리 1208-1
전라남도	해남군	상몽탄	전라남도 해남군 문내면 학동리 343-1
전라남도	해남군	월호	전라남도 해남군 문내면 학동리 445-1
전라남도	해남군	외입리 공동집하장	전라남도 해남군 북일면 금당리 105-6
전라남도	해남군	관춘리 공동집하장	전라남도 해남군 북일면 금당리 331-4
전라남도	해남군	부곡리 공동집하장	전라남도 해남군 북일면 내동리 423-32
전라남도	해남군	와등 마을회	전라남도 해남군 북일면 내동리 926
전라남도	해남군	한자리 공동집하장	전라남도 해남군 북일면 만수리 산114-1
전라남도	해남군	부곡리 공동집하장	전라남도 해남군 북일면 방산리 44
전라남도	해남군	부곡리 공동집하장	전라남도 해남군 북일면 방산리 491
전라남도	해남군	남리리 공동집하장	전라남도 해남군 북일면 방산리 932
전라남도	해남군	성만(2반) 마을회	전라남도 해남군 북일면 신월리 265
전라남도	해남군	우항리 공동집하장	전라남도 해남군 북일면 용일리 1140-4
전라남도	해남군	우항리 공동집하장	전라남도 해남군 북일면 용일리 454-1
전라남도	해남군	한아 마을회	전라남도 해남군 북일면 용일리 624-1
전라남도	해남군	와등 마을회	전라남도 해남군 북일면 용일리 749-1
전라남도	해남군	춘정 마을회	전라남도 해남군 북일면 운전리 1102-1
전라남도	해남군	연호리 공동집하장	전라남도 해남군 북일면 운전리 1155-1
전라남도	해남군	성산 공동집하장	전라남도 해남군 북일면 흥촌리 1317-1
전라남도	해남군	관춘리 공동집하장	전라남도 해남군 북일면 흥촌리 152-33
전라남도	해남군	내산 마을회	전라남도 해남군 북일면 흥촌리 304-1
전라남도	해남군	남계 공동집하장명	전라남도 해남군 북평면 동해리 620-1
전라남도	해남군	덕인 공동집하장명	전라남도 해남군 북평면 동해리 931-1
전라남도	해남군	신기 공동집하장명	전라남도 해남군 북평면 서홍리 1066-1
전라남도	해남군	호동리 공동집하장	전라남도 해남군 북평면 서홍리 1467
전라남도	해남군	상등 공동집하장명	전라남도 해남군 북평면 서홍리 273-5
전라남도	해남군	연호 마을회	전라남도 해남군 북평면 서홍리 473 인접지
전라남도	해남군	안정 공동집하장명	전라남도 해남군 북평면 영전리 1568-7
전라남도	해남군	신덕 공동집하장명	전라남도 해남군 북평면 영전리 1634-4
전라남도	해남군	한자 마을회	전라남도 해남군 북평면 영전리 산 104-2
전라남도	해남군	대상 공동집하장명	전라남도 해남군 북평면 오산리 128
전라남도	해남군	월산 공동집하장명	전라남도 해남군 북평면 와룡리 327-1
전라남도	해남군	관춘리 공동집하장	전라남도 해남군 북평면 와룡리 636-1
전라남도	해남군	신정 마을회	전라남도 해남군 북평면 와룡리 664
전라남도	해남군	내산 마을회	전라남도 해남군 북평면 와룡리664
전라남도	해남군	학의 공동집하장명	전라남도 해남군 북평면 이진리 1084
전라남도	해남군	호교 공동집하장명	전라남도 해남군 북평면 천태산길 92
전라남도	해남군	장촌 공동집하장명	전라남도 해남군 북평면 천태산길 92
전라남도	해남군	연당 마을회	전라남도 해남군 북평면 평암리 1292
전라남도	해남군	노하 공동집하장명	전라남도 해남군 북평면 평암리 555-2
전라남도	해남군	석호 공동집하장	전라남도 해남군 산이면 금송리 1400
전라남도	해남군	월래 공동집하장	전라남도 해남군 산이면 금송리 1419
전라남도	해남군	상리 공동집하장	전라남도 해남군 산이면 금송리 416
전라남도	해남군	화봉 공동집하장	전라남도 해남군 산이면 금송리 671-1
전라남도	해남군	섬동 공동집하장	전라남도 해남군 산이면 금송리 산31
전라남도	해남군	봉호리 공동집하장	전라남도 해남군 산이면 금호리 330-1
전라남도	해남군	신한리 공동집하장	전라남도 해남군 산이면 금호리 946-9
전라남도	해남군	후포 공동집하장	전라남도 해남군 산이면 노송리 산 40-2
전라남도	해남군	송평리 공동집하장	전라남도 해남군 산이면 대진리 100-1
전라남도	해남군	초동 공동집하장	전라남도 해남군 산이면 대진리 1056
전라남도	해남군	수동 공동집하장	전라남도 해남군 산이면 대진리 212-5
전라남도	해남군	회문리 공동집하장	전라남도 해남군 산이면 대진리 880
전라남도	해남군	구림 공동집하장	전라남도 해남군 산이면 덕송리 475-1
전라남도	해남군	원항리 공동집하장	전라남도 해남군 산이면 덕송리 산145-1
전라남도	해남군	서구림리 공동집하장	전라남도 해남군 산이면 덕호리 16-1
전라남도	해남군	학상 공동집하장	전라남도 해남군 산이면 덕호리 368-3
전라남도	해남군	장수 공동집하장	전라남도 해남군 산이면 덕호리 529-1
전라남도	해남군	산수 공동집하장	전라남도 해남군 산이면 덕호리 540-3
전라남도	해남군	이목 공동집하장	전라남도 해남군 산이면 덕호리 734-17
전라남도	해남군	질마 공동집하장	전라남도 해남군 산이면 부동리 107-16
전라남도	해남군	장수 공동집하장	전라남도 해남군 산이면 부동리 산92-3
전라남도	해남군	양화 공동집하장	전라남도 해남군 산이면 상공리 112-1
전라남도	해남군	매계 공동집하장	전라남도 해남군 산이면 상공리 571-5
전라남도	해남군	신평 공동집하장	전라남도 해남군 산이면 송천리 301-8
전라남도	해남군	마천 공동집하장	전라남도 해남군 산이면 예정리 162
전라남도	해남군	온수 공동집하장	전라남도 해남군 산이면 예정리 416-3
전라남도	해남군	월하 공동집하장	전라남도 해남군 산이면 예정리 531-12
전라남도	해남군	산수 공동집하장	전라남도 해남군 산이면 진산리 331-2
전라남도	해남군	산촌 공동집하장	전라남도 해남군 산이면 진산리 384-1
전라남도	해남군	절골 공동집하장	전라남도 해남군 산이면 초두리 485-1
전라남도	해남군	장평 공동집하장	전라남도 해남군 산이면 초송리 1501
전라남도	해남군	장재 공동집하장	전라남도 해남군 산이면 초송리 558-1
전라남도	해남군	영호리 공동집하장	전라남도 해남군 산이면 초송리 643-18
전라남도	해남군	당포 공동집하장	전라남도 해남군 산이면 초송리 848-12
전라남도	해남군	별암 공동집하장	전라남도 해남군 산이면 초송리 849-1
전라남도	해남군	영전마을회	전라남도 해남군 삼산면 구림리 411-8
전라남도	해남군	남전마을회	전라남도 해남군 삼산면 구림리 47-1
전라남도	해남군	신용마을회	전라남도 해남군 삼산면 봉학리 450-4
전라남도	해남군	신기마을회	전라남도 해남군 삼산면 봉학리 723-2
전라남도	해남군	동촌마을회	전라남도 해남군 삼산면 송정리 383-2
전라남도	해남군	월강 공동집하장	전라남도 해남군 삼산면 송정리 619-2
전라남도	해남군	내장 공동집하장	전라남도 해남군 삼산면 송정리 87-1
전라남도	해남군	치소 공동집하장	전라남도 해남군 삼산면 신흥리 381-4
전라남도	해남군	석수 공동집하장	전라남도 해남군 삼산면 신흥리 867-1
전라남도	해남군	묵동마을회	전라남도 해남군 삼산면 원진리 1108-2
전라남도	해남군	신기마을회	전라남도 해남군 삼산면 원진리 793
전라남도	해남군	서홍마을회	전라남도 해남군 삼산면 창리 589-1
전라남도	해남군	평암마을회	전라남도 해남군 삼산면 충리 1182
전라남도	해남군	오산리 공동집하장	전라남도 해남군 삼산면 충리 257-2
전라남도	해남군	동해마을회	전라남도 해남군 삼산면 충리 916-1
전라남도	해남군	어란 공동집하장	전라남도 해남군 삼산면 평활리 348-57
전라남도	해남군	부평 공동집하장	전라남도 해남군 삼산면 평활리 434-6
전라남도	해남군	사구 공동집하장	전라남도 해남군 삼산면 평활리 589-1
전라남도	해남군	마봉 공동집하장	전라남도 해남군 삼산면 평활리 940-1
전라남도	해남군	후동 공동집하장명	전라남도 해남군 송지면 가차리 394-4
전라남도	해남군	강절 공동집하장	전라남도 해남군 송지면 가차리 761
전라남도	해남군	백호공동집하장	전라남도 해남군 송지면 군곡리 1773
전라남도	해남군	용동공동집하장	전라남도 해남군 송지면 군곡리 418-2
전라남도	해남군	용반 공동집하장명	전라남도 해남군 송지면 금강리 256-11
전라남도	해남군	가학 공동집하장	전라남도 해남군 송지면 마봉리 1287-3
전라남도	해남군	당두 공동집하장명	전라남도 해남군 송지면 마봉리 1569
전라남도	해남군	금자 공동집하장명	전라남도 해남군 송지면 미야리 1053-1
전라남도	해남군	대운 공동집하장	전라남도 해남군 송지면 미야리 415-2
전라남도	해남군	가학 공동집하장	전라남도 해남군 송지면 미야리 794-2
전라남도	해남군	지동 공동집하장명	전라남도 해남군 송지면 산정리 239 외 1
전라남도	해남군	월곡 공동집하장명	전라남도 해남군 송지면 산정리 542-4
전라남도	해남군	성진 공동집하장	전라남도 해남군 송지면 서정리 1218
전라남도	해남군	외호 공동집하장명	전라남도 해남군 송지면 서정리 431-1
전라남도	해남군	조운공동집하장	전라남도 해남군 송지면 소죽리 1018-15
전라남도	해남군	방춘 공동집하장	전라남도 해남군 송지면 송호리 1034-16
전라남도	해남군	대산공동집하장	전라남도 해남군 송지면 송호리 180-13
전라남도	해남군	화내 공동집하장명	전라남도 해남군 송지면 송호리 477-6
전라남도	해남군	북창 공동집하장명	전라남도 해남군 송지면 어란리 1306-1
전라남도	해남군	내동공동집하장	전라남도 해남군 송지면 어란리 1306-1
전라남도	해남군	무이 공동집하장	전라남도 해남군 송지면 어란리 188-20
전라남도	해남군	송석 공동집하장명	전라남도 해남군 송지면 어란리 535-1
전라남도	해남군	화촌공동집하장	전라남도 해남군 송지면 어란리 926-10
전라남도	해남군	가곡공동집하장	전라남도 해남군 송지면 우근리 512-8
전라남도	해남군	죽촌공동집히장	전라남도 해남군 송지면 통호리 301
전라남도	해남군	산막 공동집하장명	전라남도 해남군 송지면 통호리 68
전라남도	해남군	원항 공동집하장명	전라남도 해남군 송지면 통호리 797
전라남도	해남군	용전 공동집하장명	전라남도 해남군 송지면 학가리 1082-9
전라남도	해남군	연구 공동집하장명	전라남도 해남군 송지면 학가리 516-4
전라남도	해남군	용계 공동집하장	전라남도 해남군 송지면 해원리 1029-1
전라남도	해남군	용호 공동집하장	전라남도 해남군 송지면 해원리 238-4
전라남도	해남군	업자 공동집하장	전라남도 해남군 옥천면 대산리 523-2
전라남도	해남군	옥동리 공동집하장	전라남도 해남군 옥천면 백호리 1271-1
전라남도	해남군	징의 마을회	전라남도 해남군 옥천면 백호리 1349
전라남도	해남군	송천 공동집하장	전라남도 해남군 옥천면 송산리 391-2
전라남도	해남군	시등 공동집하장	전라남도 해남군 옥천면 신계리 305-1
전라남도	해남군	상공 공동집하장	전라남도 해남군 옥천면 신계리 46-1
전라남도	해남군	원항 공동집하장	전라남도 해남군 옥천면 신계리 793
전라남도	해남군	초두 공동집하장	전라남도 해남군 옥천면 신죽리 162-1
전라남도	해남군	신정 마을회	전라남도 해남군 옥천면 영신리 602
전라남도	해남군	부동리 공동집하장	전라남도 해남군 옥천면 용동리 1005
전라남도	해남군	한자리 공동집하장	전라남도 해남군 옥천면 용동리 349-3
전라남도	해남군	관춘리 공동집하장	전라남도 해남군 옥천면 용산리 240-2
전라남도	해남군	일신리 공동집하장	전라남도 해남군 옥천면 용산리 28-1
전라남도	해남군	소정 공동집하장	전라남도 해남군 옥천면 월평리 582-13
전라남도	해남군	금송 공동집하장	전라남도 해남군 옥천면 청신리 768-2
전라남도	해남군	성산 공동집하장	전라남도 해남군 옥천면 팔산리 1076
전라남도	해남군	신정 마을회	전라남도 해남군 옥천면 팔산리 798-3
전라남도	해남군	노송리 공동집하장	전라남도 해남군 옥천면 팔산리 923
전라남도	해남군	옥동리 공동집하장	전라남도 해남군 옥천면 흑천리 557-6
전라남도	해남군	외장 공동집하장	전라남도 해남군 해남읍 구교리 567-3
전라남도	해남군	송호 공동집하장	전라남도 해남군 해남읍 남천리 36-10
전라남도	해남군	송종 공동집하장	전라남도 해남군 해남읍 남천리 36-10
전라남도	해남군	강남 공동집하장	전라남도 해남군 해남읍 내사리 1672
전라남도	해남군	서정 공동집하장	전라남도 해남군 해남읍 백야리 152-5
전라남도	해남군	영평 공동집하장	전라남도 해남군 해남읍 백야리 478
전라남도	해남군	신흥 공동집하장	전라남도 해남군 해남읍 복평리 492-1
전라남도	해남군	학가 공동집하장	전라남도 해남군 해남읍 신안리 301
전라남도	해남군	신평 공동집하장	전라남도 해남군 해남읍 용정리 1047-2
전라남도	해남군	영안공동집하장	전라남도 해남군 현산면  고현리 64
전라남도	해남군	화당공동집하장	전라남도 해남군 현산면 고현리 산 110-18
전라남도	해남군	가성공동집하장	전라남도 해남군 현산면 구산리 529-1
전라남도	해남군	신방마을 공동집하장	전라남도 해남군 현산면 덕흥리 산 154-5
전라남도	해남군	원동마을 공동집하장	전라남도 해남군 현산면 만안리 319
전라남도	해남군	용원마을 공동집하장	전라남도 해남군 현산면 백포리 1486
전라남도	해남군	내동마을 공동집하장	전라남도 해남군 현산면 월송리 1046
전라남도	해남군	용산마을 공동집하장	전라남도 해남군 현산면 월송리 200-6
전라남도	해남군	방산마을 공동집하장	전라남도 해남군 현산면 월송리 567-11
전라남도	해남군	운전마을 공동집하장	전라남도 해남군 현산면 읍호리 787-1
전라남도	해남군	팔산공동집히장	전라남도 해남군 현산면 읍호리 산 32-12
전라남도	해남군	문촌공동집하장	전라남도 해남군 현산면 일평리 66-1
전라남도	해남군	용운마을 공동집하장	전라남도 해남군 현산면 조산리 378
전라남도	해남군	월평공동집하장	전라남도 해남군 현산면 조산리 산 59
전라남도	해남군	용정공동집하장	전라남도 해남군 현산면 초호리 126-2
전라남도	해남군	수동마을 공동집하장	전라남도 해남군 현산면 초호리 628-3
전라남도	해남군	도림공동집하장	전라남도 해남군 현산면 황산리 482-7
전라남도	해남군	학동공동집하장	전라남도 해남군 현산면 황산리 918-1
전라남도	해남군	용일마을 공동집하장	전라남도 해남군 현산면 황산리 산 22-104
전라남도	해남군	만월마을 공동집하장	전라남도 해남군 화산면 가좌리 698-6
전라남도	해남군	와룡마을회	전라남도 해남군 화산면 관동리 842-15
전라남도	해남군	금산마을회	전라남도 해남군 화산면 금풍리 563-2
전라남도	해남군	금당마을 공동집하장	전라남도 해남군 화산면 방축리 505-3
전라남도	해남군	흥촌마을 공동집하장	전라남도 해남군 화산면 부길리 519-1
전라남도	해남군	신월마을 공동집하장	전라남도 해남군 화산면 삼마리 공유수면
전라남도	해남군	와룡마을회	전라남도 해남군 화산면 석호리 1189
전라남도	해남군	산마마을회	전라남도 해남군 화산면 석호리 1248-8
전라남도	해남군	영전리 공동집하장	전라남도 해남군 화산면 안호리 779-5
전라남도	해남군	삼성마을 공동집하장	전라남도 해남군 화산면 연곡리 748-13
전라남도	해남군	신평마을회	전라남도 해남군 화산면 연곡리 809-1
전라남도	해남군	갈두마을 공동집하장	전라남도 해남군 화산면 연정리 488-1
전라남도	해남군	용수마을회	전라남도 해남군 화산면 율동리 199
전라남도	해남군	만수마을 공동집하장	전라남도 해남군 화산면 율동리 30-17
전라남도	해남군	월성마을 공동집하장	전라남도 해남군 화산면 평호리 640
전라남도	해남군	신홍마을회	전라남도 해남군 화산면 평호리 730-6
전라남도	해남군	화촌	전라남도 해남군 화원면 구림리 493-3
전라남도	해남군	화설당	전라남도 해남군 화원면 구림리 798
전라남도	해남군	수양촌	전라남도 해남군 화원면 구림리 산120-1
전라남도	해남군	연수동	전라남도 해남군 화원면 금평리 406-1
전라남도	해남군	도림산	전라남도 해남군 화원면 금평리 74-5
전라남도	해남군	원강정	전라남도 해남군 화원면 마산리 42
전라남도	해남군	새터	전라남도 해남군 화원면 마산리 469-1
전라남도	해남군	월명촌	전라남도 해남군 화원면 매월리 395
전라남도	해남군	애북	전라남도 해남군 화원면 매월리 562-2
전라남도	해남군	하수장	전라남도 해남군 화원면 매월리 708-3
전라남도	해남군	성재동	전라남도 해남군 화원면 산호리 132-2
전라남도	해남군	신정	전라남도 해남군 화원면 산호리 132-2
전라남도	해남군	마산	전라남도 해남군 화원면 산호리 1438-2
전라남도	해남군	동암	전라남도 해남군 화원면 산호리 1624
전라남도	해남군	성자동	전라남도 해남군 화원면 산호리 1728
전라남도	해남군	삽다리	전라남도 해남군 화원면 산호리 391-8
전라남도	해남군	관동	전라남도 해남군 화원면 산호리 756
전라남도	해남군	원당호	전라남도 해남군 화원면 성산리 598-4
전라남도	해남군	남천	전라남도 해남군 화원면 성산리 81-1
전라남도	해남군	모촌	전라남도 해남군 화원면 신덕리 744-2
전라남도	해남군	신기	전라남도 해남군 화원면 신덕리 955
전라남도	해남군	인평	전라남도 해남군 화원면 영호리 293-2
전라남도	해남군	도대리	전라남도 해남군 화원면 영호리 445-3
전라남도	해남군	조암동	전라남도 해남군 화원면 영호리 823-2
전라남도	해남군	어은동	전라남도 해남군 화원면 영호리87-1
전라남도	해남군	가입	전라남도 해남군 화원면 월호리 258-5
전라남도	해남군	유수정	전라남도 해남군 화원면 월호리 576-2
전라남도	해남군	오류동	전라남도 해남군 화원면 월호리 8-1
전라남도	해남군	벌포	전라남도 해남군 화원면 인지리 383-6
전라남도	해남군	시목동	전라남도 해남군 화원면 인지리 594
전라남도	해남군	상마정	전라남도 해남군 화원면 인지리 594
전라남도	해남군	원평산	전라남도 해남군 화원면 장춘리 343-2
전라남도	해남군	저두	전라남도 해남군 화원면 장춘리 653-5
전라남도	해남군	평림	전라남도 해남군 화원면 장춘리 653-5
전라남도	해남군	후동	전라남도 해남군 화원면 장춘리 산146-10
전라남도	해남군	상청천	전라남도 해남군 화원면 청용리 43-4
전라남도	해남군	두동	전라남도 해남군 화원면 화봉리 654-3
전라남도	해남군	당두	전라남도 해남군 화원면 화봉리 737
전라남도	해남군	대곡	전라남도 해남군 화원면 후산리 1017-69
전라남도	해남군	청룡	전라남도 해남군 화원면 후산리 230-1
전라남도	해남군	망산	전라남도 해남군 화원면 후산리 454-4
전라남도	해남군	기동	전라남도 해남군 화원면 후산리 산366-1
전라남도	해남군	남외 공동집하장	전라남도 해남군 황산면 관춘리 1157-5
전라남도	해남군	양정 공동집하장	전라남도 해남군 황산면 관춘리 1227
전라남도	해남군	학동 공동집하장	전라남도 해남군 황산면 관춘리 1468-9
전라남도	해남군	충평 공동집하장	전라남도 해남군 황산면 관춘리 1468-9
전라남도	해남군	평리 공동집하장	전라남도 해남군 황산면 관춘리 386-1
전라남도	해남군	원문 공동집하장	전라남도 해남군 황산면 관춘리 대 894-1
전라남도	해남군	고평 공동집하장	전라남도 해남군 황산면 관춘리 산 86-2
전라남도	해남군	서상 공동집하장	전라남도 해남군 황산면 남리리 744-4
전라남도	해남군	신용 공동집하장	전라남도 해남군 황산면 부곡리 1-10
전라남도	해남군	서외 공동집하장	전라남도 해남군 황산면 부곡리 355-5
전라남도	해남군	증도 공동집하장	전라남도 해남군 황산면 부곡리 552-1
전라남도	해남군	예락 공동집하장	전라남도 해남군 황산면 부곡리 659-1
전라남도	해남군	서외 공동집하장	전라남도 해남군 황산면 부곡리 698-4
전라남도	해남군	용정 공동집하장	전라남도 해남군 황산면 부곡리 산130-5
전라남도	해남군	월산 공동집하장	전라남도 해남군 황산면 송호리 400-4
전라남도	해남군	고대 공동집하장	전라남도 해남군 황산면 연당리 186-1
전라남도	해남군	궁항 공동집하장	전라남도 해남군 황산면 연당리 산20-5
전라남도	해남군	이목 공동집하장	전라남도 해남군 황산면 연호리 627-2
전라남도	해남군	고대 공동집하장	전라남도 해남군 황산면 연호리 67-1
전라남도	해남군	선두 공동집하장	전라남도 해남군 황산면 연호리 67-1
전라남도	해남군	일정 공동집하장	전라남도 해남군 황산면 연호리 산 101-1
전라남도	해남군	송촌 공동집하장	전라남도 해남군 황산면 옥동리 731
전라남도	해남군	구지 공동집하장	전라남도 해남군 황산면 옥동리 8-26
전라남도	해남군	난대 공동집하장	전라남도 해남군 황산면 옥동리 산 66-48
전라남도	해남군	온덕 공동집하장	전라남도 해남군 황산면 외입리 360-3
전라남도	해남군	신흥 공동집하장	전라남도 해남군 황산면 외입리 40-6
전라남도	해남군	동외 공동집하장	전라남도 해남군 황산면 외입리 799-2
전라남도	해남군	인지 공동집하장	전라남도 해남군 황산면 우항리 128-4
전라남도	해남군	서외 공동집하장	전라남도 해남군 황산면 우항리 21-4
전라남도	해남군	신평 공동집하장	전라남도 해남군 황산면 우항리 499-16
전라남도	해남군	삼덕 공동집하장	전라남도 해남군 황산면 우항리 산 41-9
전라남도	해남군	사동 공동집하장	전라남도 해남군 황산면 원호리 435-1
전라남도	해남군	삼정 공동집하장	전라남도 해남군 황산면 일신리 156-7
전라남도	해남군	가랍 공동집하장	전라남도 해남군 황산면 한자리 1106-4
전라남도	해남군	척북 공동집하장	전라남도 해남군 황산면 한자리 1109-1
전라남도	해남군	이목 공동집하장	전라남도 해남군 황산면 한자리 181-1
전라남도	해남군	저상 공동집하장	전라남도 해남군 황산면 한자리 181-1
전라남도	해남군	외암 공동집하장	전라남도 해남군 황산면 한자리 181-1
전라남도	해남군	고당 공동집하장	전라남도 해남군 황산면 한자리 592
전라남도	해남군	석교 공동집하장	전라남도 해남군 황산면 한자리 707-1
전라남도	해남군	동리 공동집하장	전라남도 해남군 황산면 호동리 1052-9
전라남도	해남군	무고 공동집하장	전라남도 해남군 황산면 호동리 46-1
전라남도	해남군	신창 공동집하장	전라남도 해남군 황산면 호동리 595-7
전라남도	화순군	사촌리 공동집하장	전라남도 화순군 능주면 광사리 304-1
전라남도	화순군	수양리 공동집하장	전라남도 화순군 능주면 내리 240-1
전라남도	화순군	연지리 공동집하장	전라남도 화순군 능주면 만수리 319-1
전라남도	화순군	연지리 공동집하장	전라남도 화순군 능주면 만인리 205-1
전라남도	화순군	신정마을 집하장	전라남도 화순군 능주면 백암리 1038
전라남도	화순군	당암리 공동집하장	전라남도 화순군 능주면 백암리 696-1
전라남도	화순군	수락리 공동집하장	전라남도 화순군 능주면 백암리 877-4
전라남도	화순군	수양리 공동집하장	전라남도 화순군 능주면 석고리 324-1
전라남도	화순군	신촌리 공동집하장	전라남도 화순군 도곡면 신성리 52-1
전라남도	화순군	운흥리 공동집하장	전라남도 화순군 도곡면 이곡길 2
전라남도	화순군	신촌리 공동집하장	전라남도 화순군 도곡면 천암리 371-1
전라남도	화순군	학송리 공동집하장	전라남도 화순군 도암면 대초리 500-1
전라남도	화순군	학송리 공동집하장	전라남도 화순군 도암면 도장리 298
전라남도	화순군	학송리 공동집하장	전라남도 화순군 도암면 용강리 349-1
전라남도	화순군	접정리 공동집하장	전라남도 화순군 도암면 운월리 311-11
전라남도	화순군	선장마을 집하장	전라남도 화순군 도암면 원천리 364-13
전라남도	화순군	신덕마을 집하장	전라남도 화순군 동면 경치리 166
전라남도	화순군	장포마을 집하장	전라남도 화순군 동면 경치리 463
전라남도	화순군	남호마을 집하장	전라남도 화순군 동면 마산리 504-1
전라남도	화순군	산동마을 집하장	전라남도 화순군 동면 무포리 101-3
전라남도	화순군	한림마을 집하장	전라남도 화순군 동면 복암리 567-1
전라남도	화순군	수인마을 집하장	전라남도 화순군 동면 복암리 987-9
전라남도	화순군	용산마을 집하장	전라남도 화순군 동면 언도리 483-3
전라남도	화순군	귀라마을 집하장	전라남도 화순군 동면 오동리 621
전라남도	화순군	지석마을 집하장	전라남도 화순군 동면 장동리 339
전라남도	화순군	시목마을 집하장	전라남도 화순군 동복면 가수리 670-3
전라남도	화순군	남구리 공동집하장	전라남도 화순군 동복면 구암리 648
전라남도	화순군	외동1구 공동집하장	전라남도 화순군 동복면 안성리 104-1
전라남도	화순군	옥치마을 집하장	전라남도 화순군 동복면 안성리 12-3(안성리 산63-1)
전라남도	화순군	도원마을 집하장	전라남도 화순군 동복면 연월리 619
전라남도	화순군	기룡마을 집하장	전라남도 화순군 동복면 천변리 107-1
전라남도	화순군	월남마을 집하장	전라남도 화순군 동복면 한천리 286
전라남도	화순군	덕제2구 공동집하장	전라남도 화순군 백아면 남치리 213-1
전라남도	화순군	대월마을 집하장	전라남도 화순군 백아면 다곡리 499-6
전라남도	화순군	북교리 공동집하장	전라남도 화순군 백아면 맹리 343-6
전라남도	화순군	우산리 공동집하장	전라남도 화순군 백아면 서유리 912-35
전라남도	화순군	평장리 공동집하장	전라남도 화순군 백아면 이천리 416-5
전라남도	화순군	백화마을 집하장	전라남도 화순군 백아면 이천리 63-3
전라남도	화순군	옥전마을 집하장	전라남도 화순군 백아면 임곡리 549
전라남도	화순군	평덕마을 집하장	전라남도 화순군 사평면 검산리 295-1
전라남도	화순군	벽송마을 집하장	전라남도 화순군 사평면 남계리 431-1
전라남도	화순군	월봉마을 집하장	전라남도 화순군 사평면 대곡리 543
전라남도	화순군	삼화마을 집하장	전라남도 화순군 사평면 벽송리 506-1
전라남도	화순군	석교마을 집하장	전라남도 화순군 사평면 사수리 539-2
전라남도	화순군	석동마을 집하장	전라남도 화순군 사평면 사수리 745
전라남도	화순군	덕천마을 집하장	전라남도 화순군 사평면 용리 91-1
전라남도	화순군	북교리 공동집하장	전라남도 화순군 이서면 야사리 1159
전라남도	화순군	도청리 공동집하장	전라남도 화순군 이양면 쌍봉리498
전라남도	화순군	신흥리 공동집하장	전라남도 화순군 이양면 오류리652-3
전라남도	화순군	연정리 공동집하장	전라남도 화순군 이양면 이양리210-2
전라남도	화순군	구평리 공동집하장	전라남도 화순군 이양면 이양리56
전라남도	화순군	수동리 공동집하장	전라남도 화순군 청풍면 대비리 329-2
전라남도	화순군	평리	전라남도 화순군 청풍면 백운리 586-1
전라남도	화순군	산간리	전라남도 화순군 청풍면 신리 249-7
전라남도	화순군	죽교리 공동집하장	전라남도 화순군 청풍면 신석리 916
전라남도	화순군	다곡리	전라남도 화순군 청풍면 신석리 966
전라남도	화순군	부평리 공동집하장	전라남도 화순군 청풍면 이만리 221
전라남도	화순군	경현	전라남도 화순군 춘양면 대신리 1014
전라남도	화순군	복림	전라남도 화순군 춘양면 부곡리 629-1
전라남도	화순군	마산리	전라남도 화순군 춘양면 산간리 603-27
전라남도	화순군	어관마을 집하장	전라남도 화순군 춘양면 산간리 603-9
전라남도	화순군	무리	전라남도 화순군 춘양면 석정리 381-1
전라남도	화순군	사초마을 집하장	전라남도 화순군 춘양면 석정리 568-1
전라남도	화순군	구암1리	전라남도 화순군 춘양면 양곡리 369
전라남도	화순군	우평	전라남도 화순군 춘양면 용곡리 91-1
전라남도	화순군	동림	전라남도 화순군 춘양면 우봉리 296
전라남도	화순군	임곡리	전라남도 화순군 춘양면 월평리 10-5
전라남도	화순군	원천3리	전라남도 화순군 춘양면 화림리 522
전라남도	화순군	경치리	전라남도 화순군 춘양면 화림리 890-1
전라남도	화순군	언도리	전라남도 화순군 춘양면 회송리 141
전라남도	화순군	신흥마을 집하장	전라남도 화순군 한천면 가암리 921
전라남도	화순군	용1리	전라남도 화순군 한천면 가암리 산91
전라남도	화순군	남계리	전라남도 화순군 한천면 가암리 산91
전라남도	화순군	사수2리	전라남도 화순군 한천면 금전리 468-5
전라남도	화순군	대곡1리	전라남도 화순군 한천면 정리 188
전라남도	화순군	회룡마을 집하장	전라남도 화순군 한천면 평리 5
전라남도	화순군	사수2리	전라남도 화순군 한천면 한계리 277-1
전라남도	화순군	벽송2리	전라남도 화순군 한천면 한계리 847-10
전라남도	화순군	검산1리	전라남도 화순군 화순읍 다지리 239-1
전라남도	화순군	논정마을 집하장	전라남도 화순군 화순읍 수만리 564
전북특별자치도	고창군	남산집하장	전북특별자치도 고창군 고수면 남산리 산4-1
전북특별자치도	고창군	상평집하장	전북특별자치도 고창군 고수면 상평리 677-1
전북특별자치도	고창군	예지집하장	전북특별자치도 고창군 고수면 예지리 686-1
전북특별자치도	고창군	내동집하장	전북특별자치도 고창군 고창읍 내동리 410-3
전북특별자치도	고창군	송암집하장	전북특별자치도 고창군 고창읍 죽림리 316-1
전북특별자치도	고창군	상건집하장	전북특별자치도 고창군 공음면 건동리 126-1
전북특별자치도	고창군	송산집하장	전북특별자치도 고창군 공음면 건동리 1514
전북특별자치도	고창군	칠압집하장	전북특별자치도 고창군 공음면 칠암리 751-5
전북특별자치도	고창군	대장집하장	전북특별자치도 고창군 대산면 대장리 408-2
전북특별자치도	고창군	매산집하장	전북특별자치도 고창군 대산면 매산리 산7-9
전북특별자치도	고창군	산정집하장	전북특별자치도 고창군 대산면 산정리 93-1
전북특별자치도	고창군	신촌집하장	전북특별자치도 고창군 무장면 신촌농장길 138
전북특별자치도	고창군	중산집하장	전북특별자치도 고창군 부안면 검산리 258-7
전북특별자치도	고창군	사창집하장	전북특별자치도 고창군 부안면 사창리 385-1
전북특별자치도	고창군	상굴집하장	전북특별자치도 고창군 부안면 상등리 592
전북특별자치도	고창군	안현집하장	전북특별자치도 고창군 부안면 송현리 667
전북특별자치도	고창군	용현집하장	전북특별자치도 고창군 부안면 수앙리 115-1
전북특별자치도	고창군	갈산집하장	전북특별자치도 고창군 상하면 석남리 187-1
전북특별자치도	고창군	송곡집하장	전북특별자치도 고창군 상하면 송곡리 1349
전북특별자치도	고창군	용대집하장	전북특별자치도 고창군 상하면 용대리 1324
전북특별자치도	고창군	구시포집하장	전북특별자치도 고창군 상하면 용정리 2220-1
전북특별자치도	고창군	장호집하장	전북특별자치도 고창군 상하면 장호리 537-1
전북특별자치도	고창군	대천집하장	전북특별자치도 고창군 성내면 신대리 산14
전북특별자치도	고창군	신용집하장	전북특별자치도 고창군 성송면 계당리 1147
전북특별자치도	고창군	산수집하장	전북특별자치도 고창군 성송면 산수리 162-1
전북특별자치도	고창군	축동집하장	전북특별자치도 고창군 성송면 판정리 2
전북특별자치도	고창군	가평집하장	전북특별자치도 고창군 신림면 가평리 909
전북특별자치도	고창군	대강집하장	전북특별자치도 고창군 신림면 무림리 64
전북특별자치도	고창군	금산집하장	전북특별자치도 고창군 심원면 연화리 산8-2
전북특별자치도	고창군	반암집하장	전북특별자치도 고창군 아산면 반암리 1245-188
전북특별자치도	고창군	반암집하장	전북특별자치도 고창군 아산면 반암리 511-1
전북특별자치도	고창군	봉덕집하장	전북특별자치도 고창군 아산면 봉덕리 147-9
전북특별자치도	고창군	하갑집하장	전북특별자치도 고창군 아산면 하갑리 571-5
전북특별자치도	고창군	칠곡집하장	전북특별자치도 고창군 해리면 고성리 311-4
전북특별자치도	고창군	수락집하장	전북특별자치도 고창군 해리면 평지리 산1
전북특별자치도	고창군	신대집하장	전북특별자치도 고창군 해리면 하련리 458-1
전북특별자치도	고창군	여곡집하장	전북특별자치도 고창군 흥덕면 제하리 87-3
전북특별자치도	고창군	후포집하장	전북특별자치도 고창군 흥덕면 후포리 산13
전북특별자치도	군산시	서수집하장	전북특별자치도 군산시 서수면 금암리 936-1
전북특별자치도	군산시	성산집하장	전북특별자치도 군산시 성산면 산곡리 526-1
전북특별자치도	군산시	성산집하장	전북특별자치도 군산시 성산면 여방리 116-4
전북특별자치도	군산시	옥서집하장	전북특별자치도 군산시 옥서면 신오산길 169
전북특별자치도	군산시	회현집하장	전북특별자치도 군산시 회현면 금광옥흥길 80
전북특별자치도	김제시	영농폐비닐집하장	전북특별자치도 김제시 검산동 406-5
전북특별자치도	김제시	영농폐기물집하장	전북특별자치도 김제시 공덕면 동계리 749-3
전북특별자치도	김제시	영농폐기물집하장	전북특별자치도 김제시 광활면 옥포리 1484
전북특별자치도	김제시	영농폐비닐집하장	전북특별자치도 김제시 광활면 창제리 384-6
전북특별자치도	김제시	영농폐비닐집하장	전북특별자치도 김제시 금구면 월전리 601-83
전북특별자치도	김제시	영농폐기물집하장	전북특별자치도 김제시 금산면 쌍용리 468-14
전북특별자치도	김제시	영농폐비닐집하장	전북특별자치도 김제시 금산면 용산리 494-8
전북특별자치도	김제시	영농폐비닐집하장	전북특별자치도 김제시 만경읍 대동리 216-4,6/975-6
전북특별자치도	김제시	영농폐비닐집하장	전북특별자치도 김제시 만경읍 대동리 561-1
전북특별자치도	김제시	영농폐비닐집하장	전북특별자치도 김제시 만경읍 대동리 699-5
전북특별자치도	김제시	영농폐비닐집하장	전북특별자치도 김제시 만경읍 몽산리 912-2
전북특별자치도	김제시	영농폐비닐집하장	전북특별자치도 김제시 복죽동 952
전북특별자치도	김제시	영농폐기물집하장	전북특별자치도 김제시 봉남면 행촌리 산 39
전북특별자치도	김제시	영농폐비닐집하장	전북특별자치도 김제시 양전동 444-4
전북특별자치도	김제시	영농폐비닐집하장	전북특별자치도 김제시 용지면 구암리 65-1
전북특별자치도	김제시	영농폐비닐집하장	전북특별자치도 김제시 용지면 신정리 367-9
전북특별자치도	김제시	영농폐비닐집하장	전북특별자치도 김제시 용지면 신정리 630-1,2
전북특별자치도	김제시	영농폐비닐집하장	전북특별자치도 김제시 용지면 장신리 994-8
전북특별자치도	김제시	영농폐비닐집하장	전북특별자치도 김제시 제월동 182-1
전북특별자치도	김제시	영농폐비닐집하장	전북특별자치도 김제시 제월동 346-8
전북특별자치도	김제시	영농폐비닐집하장	전북특별자치도 김제시 죽산면 죽산리 338-1
전북특별자치도	김제시	영농폐기물집하장	전북특별자치도 김제시 진봉면 고사리 7-11
전북특별자치도	김제시	영농폐비닐집하장	전북특별자치도 김제시 청하면 관상리 66-3
전북특별자치도	김제시	영농폐비닐집하장	전북특별자치도 김제시 청하면 월현리 304-4
전북특별자치도	김제시	영농폐비닐집하장	전북특별자치도 김제시 청하면 장신리 413-1,3,4
전북특별자치도	김제시	영농폐비닐집하장	전북특별자치도 김제시 황산동 555
전북특별자치도	김제시	영농폐비닐집하장	전북특별자치도 김제시 황산면 진흥리 19
전북특별자치도	남원시	영농폐기물공동집하장	전북특별자치도 남원시 금지면 방촌리 119-2
전북특별자치도	남원시	영농폐기물공동집하장	전북특별자치도 남원시 금지면 서매리 1213-33
전북특별자치도	남원시	영농폐기물공동집하장	전북특별자치도 남원시 금지면 서매리 756-3
전북특별자치도	남원시	영농폐기물공동집하장	전북특별자치도 남원시 금지면 입암리 1062-5
전북특별자치도	남원시	영농폐기물공동집하장	전북특별자치도 남원시 금지면 입암리 1257-57
전북특별자치도	남원시	영농폐기물공동집하장	전북특별자치도 남원시 금지면 하도리 1230
전북특별자치도	남원시	영농폐기물공동집하장	전북특별자치도 남원시 금지면 하도리 160-6
전북특별자치도	남원시	영농폐기물공동집하장	전북특별자치도 남원시 내척동 산 101-1
전북특별자치도	남원시	영농폐기물공동집하장	전북특별자치도 남원시 대강면 섬진로 865(사석리 728)
전북특별자치도	남원시	영농폐기물공동집하장	전북특별자치도 남원시 대강면 송대리 796-1
전북특별자치도	남원시	영농폐기물공동집하장	전북특별자치도 남원시 대산면 대곡리 436-1 하대마을
전북특별자치도	남원시	영농폐기물공동집하장	전북특별자치도 남원시 대산면 수덕리 650-1
전북특별자치도	남원시	영농폐기물공동집하장	전북특별자치도 남원시 대산면 수덕리 867-1 노산마을
전북특별자치도	남원시	영농폐기물공동집하장	전북특별자치도 남원시 덕과면 고정리 1368-6
전북특별자치도	남원시	영농폐기물공동집하장	전북특별자치도 남원시 덕과면 만도리 898-29
전북특별자치도	남원시	영농폐기물공동집하장	전북특별자치도 남원시 보절면 사계로 58-21 도촌마을
전북특별자치도	남원시	영농폐기물공동집하장	전북특별자치도 남원시 보절면 사촌리 1227-1 사촌마을
전북특별자치도	남원시	영농폐기물공동집하장	전북특별자치도 남원시 보절면 황벌리 229-1 은천마을
전북특별자치도	남원시	영농폐기물공동집하장	전북특별자치도 남원시 사매면 오신리 824-8
전북특별자치도	남원시	영농폐기물공동집하장	전북특별자치도 남원시 산내면 대정리 1046-1
전북특별자치도	남원시	영농폐기물공동집하장	전북특별자치도 남원시 산내면 입석리 205-6
전북특별자치도	남원시	영농폐기물공동집하장	전북특별자치도 남원시 산내면 중황리 513-5 상황마을
전북특별자치도	남원시	영농폐기물공동집하장	전북특별자치도 남원시 산내면 중황리 624
전북특별자치도	남원시	영농폐기물공동집하장	전북특별자치도 남원시 산내면 중황리 761-3
전북특별자치도	남원시	영농폐기물공동집하장	전북특별자치도 남원시 산동면 목동리 395-12 목동마을
전북특별자치도	남원시	영농폐기물공동집하장	전북특별자치도 남원시 산동면 부절리 2432-1
전북특별자치도	남원시	영농폐기물공동집하장	전북특별자치도 남원시 산동면 월석리 208
전북특별자치도	남원시	영농폐기물공동집하장	전북특별자치도 남원시 산동면 태평리 193
전북특별자치도	남원시	영농폐기물공동집하장	전북특별자치도 남원시 송동 송내사촌길 120-6
전북특별자치도	남원시	영농폐기물공동집하장	전북특별자치도 남원시 송동면 태동길33
전북특별자치도	남원시	영농폐기물공동집하장	전북특별자치도 남원시 수지면 호곡리 976-74
전북특별자치도	남원시	영농폐기물공동집하장	전북특별자치도 남원시 신정동 680-4 상정마을
전북특별자치도	남원시	영농폐기물공동집하장	전북특별자치도 남원시 아영면 갈계리 22-6
전북특별자치도	남원시	영농폐기물공동집하장	전북특별자치도 남원시 아영면 구상리 233-2
전북특별자치도	남원시	영농폐기물공동집하장	전북특별자치도 남원시 아영면 두락리 954-1
전북특별자치도	남원시	영농폐기물공동집하장	전북특별자치도 남원시 아영면 봉대리 958
전북특별자치도	남원시	영농폐기물공동집하장	전북특별자치도 남원시 아영면 성리 453-4
전북특별자치도	남원시	영농폐기물공동집하장	전북특별자치도 남원시 아영면 아곡리 191-1,2
전북특별자치도	남원시	영농폐기물공동집하장	전북특별자치도 남원시 아영면 아곡리 703
전북특별자치도	남원시	영농폐기물공동집하장	전북특별자치도 남원시 아영면 의지리 67-3
전북특별자치도	남원시	영농폐기물공동집하장	전북특별자치도 남원시 아영면 의지리 709-2
전북특별자치도	남원시	영농폐기물공동집하장	전북특별자치도 남원시 아영면 인풍리 602-2
전북특별자치도	남원시	영농폐기물공동집하장	전북특별자치도 남원시 아영면 인풍리 757
전북특별자치도	남원시	영농폐기물공동집하장	전북특별자치도 남원시 아영면 인풍리 774
전북특별자치도	남원시	영농폐기물공동집하장	전북특별자치도 남원시 아영면 일대리 1117-3
전북특별자치도	남원시	영농폐기물공동집하장	전북특별자치도 남원시 아영면 일대리 802-2
전북특별자치도	남원시	영농폐기물공동집하장	전북특별자치도 남원시 아영면 청계리 286-2
전북특별자치도	남원시	영농폐기물공동집하장	전북특별자치도 남원시 아영면 청계리 322-1
전북특별자치도	남원시	영농폐기물공동집하장	전북특별자치도 남원시 운봉읍 가동길 24-35(권포리 960-16)
전북특별자치도	남원시	영농폐기물공동집하장	전북특별자치도 남원시 운봉읍 산덕리 443-2
전북특별자치도	남원시	영농폐기물공동집하장	전북특별자치도 남원시 이백면 강기리274-1
전북특별자치도	남원시	영농폐기물공동집하장	전북특별자치도 남원시 인월면 건지리 371-4
전북특별자치도	남원시	영농폐기물공동집하장	전북특별자치도 남원시 인월면 상우리 176-1
전북특별자치도	남원시	영농폐기물공동집하장	전북특별자치도 남원시 인월면 상우리 516
전북특별자치도	남원시	영농폐기물공동집하장	전북특별자치도 남원시 인월면 서무리 828-1
전북특별자치도	남원시	영농폐기물공동집하장	전북특별자치도 남원시 인월면 외건길 50
전북특별자치도	남원시	영농폐기물공동집하장	전북특별자치도 남원시 인월면 유곡리 1166
전북특별자치도	남원시	영농폐기물공동집하장	전북특별자치도 남원시 인월면 자래리 130-5
전북특별자치도	남원시	영농폐기물공동집하장	전북특별자치도 남원시 인월면 취암리 381-5
전북특별자치도	남원시	영농폐기물공동집하장	전북특별자치도 남원시 인월면 취암리 9-10
전북특별자치도	남원시	영농폐기물공동집하장	전북특별자치도 남원시 인월면 황이길 61
전북특별자치도	남원시	영농폐기물공동집하장	전북특별자치도 남원시 주생면 영천리 633
전북특별자치도	남원시	영농폐기물공동집하장	전북특별자치도 남원시 주천면 고기리 130-1
전북특별자치도	남원시	영농폐기물공동집하장	전북특별자치도 남원시 주천면 장안리 611-27
전북특별자치도	남원시	영농폐기물공동집하장	전북특별자치도 남원시 중갈치길73
전북특별자치도	무주군	무주읍 평촌마을	전북특별자치도 무주군 무주읍 가옥리 470-1
전북특별자치도	무주군	무주읍 산의실마을	전북특별자치도 무주군 무주읍 내도로 613
전북특별자치도	무주군	무주읍 내도리 내동마을	전북특별자치도 무주군 무주읍 내도리 1099-2(내동마을)
전북특별자치도	무주군	무주읍 내도리 후도마을	전북특별자치도 무주군 무주읍 내도리 371(후도마을)
전북특별자치도	무주군	무주읍 내동마을	전북특별자치도 무주군 무주읍 내도리 산129
전북특별자치도	무주군	무주읍 당산리 당산마을	전북특별자치도 무주군 무주읍 당산리 520-5(당산마을)
전북특별자치도	무주군	무주읍 대차리 서면마을	전북특별자치도 무주군 무주읍 대차리 1445(서면마을)
전북특별자치도	무주군	무주읍 대차리 차산마을	전북특별자치도 무주군 무주읍 대차리 59-2(차산마을)
전북특별자치도	무주군	무주읍 왕정길 왕정마을	전북특별자치도 무주군 무주읍 오산리 산158-1(왕정마을)
전북특별자치도	무주군	무주읍 용포리 공정마을	전북특별자치도 무주군 무주읍 용포리 1435-27(공정마을)
전북특별자치도	무주군	무주읍 장백리 하장백마을	전북특별자치도 무주군 무주읍 장백리 708(하장백마을)
전북특별자치도	무주군	무주읍 평촌길 평촌마을	전북특별자치도 무주군 무주읍 평촌길 6-8(평촌마을)
전북특별자치도	무주군	무풍면 금평리 금척마을	전북특별자치도 무주군 무풍면 금평리 1590(금척마을)
전북특별자치도	무주군	무풍면 금평리 계부마을	전북특별자치도 무주군 무풍면 금평리 77-2(계부마을)
전북특별자치도	무주군	무풍면 덕지리 하덕마을(덕동,안실)	전북특별자치도 무주군 무풍면 덕지리 1200-5[하덕마을(덕동,안실)]
전북특별자치도	무주군	무풍면 덕지리 상덕마을(도마)	전북특별자치도 무주군 무풍면 덕지리 1537[상덕마을(도마)]
전북특별자치도	무주군	무풍면 덕지리 상덕마을(북수)	전북특별자치도 무주군 무풍면 덕지리 1542[상덕마을(북수)]
전북특별자치도	무주군	무풍면 삼거리 삼거마을	전북특별자치도 무주군 무풍면 삼거리 91-2(삼거마을)
전북특별자치도	무주군	무풍면 은산리 은일마을(은일~속동)	전북특별자치도 무주군 무풍면 은산리 696-5[은일마을(은일~속동)]
전북특별자치도	무주군	무풍면 은산리 은고마을(오산입구)	전북특별자치도 무주군 무풍면 은산리 821-2(은고마을 오산입구)
전북특별자치도	무주군	무풍면 증산리 사동마을	전북특별자치도 무주군 무풍면 증산리 146(사동마을)
전북특별자치도	무주군	무풍면 증산리 미항마을(석항)	전북특별자치도 무주군 무풍면 증산리 599-2[미항마을(석항)]
전북특별자치도	무주군	무풍면 증산리 미항마을(원증산)-실미	전북특별자치도 무주군 무풍면 증산리1313-3[미항마을(원증산)-실미]
전북특별자치도	무주군	무풍면 지성리 율오마을(율평,오동)	전북특별자치도 무주군 무풍면 지성리 195[율오마을(율평,오동)]
전북특별자치도	무주군	무풍면 철목리 원평마을(원촌)-철목	전북특별자치도 무주군 무풍면 철목리 1233-2[원평마을(원촌)-철목]
전북특별자치도	무주군	무풍면 현내리 북리마을	전북특별자치도 무주군 무풍면 현내리 291-3(북리마을)
전북특별자치도	무주군	무풍면 현내리 상하마을	전북특별자치도 무주군 무풍면 현내리 327-1(상하마을)
전북특별자치도	무주군	무풍면 현내리 고도마을	전북특별자치도 무주군 무풍면 현내리 531-1(고도마을)
전북특별자치도	무주군	무풍면 현내리 원평마을(두평)	전북특별자치도 무주군 무풍면 현내리 산91-1[원평마을(두평)]
전북특별자치도	무주군	부남면 가당리 하평마을	전북특별자치도 무주군 부남면 가당리 1474-2(하평마을)
전북특별자치도	무주군	부남면 가당리 상평마을	전북특별자치도 무주군 부남면 가당리 1773-1(상평마을)
전북특별자치도	무주군	부남면 가당리 가정마을	전북특별자치도 무주군 부남면 가당리 456-4(가정마을)
전북특별자치도	무주군	부남면 고창리 고창마을	전북특별자치도 무주군 부남면 고창리 421(고창마을)
전북특별자치도	무주군	부남면 하굴신대마을	전북특별자치도 무주군 부남면 굴암리 1173-30
전북특별자치도	무주군	부남면 굴암리 하굴마을	전북특별자치도 무주군 부남면 굴암리 434-3(하굴마을)
전북특별자치도	무주군	부남면 굴암리 상굴마을	전북특별자치도 무주군 부남면 굴암리 649-2(상굴마을)
전북특별자치도	무주군	부남면 굴암리 율소마을	전북특별자치도 무주군 부남면 굴암리 722-4(율소마을)
전북특별자치도	무주군	부남면 대소마을	전북특별자치도 무주군 부남면 대소리 120-1
전북특별자치도	무주군	부남면 대소리 도소마을	전북특별자치도 무주군 부남면 대소리 1434-2(도소마을)
전북특별자치도	무주군	부남면 대소리 유평마을	전북특별자치도 무주군 부남면 대소리 1681(유평마을)
전북특별자치도	무주군	부남면 대유리 대티마을	전북특별자치도 무주군 부남면 대유리 1229-42(대유리 대티마을)
전북특별자치도	무주군	부남면 대유리 유동마을	전북특별자치도 무주군 부남면 대유리 721-2(유동마을)
전북특별자치도	무주군	부남면 장안리 장안마을	전북특별자치도 무주군 부남면 장안리 1184-5(장안마을)
전북특별자치도	무주군	부남면 장안리 교동마을	전북특별자치도 무주군 부남면 장안리 196-1(교동마을)
전북특별자치도	무주군	부남면 장안리 식암마을	전북특별자치도 무주군 부남면 장안리 591(식암마을)
전북특별자치도	무주군	부남면 장안리 시목마을	전북특별자치도 무주군 부남면 장안리 702-11(시목마을)
전북특별자치도	무주군	설천면 기곡리 기곡마을	전북특별자치도 무주군 설천면 기곡리 119-1(기곡마을)
전북특별자치도	무주군	설천면 길산리 길산마을(상길)	전북특별자치도 무주군 설천면 길산리 688 [길산마을(상길)]
전북특별자치도	무주군	설천면 신길마을	전북특별자치도 무주군 설천면 길산리 688 [길산마을(상길)]
전북특별자치도	무주군	설천면 두길리 신두마을	전북특별자치도 무주군 설천면 두길리 1072-3(신두마을)
전북특별자치도	무주군	설천면 삼공리 삼공마을	전북특별자치도 무주군 설천면 삼공리 82(삼공마을)
전북특별자치도	무주군	설천면 심곡리 관서마을	전북특별자치도 무주군 설천면 심곡리 1094(관서마을)
전북특별자치도	무주군	설천면 심곡리 심곡마을(대평)	전북특별자치도 무주군 설천면 심곡리 346[심곡마을(대평)]
전북특별자치도	무주군	설천면 심곡리 배방마을	전북특별자치도 무주군 설천면 심곡리 산26-26(배방마을)
전북특별자치도	무주군	안성면 외당마을	전북특별자치도 무주군 안성면 공정리 2407
전북특별자치도	무주군	안성면 공정리 내당마을	전북특별자치도 무주군 안성면 공정리 2901-4(내당마을)
전북특별자치도	무주군	안성면 공진마을	전북특별자치도 무주군 안성면 공진리 146-5
전북특별자치도	무주군	안성면 공진리 주고마을	전북특별자치도 무주군 안성면 공진리 1846(주고마을)
전북특별자치도	무주군	안성면 공진리 마암마을	전북특별자치도 무주군 안성면 공진리 626-1(마암마을)
전북특별자치도	무주군	안성면 금평리 도촌마을	전북특별자치도 무주군 안성면 금평리 1045-1(도촌마을)
전북특별자치도	무주군	안성면 덕산리 수락마을	전북특별자치도 무주군 안성면 덕산리 1717(수락마을)
전북특별자치도	무주군	안성면 공정리 봉산마을	전북특별자치도 무주군 안성면 봉산길 46(공정리 봉산마을)
전북특별자치도	무주군	안성면 사교마을	전북특별자치도 무주군 안성면 사전리 43-2
전북특별자치도	무주군	안성면 사전마을	전북특별자치도 무주군 안성면 사전리 930-5
전북특별자치도	무주군	안성면 죽천리 신무마을	전북특별자치도 무주군 안성면 원통사로 214(죽천리 신무마을)
전북특별자치도	무주군	안성면 장기리 상이목마을	전북특별자치도 무주군 안성면 장기리 425-7(상이목마을)
전북특별자치도	무주군	안성면 갈마마을	전북특별자치도 무주군 안성면 죽천리 1257
전북특별자치도	무주군	안성면 죽장마을	전북특별자치도 무주군 안성면 죽천리 1481(죽장마을)
전북특별자치도	무주군	안성면 죽천리 신무마을(신무~상이목)	전북특별자치도 무주군 안성면 죽천리 918-3[신무마을(신무~상이목)]
전북특별자치도	무주군	안성면 오천마을	전북특별자치도 무주군 안성면 진도리 487-1(오천마을)
전북특별자치도	무주군	안성면 진도리 오천마을	전북특별자치도 무주군 안성면 진도리 산113-31(오천마을)
전북특별자치도	무주군	적상면 괴목리 하조마을	전북특별자치도 무주군 적상면 괴목리 612-7(하조마을)
전북특별자치도	무주군	적상면 방이리 이동마을	전북특별자치도 무주군 적상면 방이리 산111-1(이동마을)
전북특별자치도	무주군	적상면 방이리 고방마을	전북특별자치도 무주군 적상면 방이리 산49-1(고방마을)
전북특별자치도	무주군	적상면 북창리 초리마을	전북특별자치도 무주군 적상면 북창리 347(초리마을)
전북특별자치도	무주군	적상면 마산마을	전북특별자치도 무주군 적상면 사산리 340-6(마산마을)
전북특별자치도	무주군	적상면 사산리 마산마을(평지촌)	전북특별자치도 무주군 적상면 사산리 마산마을(평지촌)
전북특별자치도	무주군	적상면 삼가리 중가마을	전북특별자치도 무주군 적상면 삼가리 152-4(중가마을)
전북특별자치도	무주군	적성면 광포마을	전북특별자치도 무주군 적상면 삼가리 2100-5
전북특별자치도	무주군	적상면 삼가리 상가마을	전북특별자치도 무주군 적상면 삼가리 2396-1(상가마을)
전북특별자치도	무주군	적상면 삼가리 하가마을	전북특별자치도 무주군 적상면 삼가리 987-3(하가마을)
전북특별자치도	무주군	적상면 삼가마을	전북특별자치도 무주군 적상면 삼가마을
전북특별자치도	무주군	적상면 삼유리 성도마을(도유)	전북특별자치도 무주군 적상면 삼유리 1783[성도마을(도유)]
전북특별자치도	무주군	적상면 삼유리 하유마을	전북특별자치도 무주군 적상면 삼유리 572-1(하유마을)
전북특별자치도	무주군	적상면 포내리 괴목마을	전북특별자치도 무주군 적상면 포내리 983-26(괴목마을)
전북특별자치도	부안군	용화	전북특별자치도 부안군 계화면 궁안리 154-4
전북특별자치도	부안군	조포	전북특별자치도 부안군 계화면 양산리 733
전북특별자치도	부안군	동전	전북특별자치도 부안군 동진면 동전리 2108
전북특별자치도	부안군	제전	전북특별자치도 부안군 동진면 본덕리 567-3
전북특별자치도	부안군	안성	전북특별자치도 부안군 동진면 안성리 1104-26
전북특별자치도	부안군	외거	전북특별자치도 부안군 백산면 평교리 923
전북특별자치도	부안군	격상	전북특별자치도 부안군 변산면 격포리 270-76
전북특별자치도	부안군	묵정	전북특별자치도 부안군 변산면 대항리 78-3
전북특별자치도	부안군	묵정	전북특별자치도 부안군 변산면 대항리 84-1
전북특별자치도	부안군	중계	전북특별자치도 부안군 변산면 중계리 192-8
전북특별자치도	부안군	지서	전북특별자치도 부안군 변산면 지서리 232-10
전북특별자치도	부안군	지동	전북특별자치도 부안군 변산면 지서리 55-1
전북특별자치도	부안군	지남	전북특별자치도 부안군 변산면 지서리 산 8-10
전북특별자치도	부안군	영목	전북특별자치도 부안군 보안면 부곡리 132-16
전북특별자치도	부안군	신월	전북특별자치도 부안군 보안면 영전리 415-1
전북특별자치도	부안군	제내	전북특별자치도 부안군 보안면 영전리 724
전북특별자치도	부안군	우동	전북특별자치도 부안군 보안면 우동리 817-6
전북특별자치도	부안군	유천	전북특별자치도 부안군 보안면 유천리 1268
전북특별자치도	부안군	수랑	전북특별자치도 부안군 보안면 하입석리 1092-16
전북특별자치도	부안군	반평	전북특별자치도 부안군 보안면 하입석리 128-3
전북특별자치도	부안군	월신	전북특별자치도 부안군 부안읍 옹중리 858-2
전북특별자치도	부안군	외하	전북특별자치도 부안군 부안읍 외하리 389-3
전북특별자치도	부안군	아리울	전북특별자치도 부안군 상서면 가오리 734-27
전북특별자치도	부안군	청림	전북특별자치도 부안군 상서면 청림리 915
전북특별자치도	부안군	진리	전북특별자치도 부안군 위도면 진리 555-17
전북특별자치도	부안군	진리2	전북특별자치도 부안군 위도면 진리 555-7
전북특별자치도	부안군	진리1	전북특별자치도 부안군 위도면 진리 555-7
전북특별자치도	부안군	갈촌2	전북특별자치도 부안군 주산면 갈촌리 산 11
전북특별자치도	부안군	갈촌	전북특별자치도 부안군 주산면 갈촌리 산 11
전북특별자치도	부안군	부서	전북특별자치도 부안군 주산면 동정리 274-3
전북특별자치도	부안군	소산	전북특별자치도 부안군 주산면 소산리 393-1
전북특별자치도	부안군	목하	전북특별자치도 부안군 줄포면 난산리 697
전북특별자치도	부안군	원신	전북특별자치도 부안군 줄포면 신리 932
전북특별자치도	부안군	월평	전북특별자치도 부안군 줄포면 파산리 758-12
전북특별자치도	부안군	원안	전북특별자치도 부안군 진서면 석포리 482-7
전북특별자치도	부안군	석포	전북특별자치도 부안군 진서면 석포리 607
전북특별자치도	부안군	연동	전북특별자치도 부안군 진서면 진서리 412-1
전북특별자치도	부안군	운암	전북특별자치도 부안군 하서면 석상리 470-2
전북특별자치도	부안군	장신	전북특별자치도 부안군 하서면 장신리 496-1
전북특별자치도	부안군	대초	전북특별자치도 부안군 행안면 대초리 1-9
전북특별자치도	부안군	월암	전북특별자치도 부안군 행안면 삼간리 398-4
전북특별자치도	부안군	신기	전북특별자치도 부안군 행안면 신기리 543-20
전북특별자치도	부안군	행산	전북특별자치도 부안군 행안면 진동리 901-6
전북특별자치도	부안군	신흥	전북특별자치도 부안군 행안면 진동리 901-6
전북특별자치도	순창군	구곡마을집하장	전북특별자치도 순창군 구림면 구곡리 421-5
전북특별자치도	순창군	구곡마을집하장	전북특별자치도 순창군 구림면 구곡리 421-5
전북특별자치도	순창군	어은동마을집하장	전북특별자치도 순창군 구림면 구산리 산70,산70-1
전북특별자치도	순창군	봉곡마을집하장	전북특별자치도 순창군 구림면 구암리 250-4
전북특별자치도	순창군	금상마을집하장	전북특별자치도 순창군 구림면 금창리 680-1
전북특별자치도	순창군	치천마을집하장	전북특별자치도 순창군 구림면 금천리 166-3
전북특별자치도	순창군	금평마을집하장	전북특별자치도 순창군 구림면 금천리 558-21
전북특별자치도	순창군	속리마을집하장	전북특별자치도 순창군 구림면 방화리 592-5
전북특별자치도	순창군	방화마을집하장	전북특별자치도 순창군 구림면 방화리 783-11
전북특별자치도	순창군	회룡마을집하장	전북특별자치도 순창군 구림면 성곡리 365-1
전북특별자치도	순창군	오룡마을집하장	전북특별자치도 순창군 구림면 성곡리 878
전북특별자치도	순창군	산내마을집하장	전북특별자치도 순창군 구림면 안정리 489-3
전북특별자치도	순창군	안심마을집하장	전북특별자치도 순창군 구림면 안정리 906
전북특별자치도	순창군	남정마을회집하장	전북특별자치도 순창군 구림면 운남리 630-7
전북특별자치도	순창군	남정마을집하장	전북특별자치도 순창군 구림면 운남리 630-7
전북특별자치도	순창군	남정마을집하장	전북특별자치도 순창군 구림면 운남리 630-7
전북특별자치도	순창군	단풍마을집하장	전북특별자치도 순창군 구림면 운북리 239-1
전북특별자치도	순창군	운항마을집하장	전북특별자치도 순창군 구림면 운북리 27-1
전북특별자치도	순창군	통안마을집하장	전북특별자치도 순창군 구림면 율북리 413
전북특별자치도	순창군	율리마을집하장	전북특별자치도 순창군 구림면 율북리 산143-6
전북특별자치도	순창군	상리마을집하장	전북특별자치도 순창군 구림면 자양리 239-1
전북특별자치도	순창군	자양마을집하장	전북특별자치도 순창군 구림면 자양리 553-1
전북특별자치도	순창군	자양마을집하장	전북특별자치도 순창군 구림면 자양리 553-1
전북특별자치도	순창군	화암마을집하장	전북특별자치도 순창군 구림면 화암리 610
전북특별자치도	순창군	고례마을집하장	전북특별자치도 순창군 금과면 고례리 249-3
전북특별자치도	순창군	호치마을집하장	전북특별자치도 순창군 금과면 남계리 324
전북특별자치도	순창군	내동마을집하장	전북특별자치도 순창군 금과면 내동리 782
전북특별자치도	순창군	대각마을집하장	전북특별자치도 순창군 금과면 대성리 336-3
전북특별자치도	순창군	동전마을집하장	전북특별자치도 순창군 금과면 동전리 507
전북특별자치도	순창군	매우마을집하장	전북특별자치도 순창군 금과면 매우리 354
전북특별자치도	순창군	일목마을집하장	전북특별자치도 순창군 금과면 목동리 1089
전북특별자치도	순창군	계전마을집하장	전북특별자치도 순창군 금과면 목동리 471-1
전북특별자치도	순창군	발산마을집하장	전북특별자치도 순창군 금과면 발산리 42-8
전북특별자치도	순창군	방성마을집하장	전북특별자치도 순창군 금과면 방성리 476-1
전북특별자치도	순창군	방축마을집하장	전북특별자치도 순창군 금과면 방축리 1063
전북특별자치도	순창군	방축마을집하장	전북특별자치도 순창군 금과면 방축리 산129-1
전북특별자치도	순창군	장장마을집하장	전북특별자치도 순창군 금과면 장장리 207
전북특별자치도	순창군	관전마을집하장	전북특별자치도 순창군 동계면 관전리 589
전북특별자치도	순창군	추동마을집하장	전북특별자치도 순창군 동계면 동심리 766-1
전북특별자치도	순창군	수장마을집하장	전북특별자치도 순창군 동계면 수장리 542
전북특별자치도	순창군	수장마을집하장	전북특별자치도 순창군 동계면 수정리 229-9
전북특별자치도	순창군	장항마을집하장	전북특별자치도 순창군 동계면 이동리 58-6
전북특별자치도	순창군	주월마을집하장	전북특별자치도 순창군 동계면 주월리 476-1
전북특별자치도	순창군	현포마을집하장	전북특별자치도 순창군 동계면 현포리 516
전북특별자치도	순창군	칠립마을집하장	전북특별자치도 순창군 복흥면 금월리
전북특별자치도	순창군	강두마을집하장	전북특별자치도 순창군 복흥면 금월리 121-3
전북특별자치도	순창군	농암마을집하장	전북특별자치도 순창군 복흥면 농암리 918
전북특별자치도	순창군	신기마을집하장	전북특별자치도 순창군 복흥면 답동리
전북특별자치도	순창군	구산마을집하장	전북특별자치도 순창군 복흥면 답동리 151-1
전북특별자치도	순창군	용지마을집하장	전북특별자치도 순창군 복흥면 대방리 649-4
전북특별자치도	순창군	동산마을집하장	전북특별자치도 순창군 복흥면 동산리 605 옆 구거
전북특별자치도	순창군	동산마을집하장	전북특별자치도 순창군 복흥면 동산리 641
전북특별자치도	순창군	월성마을집하장	전북특별자치도 순창군 복흥면 반월리
전북특별자치도	순창군	자포마을집하장	전북특별자치도 순창군 복흥면 반월리 1071
전북특별자치도	순창군	덕흥마을집하장	전북특별자치도 순창군 복흥면 봉덕리 192-3
전북특별자치도	순창군	내오마을집하장	전북특별자치도 순창군 복흥면 산정리 786
전북특별자치도	순창군	상송마을집하장	전북특별자치도 순창군 복흥면 상송리 182-2
전북특별자치도	순창군	추령휴계소집하장	전북특별자치도 순창군 복흥면 서마리 1020-2
전북특별자치도	순창군	하마마을집하장	전북특별자치도 순창군 복흥면 서마리 844-1
전북특별자치도	순창군	석보마을집하장	전북특별자치도 순창군 복흥면 석보리 50-13
전북특별자치도	순창군	어은마을집하장	전북특별자치도 순창군 복흥면 어은리 579
전북특별자치도	순창군	비거마을집하장	전북특별자치도 순창군 복흥면 정산리 228-9
전북특별자치도	순창군	동서마을집하장	전북특별자치도 순창군 복흥면 정산리 744-41
전북특별자치도	순창군	송정마을집하장	전북특별자치도 순창군 복흥면 주평리
전북특별자치도	순창군	율평마을집하장	전북특별자치도 순창군 복흥면 주평리 215-2
전북특별자치도	순창군	명지마을집하장	전북특별자치도 순창군 복흥면 지선리 150-1
전북특별자치도	순창군	용교마을집하장	전북특별자치도 순창군 복흥면 지선리 267
전북특별자치도	순창군	중리마을집하장	전북특별자치도 순창군 복흥면 하리 1150
전북특별자치도	순창군	사창마을집하장	전북특별자치도 순창군 복흥면 하리 944-1
전북특별자치도	순창군	화양마을집하장	전북특별자치도 순창군 복흥면 화양리 382
전북특별자치도	순창군	가잠마을집하장	전북특별자치도 순창군 순창읍 가남리 156-5
전북특별자치도	순창군	남산마을집하장	전북특별자치도 순창군 순창읍 가남리 509-2
전북특별자치도	순창군	백산마을집하장	전북특별자치도 순창군 순창읍 백산리 321-3
전북특별자치도	순창군	신촌마을집하장	전북특별자치도 순창군 순창읍 백산리 72-2
전북특별자치도	순창군	백야마을집하장	전북특별자치도 순창군 순창읍 백야길 19
전북특별자치도	순창군	신기마을집하장	전북특별자치도 순창군 순창읍 복실리 237
전북특별자치도	순창군	복실마을집하장	전북특별자치도 순창군 순창읍 복실리 47-5
전북특별자치도	순창군	무수마을집하장	전북특별자치도 순창군 순창읍 신남리 416-1
전북특별자치도	순창군	탄금마을집하장	전북특별자치도 순창군 순창읍 신남리 663-2
전북특별자치도	순창군	장덕마을집하장	전북특별자치도 순창군 순창읍 장덕리 452-1
전북특별자치도	순창군	내동마을집하장	전북특별자치도 순창군 쌍치면 금성리 770-1
전북특별자치도	순창군	피노마을집하장	전북특별자치도 순창군 쌍치면 금성리 887
전북특별자치도	순창군	신촌마을집하장	전북특별자치도 순창군 쌍치면 금성리 산 117-1
전북특별자치도	순창군	석현마을집하장	전북특별자치도 순창군 쌍치면 금평리 811-20
전북특별자치도	순창군	금정마을집하장	전북특별자치도 순창군 쌍치면 금평리 916-1
전북특별자치도	순창군	도고리집하장	전북특별자치도 순창군 쌍치면 도고리 585
전북특별자치도	순창군	산수마을집하장	전북특별자치도 순창군 쌍치면 도고리 721
전북특별자치도	순창군	중안마을집하장	전북특별자치도 순창군 쌍치면 둔전리 355-3
전북특별자치도	순창군	내동마을집하장	전북특별자치도 순창군 쌍치면 둔전리 52
전북특별자치도	순창군	빙산마을집하장	전북특별자치도 순창군 쌍치면 방산리 173
전북특별자치도	순창군	시산마을집하장	전북특별자치도 순창군 쌍치면 시산리 267-1
전북특별자치도	순창군	금계마을집하장	전북특별자치도 순창군 쌍치면 쌍계리 126-2
전북특별자치도	순창군	반계마을집하장	전북특별자치도 순창군 쌍치면 쌍계리 333-4
전북특별자치도	순창군	반계마을집하장	전북특별자치도 순창군 쌍치면 쌍계리 338-7
전북특별자치도	순창군	먹우실마을집하장	전북특별자치도 순창군 쌍치면 오봉리 60-1
전북특별자치도	순창군	만수마을집하장	전북특별자치도 순창군 쌍치면 옥산리 121
전북특별자치도	순창군	무동실마을집하장	전북특별자치도 순창군 쌍치면 옥산리 555-1
전북특별자치도	순창군	옥산마을집하장	전북특별자치도 순창군 쌍치면 옥산리 657
전북특별자치도	순창군	묵산마을집하장	전북특별자치도 순창군 쌍치면 용전리 392-1
전북특별자치도	순창군	양촌마을집하장	전북특별자치도 순창군 쌍치면 용전리 50-2
전북특별자치도	순창군	운암마을집하장	전북특별자치도 순창군 쌍치면 운암리 691
전북특별자치도	순창군	전암마을집하장	전북특별자치도 순창군 쌍치면 전암리 340-9
전북특별자치도	순창군	종곡마을집하장	전북특별자치도 순창군 쌍치면 종곡리 500-1
전북특별자치도	순창군	종암마을집하장	전북특별자치도 순창군 쌍치면 종암리 469
전북특별자치도	순창군	탕곡마을집하장	전북특별자치도 순창군 쌍치면 탕곡리 180-2
전북특별자치도	순창군	둔전마을집하장	전북특별자치도 순창군 쌍치면 학선리 276
전북특별자치도	순창군	부정마을집하장	전북특별자치도 순창군 쌍치면 학선리 356-16
전북특별자치도	순창군	오룡마을집하장	전북특별자치도 순창군 쌍치면 학선리 415-1
전북특별자치도	순창군	학촌마을집하장	전북특별자치도 순창군 유등면 건곡리 339-10
전북특별자치도	순창군	내이마을집하장	전북특별자치도 순창군 유등면 내이길 10
전북특별자치도	순창군	월탄마을집하장	전북특별자치도 순창군 유등면 무수리 901-1
전북특별자치도	순창군	오교마을집하장	전북특별자치도 순창군 유등면 오교리 328-2
전북특별자치도	순창군	창신마을집하장	전북특별자치도 순창군 유등면 창신리 80
전북특별자치도	순창군	동촌마을집하장	전북특별자치도 순창군 인계면 노동리 98-3
전북특별자치도	순창군	용암마을집하장	전북특별자치도 순창군 인계면 도룡리 543-3
전북특별자치도	순창군	팔학마을집하장	전북특별자치도 순창군 인계면 도룡리 695
전북특별자치도	순창군	도사마을집하장	전북특별자치도 순창군 인계면 도룡리 967
전북특별자치도	순창군	소마마을집하장	전북특별자치도 순창군 인계면 마흘리 392-1
전북특별자치도	순창군	쌍암리마을집하장	전북특별자치도 순창군 인계면 쌍암리 272-1
전북특별자치도	순창군	중산마을집하장	전북특별자치도 순창군 인계면 중산리 44-1
전북특별자치도	순창군	외양마을집하장	전북특별자치도 순창군 인계면 탑리 505-2
전북특별자치도	순창군	농소마을회집하장	전북특별자치도 순창군 적성면 내월리 1328
전북특별자치도	순창군	농소마을집하장	전북특별자치도 순창군 적성면 내월리 1328
전북특별자치도	순창군	대산마을집하장	전북특별자치도 순창군 적성면 대산리 194-1
전북특별자치도	순창군	묘동마을집하장	전북특별자치도 순창군 적성면 대산리 588
전북특별자치도	순창군	강경마을집하장	전북특별자치도 순창군 적성면 석산리 133-3
전북특별자치도	순창군	입석마을집하장	전북특별자치도 순창군 적성면 석산리 산 151
전북특별자치도	순창군	율지마을집하장	전북특별자치도 순창군 적성면 운림리 872-4
전북특별자치도	순창군	평남마을집하장	전북특별자치도 순창군 적성면 평남리 160-4
전북특별자치도	순창군	사정마을집하장	전북특별자치도 순창군 팔덕면 용산리 92-5
전북특별자치도	순창군	월곡마을집하장	전북특별자치도 순창군 팔덕면 월곡리 1362
전북특별자치도	순창군	평지마을집하장	전북특별자치도 순창군 팔덕면 창덕리 산15-2
전북특별자치도	순창군	하죽마을집하장	전북특별자치도 순창군 팔덕면 청계리 505-1
전북특별자치도	순창군	청계마을집하장	전북특별자치도 순창군 팔덕면 청계리 517-1
전북특별자치도	순창군	대가마을집하장	전북특별자치도 순창군 풍산면 대가리 809-1
전북특별자치도	순창군	소촌마을집하장	전북특별자치도 순창군 풍산면 삼촌리 288-2
전북특별자치도	순창군	가덕마을집하장	전북특별자치도 순창군 풍산면 삼촌리 399-6
전북특별자치도	순창군	도치마을집하장	전북특별자치도 순창군 풍산면 삼촌리 782-7
전북특별자치도	순창군	용내마을집하장	전북특별자치도 순창군 풍산면 용내리 332
전북특별자치도	순창군	용내마을집하장	전북특별자치도 순창군 풍산면 용내리 332
전북특별자치도	순창군	회덕마을집하장	전북특별자치도 순창군 풍산면 유정리 190
전북특별자치도	순창군	유정마을집하장	전북특별자치도 순창군 풍산면 유정리 292-5
전북특별자치도	순창군	하죽마을집하장	전북특별자치도 순창군 풍산면 죽곡리 913
전북특별자치도	순창군	상죽마을집하장	전북특별자치도 순창군 풍산면 죽곡리 971
전북특별자치도	완주군	영농폐기물집하장	전북특별자치도 완주군 구이면 광곡리 710-18
전북특별자치도	완주군	영농폐기물집하장	전북특별자치도 완주군 구이면 두현리 160-1
전북특별자치도	완주군	영농폐기물집하장	전북특별자치도 완주군 구이면 항가리 636-18
전북특별자치도	완주군	영농폐기물집하장	전북특별자치도 완주군 봉동읍 장구리 51
전북특별자치도	완주군	영농폐기물집하장	전북특별자치도 완주군 비봉면 백도리 899-1
전북특별자치도	완주군	영농폐기물집하장	전북특별자치도 완주군 비봉면 이전리 산 116-2
전북특별자치도	완주군	영농폐기물집하장	전북특별자치도 완주군 용진읍 운곡리 25-11
전북특별자치도	완주군	영농폐기물집하장	전북특별자치도 완주군 이서면 상개리 696
전북특별자치도	익산시	영농폐기물 공동집하장	전북특별자치도 익산시 망성면 내촌리 1170-32
전북특별자치도	익산시	영농폐기물 공동집하장	전북특별자치도 익산시 망성면 소펄길 67
전북특별자치도	익산시	영농폐기물 공동집하장	전북특별자치도 익산시 망성면 화산리 2023-24
전북특별자치도	익산시	영농폐기물 공동집하장	전북특별자치도 익산시 선화2로 316
전북특별자치도	익산시	영농폐기물 공동집하장	전북특별자치도 익산시 성당면 내회선길 38
전북특별자치도	익산시	영농폐기물 공동집하장	전북특별자치도 익산시 여산면 원수리 127-21
전북특별자치도	익산시	영농폐기물 공동집하장	전북특별자치도 익산시 왕궁면 쌍제리 450-2
전북특별자치도	익산시	영농폐기물 공동집하장	전북특별자치도 익산시 왕궁면 왕궁리 856(탑리)
전북특별자치도	익산시	영농폐기물 공동집하장	전북특별자치도 익산시 왕궁면 평장리 298-31
전북특별자치도	익산시	영농폐기물 공동집하장	전북특별자치도 익산시 왕궁면 평장리 403
전북특별자치도	익산시	영농폐기물 공동집하장	전북특별자치도 익산시 왕궁면 흥암리 1181
전북특별자치도	익산시	영농폐기물 공동집하장	전북특별자치도 익산시 용동면 두무2길 24-24(대조리 1060)
전북특별자치도	익산시	영농폐기물 공동집하장	전북특별자치도 익산시 용동묜 익산대로 2527(구산리 120-15)
전북특별자치도	익산시	영농폐기물 공동집하장	전북특별자치도 익산시 춘포면 덕실리 12-33
전북특별자치도	익산시	영농폐기물 공동집하장	전북특별자치도 익산시 춘포면 창평리 175-6
전북특별자치도	익산시	영농폐기물 공동집하장	전북특별자치도 익산시 춘포면 천동리 457-1
전북특별자치도	익산시	영농폐기물 공동집하장	전북특별자치도 익산시 춘포면 판문2길 55
전북특별자치도	익산시	영농폐기물 공동집하장	전북특별자치도 익산시 황등면 율촌리 110-1(율촌길 9)
전북특별자치도	익산시	영농폐기물 공동집하장	전북특별자치도 익산시 황등면 죽촌리 340-43
전북특별자치도	익산시	영농폐기물 공동집하장	전북특별자치도 익산시 황등면 황등리 1084-4
전북특별자치도	임실군	상가마을 공동집하장	전북특별자치도 임실군 가덕리 1010-1
전북특별자치도	임실군	강서마을 공동집하장	전북특별자치도 임실군 갈담리 558
전북특별자치도	임실군	갈마마을 공동집하장	전북특별자치도 임실군 갈마1길 16-5
전북특별자치도	임실군	감성마을 공동집하장	전북특별자치도 임실군 감성리 500
전북특별자치도	임실군	신기마을 공동집하장	전북특별자치도 임실군 강운로 991-31
전북특별자치도	임실군	옥산마을 공동집하장	전북특별자치도 임실군 계산리 산22-10
전북특별자치도	임실군	관기마을 공동집하장	전북특별자치도 임실군 관기리 392-2
전북특별자치도	임실군	관촌 농어촌폐기물종합처리시설	전북특별자치도 임실군 관진로 233
전북특별자치도	임실군	월은마을 공동집하장	전북특별자치도 임실군 관촌리 140-1
전북특별자치도	임실군	남악마을 공동집하장	전북특별자치도 임실군 대명리 47-1
전북특별자치도	임실군	대정마을 공동집하장	전북특별자치도 임실군 대정리 605-1
전북특별자치도	임실군	음지마을 공동집하장	전북특별자치도 임실군 덕계리 253-1
전북특별자치도	임실군	피암마을 공동집하장	전북특별자치도 임실군 덕암리 999-2
전북특별자치도	임실군	금평마을 공동집하장	전북특별자치도 임실군 덕재로 37
전북특별자치도	임실군	주천마을 공동집하장	전북특별자치도 임실군 덕천리 353-7
전북특별자치도	임실군	시기마을 공동집하장	전북특별자치도 임실군 덕천리 703-35
전북특별자치도	임실군	도봉마을 공동집하장	전북특별자치도 임실군 도봉리 431-10
전북특별자치도	임실군	방축마을 공동집하장	전북특별자치도 임실군 둔덕1길 38-1
전북특별자치도	임실군	막동마을 공동집하장	전북특별자치도 임실군 방수리 223-1
전북특별자치도	임실군	방동마을 공동집하장	전북특별자치도 임실군 방수리 746-3
전북특별자치도	임실군	방현마을 공동집하장	전북특별자치도 임실군 방현리 213-1
전북특별자치도	임실군	백련마을 공동집하장	전북특별자치도 임실군 백련리 1448-5
전북특별자치도	임실군	가정마을 공동집하장	전북특별자치도 임실군 병암리 42
전북특별자치도	임실군	냉천마을 공동집하장	전북특별자치도 임실군 봉천2길 37
전북특별자치도	임실군	양지마을 공동집하장	전북특별자치도 임실군 사곡리 203-4
전북특별자치도	임실군	유산마을 공동집하장	전북특별자치도 임실군 사선10길 38-3
전북특별자치도	임실군	기암마을 공동집하장	전북특별자치도 임실군 사양길 14
전북특별자치도	임실군	방길마을 공동집하장	전북특별자치도 임실군 삼길리 1211-4
전북특별자치도	임실군	외량마을 공동집하장	전북특별자치도 임실군 삼길리 539-4
전북특별자치도	임실군	삼은마을 공동집하장	전북특별자치도 임실군 삼은리 604-2
전북특별자치도	임실군	구곡마을 공동집하장	전북특별자치도 임실군 삼청2길 23-6
전북특별자치도	임실군	신전마을 공동집하장	전북특별자치도 임실군 상월로 478
전북특별자치도	임실군	상월마을 공동집하장	전북특별자치도 임실군 상월로 778
전북특별자치도	임실군	선거마을 공동집하장	전북특별자치도 임실군 선거1길 35-2
전북특별자치도	임실군	슬치마을 공동집하장	전북특별자치도 임실군 슬치리 312-4
전북특별자치도	임실군	정촌마을 공동집하장	전북특별자치도 임실군 신안3길 55-1
전북특별자치도	임실군	금동마을 공동집하장	전북특별자치도 임실군 신안리 1249
전북특별자치도	임실군	두기마을 공동집하장	전북특별자치도 임실군 신전리894
전북특별자치도	임실군	어은마을 공동집하장	전북특별자치도 임실군 어은리 산42-17
전북특별자치도	임실군	오산마을 공동집하장	전북특별자치도 임실군 오산리 130-1
전북특별자치도	임실군	오촌마을 공동집하장	전북특별자치도 임실군 오암3길 51
전북특별자치도	임실군	신기마을 공동집하장	전북특별자치도 임실군 오지길 80
전북특별자치도	임실군	명동마을 공동집하장	전북특별자치도 임실군 옥전리 588-2
전북특별자치도	임실군	운교마을 공동집하장	전북특별자치도 임실군 용두리 643-1
전북특별자치도	임실군	용산마을 공동집하장	전북특별자치도 임실군 용산1길 9
전북특별자치도	임실군	고덕마을 공동집하장	전북특별자치도 임실군 운수리 345
전북특별자치도	임실군	구암마을 공동집하장	전북특별자치도 임실군 운수리 57
전북특별자치도	임실군	원천마을 공동집하장	전북특별자치도 임실군 원천리 388-7
전북특별자치도	임실군	수월마을 공동집하장	전북특별자치도 임실군 월삼로 91
전북특별자치도	임실군	조월마을 공동집하장	전북특별자치도 임실군 조월리 산99-1
전북특별자치도	임실군	광석마을 공동집하장	전북특별자치도 임실군 학암리 193-3
전북특별자치도	임실군	학암마을 공동집하장	전북특별자치도 임실군 학암리 697
전북특별자치도	임실군	수풍마을 공동집하장	전북특별자치도 임실군 향교리 921-1
전북특별자치도	임실군	현곡마을 공동집하장	전북특별자치도 임실군 현곡리 317-3
전북특별자치도	임실군	농원마을 공동집하장	전북특별자치도 임실군 호암2길 1-1
전북특별자치도	임실군	화촌마을 공동집하장	전북특별자치도 임실군 화촌길 17
전북특별자치도	임실군	황두마을 공동집하장	전북특별자치도 임실군 회봉1길 29-16
전북특별자치도	장수군	궁평마을	전북특별자치도 장수군 계남면 궁양리 167-6
전북특별자치도	장수군	난평마을	전북특별자치도 장수군 계남면 난평길 14(화양리 1013-90)
전북특별자치도	장수군	계남고물상	전북특별자치도 장수군 계남면 장안산로 13(화음리 1133-11)
전북특별자치도	장수군	내림마을	전북특별자치도 장수군 계북면 내림길 32-11(임평리 105-1)
전북특별자치도	장수군	문성마을	전북특별자치도 장수군 계북면 문성갈벌길 29(어전리 135-1)
전북특별자치도	장수군	양악마을	전북특별자치도 장수군 계북면 양악길 81(양악리 836-2)
전북특별자치도	장수군	외림마을	전북특별자치도 장수군 계북면 외림길 46
전북특별자치도	장수군	하교마을	전북특별자치도 장수군 번암면 교동리 159-2
전북특별자치도	장수군	상교마을	전북특별자치도 장수군 번암면 교동리 405-6
전북특별자치도	장수군	원북마을	전북특별자치도 장수군 번암면 국포리 351-2
전북특별자치도	장수군	대성방마을	전북특별자치도 장수군 번암면 대성방길399(죽산리 660-1)
전북특별자치도	장수군	대창마을	전북특별자치도 장수군 산서면 대창길 12-9(신창리 369-2)
전북특별자치도	장수군	원흥마을	전북특별자치도 장수군 산서면 마하리 93-3
전북특별자치도	장수군	사창마을	전북특별자치도 장수군 산서면 사상리 134
전북특별자치도	장수군	방화마을	전북특별자치도 장수군 산서면 오성리 886-3
전북특별자치도	장수군	이룡마을	전북특별자치도 장수군 산서면 이룡리 152
전북특별자치도	장수군	신등마을	전북특별자치도 장수군 산서면 하월리 701-1
전북특별자치도	장수군	백암마을	전북특별자치도 장수군 임평리 1049
전북특별자치도	장수군	호덕마을	전북특별자치도 장수군 장계면 금남로 278-5(금덕리 276-7)
전북특별자치도	장수군	원명덕마을	전북특별자치도 장수군 장계면 명덕길 65(명덕리 1017)
전북특별자치도	장수군	신기마을	전북특별자치도 장수군 장계면 신기길 41-5
전북특별자치도	장수군	도장마을	전북특별자치도 장수군 장계면 월강리 124
전북특별자치도	장수군	농원마을	전북특별자치도 장수군 장수읍 개정농원길41(개정리 316-121)
전북특별자치도	장수군	농업기술센터	전북특별자치도 장수군 장수읍 개정리 659-7
전북특별자치도	장수군	신기마을	전북특별자치도 장수군 장수읍 노하리 330-3
전북특별자치도	장수군	식천마을	전북특별자치도 장수군 장수읍 식천길 192-1(식천리 222-1)
전북특별자치도	장수군	신덕산마을	전북특별자치도 장수군 장수읍 신덕산길13(덕산리 810-17)
전북특별자치도	장수군	용계마을	전북특별자치도 장수군 장수읍 용계길 5-2(용계리 423-1)
전북특별자치도	장수군	안양마을	전북특별자치도 장수군 장수읍 용계리 1302
전북특별자치도	장수군	검덕마을	전북특별자치도 장수군 천천면 검덕길 61(봉덕리 534-1)
전북특별자치도	장수군	박곡마을	전북특별자치도 장수군 천천면 박실아랫담길5-8(월곡리 871)
전북특별자치도	장수군	삼장마을	전북특별자치도 장수군 천천면 삼고리 472-1
전북특별자치도	장수군	신기마을	전북특별자치도 장수군 천천면 연평리 1958-1
전북특별자치도	장수군	용신마을	전북특별자치도 장수군 천천면 용신길3-27(용광리 240-2)
전북특별자치도	장수군	춘동마을	전북특별자치도 장수군 천천면 춘송리 337
전북특별자치도	장수군	양명동마을	전북특별자치도 장수군 천천면 춘송리 산 17-14(지번말소로 변경)
전북특별자치도	정읍시	반룡 공동집하장	전북특별자치도 정읍시 감곡면 계룡리 586-1
전북특별자치도	정읍시	회암 공동집하장	전북특별자치도 정읍시 감곡면 용곽리 401-13
전북특별자치도	정읍시	진교 공동집하장	전북특별자치도 정읍시 감곡면 진흥리 239-2
전북특별자치도	정읍시	죽리 공동집하장	전북특별자치도 정읍시 고부면 백운리 869-1
전북특별자치도	정읍시	구량 공동집하장	전북특별자치도 정읍시 구룡동 275-7
전북특별자치도	정읍시	구량 공동집하장	전북특별자치도 정읍시 구룡동 275-7 답
전북특별자치도	정읍시	매기 공동집하장	전북특별자치도 정읍시 구룡동 85-1
전북특별자치도	정읍시	용계 공동집하장	전북특별자치도 정읍시 농소동 용계동 157-3
전북특별자치도	정읍시	가정 공동집하장	전북특별자치도 정읍시 북면 보림리 621-10
전북특별자치도	정읍시	장재 공동집하장	전북특별자치도 정읍시 북면 장학리 594-1 장재마을
전북특별자치도	정읍시	사교 공동집하장	전북특별자치도 정읍시 산내면 두월리 1596-8
전북특별자치도	정읍시	평내 공동집하장	전북특별자치도 정읍시 산내면 장금리 722-3
전북특별자치도	정읍시	외능 공동집하장	전북특별자치도 정읍시 산외면 정량리 1221-4
전북특별자치도	정읍시	민하 공동집하장	전북특별자치도 정읍시 산외면 정량리 487-4 (민하마을 내)
전북특별자치도	정읍시	원정 공동집하장	전북특별자치도 정읍시 산외면 정량리 968-1
전북특별자치도	정읍시	재경 공동집하장	전북특별자치도 정읍시 소성면 고교리 469-1
전북특별자치도	정읍시	보화 공동집하장	전북특별자치도 정읍시 소성면 보화리 902-9
전북특별자치도	정읍시	주동 공동집하장	전북특별자치도 정읍시 소성면 주천리275-3
전북특별자치도	정읍시	탑리 공동집하장	전북특별자치도 정읍시 영원면 은선리 274-1
전북특별자치도	정읍시	은선 공동집하장	전북특별자치도 정읍시 영원면 은선리 537-3
전북특별자치도	정읍시	북풍 공동집하장	전북특별자치도 정읍시 영원면 풍월리 353
전북특별자치도	정읍시	용호 공동집하장	전북특별자치도 정읍시 옹동면 용호리 729
전북특별자치도	정읍시	구면 공동집하장	전북특별자치도 정읍시 입암면 구면1길 26
전북특별자치도	정읍시	엄동 공동집하장	전북특별자치도 정읍시 입암면 단곡리 865-3
전북특별자치도	정읍시	안당 공동집하장	전북특별자치도 정읍시 입암면 봉양리 652
전북특별자치도	정읍시	신등 공동집하장	전북특별자치도 정읍시 입암면 신등길 18-4
전북특별자치도	정읍시	원하부 공동집하장	전북특별자치도 정읍시 입암면 원하부길 30
전북특별자치도	정읍시	제내 공동집하장	전북특별자치도 정읍시 입암면 접지리 24-1
전북특별자치도	정읍시	지선 공동집하장	전북특별자치도 정읍시 입암면 지선길 12
전북특별자치도	정읍시	원백암 공동집하장	전북특별자치도 정읍시 칠보면 백암리 1624
전북특별자치도	정읍시	신기 공동집하장	전북특별자치도 정읍시 칠보면 축현리 687-2
전북특별자치도	정읍시	박동 공동집하장	전북특별자치도 정읍시 태인면 박산리 175-3
전북특별자치도	정읍시	하증 공동집하장	전북특별자치도 정읍시 태인면 증산리 352
전북특별자치도	정읍시	덕두 공동집하장	전북특별자치도 정읍시 태인면 태남리542-22
전북특별자치도	정읍시	서재 공동집하장	전북특별자치도 정읍시 태인면 태서리 851-6
전북특별자치도	정읍시	삼리 공동집하장	전북특별자치도 정읍시 태인면 태흥리 487-1
전북특별자치도	진안군	직동마을 공동집하장	전북특별자치도 진안군 노성리 1445-15
전북특별자치도	진안군	봉곡 폐비닐 임시집하장	전북특별자치도 진안군 동향면 학선리 1096-1
전북특별자치도	진안군	새울터 폐비닐 집하장	전북특별자치도 진안군 동향면 학선리 908-1
전북특별자치도	진안군	마령면 공동집하장	전북특별자치도 진안군 마령면 계서리 1238
전북특별자치도	진안군	신마마을집하장	전북특별자치도 진안군 백운면 마치길 23
전북특별자치도	진안군	백운면 공동 집하장	전북특별자치도 진안군 백운면 운교리 512-3
전북특별자치도	진안군	원촌마을집하장	전북특별자치도 진안군 백운면 운원로 3-2
전북특별자치도	진안군	상동마을집하장	전북특별자치도 진안군 백운면 평장리 119
전북특별자치도	진안군	부귀 공동집하장	전북특별자치도 진안군 부귀면 귀상로 58-23
전북특별자치도	진안군	상전면 공동집하장	전북특별자치도 진안군 상전면 주평리 1076-1
전북특별자치도	진안군	지동마을 공동집하장	전북특별자치도 진안군 성수면 도통리 513-3
전북특별자치도	진안군	산주마을 공동집하장	전북특별자치도 진안군 성수면 도통리 782-1
전북특별자치도	진안군	양화마을 공동집하장	전북특별자치도 진안군 성수면 좌포리 1312-4
전북특별자치도	진안군	산수동마을 공동집하장	전북특별자치도 진안군 성수면 좌포리 189
전북특별자치도	진안군	사기점마치 공동집하장	전북특별자치도 진안군 성수면 중길리 307-3
전북특별자치도	진안군	오암마을 공동집하장	전북특별자치도 진안군 성수면 중길리 51
전북특별자치도	진안군	상달마을 공동집하장	전북특별자치도 진안군 성수면 중길리 540-3
전북특별자치도	진안군	달길마을 공동집하장	전북특별자치도 진안군 성수면 중길리 698
전북특별자치도	진안군	지사마을 공동집하장	전북특별자치도 진안군 안천면 지사마을
전북특별자치도	진안군	용담면 공동집하장	전북특별자치도 진안군 용담면 송풍리 924-3
전북특별자치도	진안군	정천면 공동집하장	전북특별자치도 진안군 정천면 봉학로 66
전북특별자치도	진안군	안정마을 공동집하장	전북특별자치도 진안군 주천면 안정길 113-6
전북특별자치도	진안군	주천면 폐비닐 공동집하장	전북특별자치도 진안군 주천면 주양리 산 7-9
전북특별자치도	진안군	은천마을 집하장	전북특별자치도 진안군 진안읍 가림리 1167-2
전북특별자치도	진안군	탄곡마을 집하장	전북특별자치도 진안군 진안읍 가림리 1174-3
전북특별자치도	진안군	선인마을 집하장	전북특별자치도 진안군 진안읍 가림리 617-1
전북특별자치도	진안군	가림지구 공동집하장	전북특별자치도 진안군 진안읍 가림리 859-3
전북특별자치도	진안군	하가막마을 집하장	전북특별자치도 진안군 진안읍 가막리 475-2
전북특별자치도	진안군	예리마을 집하장	전북특별자치도 진안군 진안읍 구룡길 159-3
전북특별자치도	진안군	진안읍 공동집하장	전북특별자치도 진안군 진안읍 단양리 269-7
전북특별자치도	진안군	궁동마을 집하장	전북특별자치도 진안군 진안읍 물곡리 1319-3
전북특별자치도	진안군	소토실마을 공동집하장	전북특별자치도 진안군 진안읍 물곡리 1652
전북특별자치도	진안군	종평마을 공동집하장	전북특별자치도 진안군 진안읍 물곡리 73-2
전북특별자치도	진안군	산암마을 집하장	전북특별자치도 진안군 진안읍 반월리 1268
전북특별자치도	진안군	금마마을 집하장	전북특별자치도 진안군 진안읍 반월리 1519
전북특별자치도	진안군	원반월마을 집하장	전북특별자치도 진안군 진안읍 반월리 700-6
전북특별자치도	진안군	대성마을 집하장	전북특별자치도 진안군 진안읍 연장리 1622-185
전북특별자치도	진안군	용지마을 공동집하장	전북특별자치도 진안군 진안읍 연장리 1622-201
전북특별자치도	진안군	하평마을 공동집하장	전북특별자치도 진안군 진안읍 연장리 932-1
전북특별자치도	진안군	외기마을 집하장	전북특별자치도 진안군 진안읍 외기길 101-13
전북특별자치도	진안군	운산리 공동집하장	전북특별자치도 진안군 진안읍 운산리 1161-2
전북특별자치도	진안군	활인동마을 집하장	전북특별자치도 진안군 진안읍 정곡리 110-5
전북특별자치도	진안군	개실마을 집하장	전북특별자치도 진안군 진안읍 정곡리 175-1
전북특별자치도	진안군	중평마을 집하장	전북특별자치도 진안군 진안읍 중평길 3
전북특별자치도	진안군	동향면 재활용 선별장	전북특별자치도 진안군 창촌길 40
제주특별자치도	서귀포시	효돈동 영농폐기물 공동집하장	제주특별자치도 서귀포시  월라봉로 34번길 37
제주특별자치도	서귀포시	용흥마을 공동집하장	제주특별자치도 서귀포시 강정동 3928-1
제주특별자치도	서귀포시	서호 공동집하장	제주특별자치도 서귀포시 고근산로12앞
제주특별자치도	서귀포시	고성리 공동집하장	제주특별자치도 서귀포시 고성리 2054-4
제주특별자치도	서귀포시	난산리 공동집하장	제주특별자치도 서귀포시 난산리 1149
제주특별자치도	서귀포시	남원읍2  집하장	제주특별자치도 서귀포시 남원읍 남원리 1216
제주특별자치도	서귀포시	남원읍1  집하장	제주특별자치도 서귀포시 남원읍 남원리 1550
제주특별자치도	서귀포시	남원읍3  집하장	제주특별자치도 서귀포시 남원읍 남원리 277
제주특별자치도	서귀포시	남원읍4  집하장	제주특별자치도 서귀포시 남원읍 남원리 978
제주특별자치도	서귀포시	남원읍15  집하장	제주특별자치도 서귀포시 남원읍 수망리 산84(수망리 684-2 옆)
제주특별자치도	서귀포시	남원읍13  집하장	제주특별자치도 서귀포시 남원읍 신례리 2187 (1414선)
제주특별자치도	서귀포시	남원읍16  집하장	제주특별자치도 서귀포시 남원읍 신례리 329-8
제주특별자치도	서귀포시	남원읍6  집하장	제주특별자치도 서귀포시 남원읍 신흥리 1434-2
제주특별자치도	서귀포시	남원읍11  집하장	제주특별자치도 서귀포시 남원읍 위미리 244-14
제주특별자치도	서귀포시	남원읍5  집하장	제주특별자치도 서귀포시 남원읍 태흥리 2008 (1305-1선)
제주특별자치도	서귀포시	남원읍12  집하장	제주특별자치도 서귀포시 남원읍 하례리 540-4
제주특별자치도	서귀포시	남원읍14  집하장	제주특별자치도 서귀포시 남원읍 한남리 1189-1
제주특별자치도	서귀포시	안덕면5  집하장	제주특별자치도 서귀포시 덕수리 2022
제주특별자치도	서귀포시	도순마을 공동집하장	제주특별자치도 서귀포시 도순동 235
제주특별자치도	서귀포시	안덕면10  집하장	제주특별자치도 서귀포시 동광리 1583-17(동광리 996-2 옆)
제주특별자치도	서귀포시	안덕면9  집하장	제주특별자치도 서귀포시 동광리 747
제주특별자치도	서귀포시	동일1리 공동집하장	제주특별자치도 서귀포시 동일리 1885(동일1리)
제주특별자치도	서귀포시	하모3리 공동집하장	제주특별자치도 서귀포시 동일리 2977(하모3리 인근)
제주특별자치도	서귀포시	동홍동2 집하장	제주특별자치도 서귀포시 동홍동 836
제주특별자치도	서귀포시	무릉1리 공동집하장	제주특별자치도 서귀포시 무릉리 2276-1(무릉1리)
제주특별자치도	서귀포시	인향동 공동집하장	제주특별자치도 서귀포시 무릉리 261(인향동)(무릉2리)
제주특별자치도	서귀포시	좌기동 공동집하장	제주특별자치도 서귀포시 무릉리 587-1(좌기동)(무릉2리)
제주특별자치도	서귀포시	법환 공동집하장	제주특별자치도 서귀포시 법환동640
제주특별자치도	서귀포시	송산동1 집하장	제주특별자치도 서귀포시 보목동853번지선
제주특별자치도	서귀포시	보성리 공동집하장	제주특별자치도 서귀포시 보성리 1484-3(보성리)
제주특별자치도	서귀포시	안덕면2  집하장	제주특별자치도 서귀포시 사계리 1246
제주특별자치도	서귀포시	안덕면3  집하장	제주특별자치도 서귀포시 사계리 1603
제주특별자치도	서귀포시	안덕면4  집하장	제주특별자치도 서귀포시 사계리 2185-1
제주특별자치도	서귀포시	삼달2리 공동집하장	제주특별자치도 서귀포시 삼달리 1-9(삼달하동로31번길 31)
제주특별자치도	서귀포시	삼달1리 공동집하장	제주특별자치도 서귀포시 삼달리 1152-1
제주특별자치도	서귀포시	상모2리(대동) 공동집하장	제주특별자치도 서귀포시 상모리 1234-6
제주특별자치도	서귀포시	상모1리 공동집하장	제주특별자치도 서귀포시 상모리 2438-1
제주특별자치도	서귀포시	상모2리(서상동) 공동집하장	제주특별자치도 서귀포시 상모리 3733-2
제주특별자치도	서귀포시	안덕면14  집하장	제주특별자치도 서귀포시 상창리 1575
제주특별자치도	서귀포시	안덕면11  집하장	제주특별자치도 서귀포시 상창리 387
제주특별자치도	서귀포시	안덕면8  집하장	제주특별자치도 서귀포시 서광리 128
제주특별자치도	서귀포시	안덕면7  집하장	제주특별자치도 서귀포시 서광리 1571
제주특별자치도	서귀포시	안덕면6  집하장	제주특별자치도 서귀포시 서광리 2471(서광리 2024 옆)
제주특별자치도	서귀포시	예래동 영농폐기물 공동집하장	제주특별자치도 서귀포시 서귀포시 상예동 2797
제주특별자치도	서귀포시	서홍동1 집하장	제주특별자치도 서귀포시 서홍동 2565(분토왓로 41인근)
제주특별자치도	서귀포시	천지동1 집하장	제주특별자치도 서귀포시 서홍동 2577(서홍동 903-3으로 찾으면 쉬움.)
제주특별자치도	서귀포시	수산2리 공동집하장	제주특별자치도 서귀포시 수산리 1992-1
제주특별자치도	서귀포시	신도2리 공동집하장	제주특별자치도 서귀포시 신도리 2936(신도2리)
제주특별자치도	서귀포시	신도1리 공동집하장	제주특별자치도 서귀포시 신도리 668-3(신도1리)
제주특별자치도	서귀포시	신산리 공동집하장	제주특별자치도 서귀포시 신산리 1087
제주특별자치도	서귀포시	신천리 공동집하장	제주특별자치도 서귀포시 신천리 437
제주특별자치도	서귀포시	신평리 공동집하장	제주특별자치도 서귀포시 신평리 1252(신평리)
제주특별자치도	서귀포시	신풍리 공동집하장	제주특별자치도 서귀포시 신풍리 1031
제주특별자치도	서귀포시	안성리 공동집하장	제주특별자치도 서귀포시 안성리 1696(안성리)
제주특별자치도	서귀포시	영락리 공동집하장	제주특별자치도 서귀포시 영락리 1339-1(영락리)
제주특별자치도	서귀포시	강정마을 공동집하장	제주특별자치도 서귀포시 월평동 3
제주특별자치도	서귀포시	일과1리 공동집하장	제주특별자치도 서귀포시 일과리 315(본동)(일과1리)
제주특별자치도	서귀포시	중문마을집하장	제주특별자치도 서귀포시 중문동 2774번지선(중문동 1148번지 인근)
제주특별자치도	서귀포시	안덕면12  집하장	제주특별자치도 서귀포시 창천리 141
제주특별자치도	서귀포시	영천동1집하장	제주특별자치도 서귀포시 토평동 32-1
제주특별자치도	서귀포시	영농폐기물집하장	제주특별자치도 서귀포시 표선면 세화리 1048-1
제주특별자치도	서귀포시	이름 미등록	제주특별자치도 서귀포시 표선면 세화리 2404-1
제주특별자치도	서귀포시	영농폐기물집하장	제주특별자치도 서귀포시 표선면 하천리 233
제주특별자치도	서귀포시	하모1리 공동집하장	제주특별자치도 서귀포시 하모리 52(하모1리)
제주특별자치도	서귀포시	하원마을집하장	제주특별자치도 서귀포시 하원동 1836-3번지선
제주특별자치도	제주시	고내집하장	제주특별자치도 제주시 고내동길 104부근
제주특별자치도	제주시	고산1집하장	제주특별자치도 제주시 고산리 1237
제주특별자치도	제주시	고산2집하장	제주특별자치도 제주시 고산리 1508
제주특별자치도	제주시	고성1집하장	제주특별자치도 제주시 고성1길 18-1 옆
제주특별자치도	제주시	곽지집하장	제주특별자치도 제주시 곽지리 905
제주특별자치도	제주시	광령1집하장	제주특별자치도 제주시 광령리 2402-1
제주특별자치도	제주시	광령2집하장	제주특별자치도 제주시 광령리 3181-1
제주특별자치도	제주시	구엄집하장	제주특별자치도 제주시 구엄리 328-1
제주특별자치도	제주시	귀덕3리집하장	제주특별자치도 제주시 귀덕리 2178-2 앞(귀덕리 2199-1 맞은편)
제주특별자치도	제주시	귀덕2리집하장	제주특별자치도 제주시 귀덕리 3486-1
제주특별자치도	제주시	금능리 집하장	제주특별자치도 제주시 금능리 2288
제주특별자치도	제주시	금등집하장	제주특별자치도 제주시 금등리 517-2
제주특별자치도	제주시	금성집하장	제주특별자치도 제주시 금성리 749
제주특별자치도	제주시	금악집하장	제주특별자치도 제주시 금악리
제주특별자치도	제주시	김녕집하장	제주특별자치도 제주시 김녕리 1793-3
제주특별자치도	제주시	낙천집하장	제주특별자치도 제주시 낙천리 1524-1
제주특별자치도	제주시	납읍집하장	제주특별자치도 제주시 납읍리 537-5
제주특별자치도	제주시	대림리집하장	제주특별자치도 제주시 대림리 863-2
제주특별자치도	제주시	대흘2리집하장	제주특별자치도 제주시 대흘리 산6-1(함와로 333)
제주특별자치도	제주시	삼양동집하장	제주특별자치도 제주시 도련이동 740번지
제주특별자치도	제주시	동명리집하장	제주특별자치도 제주시 동명리 439-1
제주특별자치도	제주시	동복집하장	제주특별자치도 제주시 동복리 352
제주특별자치도	제주시	한원집하장	제주특별자치도 제주시 두모리 1198
제주특별자치도	제주시	두모집하장	제주특별자치도 제주시 두모리 1697-1
제주특별자치도	제주시	두모집하장	제주특별자치도 제주시 두모리 2273-1
제주특별자치도	제주시	명월리집하장	제주특별자치도 제주시 명월리 409
제주특별자치도	제주시	봉개동집하장	제주특별자치도 제주시 봉개동 2334
제주특별자치도	제주시	봉성집하장	제주특별자치도 제주시 봉성리 1115-2
제주특별자치도	제주시	북촌집하장	제주특별자치도 제주시 북촌리 740-1(741번지 인근)
제주특별자치도	제주시	상가집하장	제주특별자치도 제주시 상가리 1201-5
제주특별자치도	제주시	상대리집하장	제주특별자치도 제주시 상대리 2722-3
제주특별자치도	제주시	상도집하장	제주특별자치도 제주시 상도리 1199-1
제주특별자치도	제주시	상도집하장	제주특별자치도 제주시 상도리 1259
제주특별자치도	제주시	상도집하장	제주특별자치도 제주시 상도리 703
제주특별자치도	제주시	상명리 집하장	제주특별자치도 제주시 상명리 1566
제주특별자치도	제주시	세화집하장	제주특별자치도 제주시 세화리 2027 옆(세화리 2028-3)
제주특별자치도	제주시	세화집하장	제주특별자치도 제주시 세화리 2283
제주특별자치도	제주시	세화집하장	제주특별자치도 제주시 세화리 2497-1 건너편
제주특별자치도	제주시	세화집하장	제주특별자치도 제주시 세화리 542 앞
제주특별자치도	제주시	소길집하장	제주특별자치도 제주시 소길리 594-5
제주특별자치도	제주시	송당집하장	제주특별자치도 제주시 송당리 1445-3 옆
제주특별자치도	제주시	송당집하장	제주특별자치도 제주시 송당리 1887-1 부근
제주특별자치도	제주시	수산집하장	제주특별자치도 제주시 수산리 1675부근
제주특별자치도	제주시	수원리집하장	제주특별자치도 제주시 수원리 276-6
제주특별자치도	제주시	신엄집하장	제주특별자치도 제주시 신엄리 1131 맞은편-> 신엄리 1128-1 인근
제주특별자치도	제주시	용흥집하장	제주특별자치도 제주시 신엄리 3208(신엄리 2071-1앞)
제주특별자치도	제주시	신창집하장	제주특별자치도 제주시 신창리 832
제주특별자치도	제주시	애월집하장	제주특별자치도 제주시 애월리 1595-3
제주특별자치도	제주시	어음2집하장	제주특별자치도 제주시 어음리 2988-2
제주특별자치도	제주시	어음1집하장	제주특별자치도 제주시 어음리 3902
제주특별자치도	제주시	용당집하장	제주특별자치도 제주시 용수리 1628
제주특별자치도	제주시	용수집하장	제주특별자치도 제주시 용수리 2328
제주특별자치도	제주시	유수암집하장	제주특별자치도 제주시 유수암리 1645
제주특별자치도	제주시	장전집하장	제주특별자치도 제주시 장전리 631-1
제주특별자치도	제주시	저지집하장	제주특별자치도 제주시 저지리 산47
제주특별자치도	제주시	조수1 집하장	제주특별자치도 제주시 조수리 1781-1
제주특별자치도	제주시	조수2 집하장	제주특별자치도 제주시 조수리 4035
제주특별자치도	제주시	조천리집하장	제주특별자치도 제주시 조천리 1509-6
제주특별자치도	제주시	종달집하장	제주특별자치도 제주시 종달리 1658-1 건너편
제주특별자치도	제주시	종달집하장	제주특별자치도 제주시 종달리 3274
제주특별자치도	제주시	종달집하장	제주특별자치도 제주시 종달리 513 건너편
제주특별자치도	제주시	청수집하장	제주특별자치도 제주시 청수리 1385
제주특별자치도	제주시	산양 집하장	제주특별자치도 제주시 청수리 2535
제주특별자치도	제주시	산양 집하장	제주특별자치도 제주시 청수리 2719-6
제주특별자치도	제주시	판포집하장	제주특별자치도 제주시 판포리 877 앞
제주특별자치도	제주시	평대집하장	제주특별자치도 제주시 평대리 2529 앞
제주특별자치도	제주시	하귀1리집하장	제주특별자치도 제주시 하귀1리 678-1
제주특별자치도	제주시	하귀2리집하장	제주특별자치도 제주시 하귀2리 2122-6
제주특별자치도	제주시	하도집하장	제주특별자치도 제주시 하도리 1202 근처
제주특별자치도	제주시	하도집하장	제주특별자치도 제주시 하도리 2697
제주특별자치도	제주시	한동집하장	제주특별자치도 제주시 한동리 2296
제주특별자치도	제주시	한동집하장	제주특별자치도 제주시 한동리 2747-1
제주특별자치도	제주시	한동집하장	제주특별자치도 제주시 한동리 319-3
제주특별자치도	제주시	한동집하장	제주특별자치도 제주시 한동리 3655-11
제주특별자치도	제주시	한림3리집하장	제주특별자치도 제주시 한림리 250
제주특별자치도	제주시	한림2리집하장	제주특별자치도 제주시 한림리 539
제주특별자치도	제주시	행원집하장	제주특별자치도 제주시 행원리 1856 건너편
제주특별자치도	제주시	행원집하장	제주특별자치도 제주시 행원리 397-2
충청남도	공주시	송곡리집하장	충청남도 공주시 반포면 송곡리 466-7
충청남도	공주시	내문리집하장	충청남도 공주시 신관동 517-21
충청남도	공주시	화흥리집하장	충청남도 공주시 신풍면 선학리 219
충청남도	공주시	입동리집하장	충청남도 공주시 신풍면 입동리 334-8
충청남도	공주시	구암1리집하장	충청남도 공주시 신풍면 청흥리 562-19
충청남도	공주시	구암2리집하장	충청남도 공주시 신풍면 화흥리 28
충청남도	공주시	옥성리집하장	충청남도 공주시 우성면 옥성리 544
충청남도	공주시	백교2리집하장	충청남도 공주시 우성면 한천리 145-5
충청남도	공주시	탑곡리집하장	충청남도 공주시 우성면 한천리 15
충청남도	공주시	구계리집하장	충청남도 공주시 유구읍 구계리 225
충청남도	공주시	동해리집하장	충청남도 공주시 유구읍 동해리 307-4
충청남도	공주시	문금리집하장	충청남도 공주시 유구읍 문금리 157-6
충청남도	공주시	문금리집하장	충청남도 공주시 유구읍 문금리 663-1
충청남도	공주시	가산리집하장	충청남도 공주시 유구읍 석남리 440-40
충청남도	공주시	입석리집하장	충청남도 공주시 유구읍 입석리 374-1
충청남도	공주시	도신리집하장	충청남도 공주시 유구읍 탑곡리 88-1
충청남도	공주시	대학1리집하장	충청남도 공주시 의당면 가산리 산1
충청남도	공주시	선학리집하장	충청남도 공주시 의당면 도신리 100-1
충청남도	공주시	오인리집하장	충청남도 공주시 의당면 오인리 349
충청남도	공주시	유계리집하장	충청남도 공주시 의당면 유계리 336-1
충청남도	공주시	유계리집하장	충청남도 공주시 의당면 유계리 463-3
충청남도	공주시	중흥리집하장	충청남도 공주시 의당면 중흥리 산67-4
충청남도	공주시	운암리집하장	충청남도 공주시 이인면 구암1리 225-5
충청남도	공주시	한천리집하장	충청남도 공주시 이인면 구암2리 109
충청남도	공주시	한천리집하장	충청남도 공주시 이인면 운암리 435
충청남도	공주시	초봉리집하장	충청남도 공주시 이인면 초봉리 78-1
충청남도	공주시	쌍신통집하장	충청남도 공주시 정안면 내문리 185-10
충청남도	공주시	청흥리집하장	충청남도 공주시 탄천면 대학리 664
충청남도	금산군	외부리 마을집하장	충청남도 금산군 군북면 외부리 444-1
충청남도	금산군	조정리 공동집하장	충청남도 금산군 군북면 조정리 341
충청남도	금산군	계진리 공동집하장	충청남도 금산군 금산읍 계진리 129-1
충청남도	금산군	음지리 공동집하장	충청남도 금산군 금산읍 음지리 226-1
충청남도	금산군	마수리 마을집하장	충청남도 금산군 금성면 마수리 204-3
충청남도	금산군	남이면 구석리 집하장	충청남도 금산군 남이면 구석리 445-1
충청남도	금산군	십이폭포 공동집하장	충청남도 금산군 남이면 구석리 6-1
충청남도	금산군	역평리 마을집하장	충청남도 금산군 남이면 역평리 12-1
충청남도	금산군	흑암리 마을집하장	충청남도 금산군 남이면 흑암리 604-2
충청남도	금산군	흑암리 공동집하장	충청남도 금산군 남이면 흑암리365-1
충청남도	금산군	마장리 마을집하장	충청남도 금산군 남일면 마장리 1214
충청남도	금산군	마장3리 마을집하장	충청남도 금산군 남일면 마장리 954-1
충청남도	금산군	마장1리 마을집하장	충청남도 금산군 남일면 마장리 산 116
충청남도	금산군	신동1리 마을집하장	충청남도 금산군 남일면 신동리 120
충청남도	금산군	신정리 마을집하장	충청남도 금산군 남일면 신정리 888
충청남도	금산군	목소리 마을집하장	충청남도 금산군 복수면 목소리 359
충청남도	금산군	불이리 마을집하장	충청남도 금산군 부리면 불이리 1691-2
충청남도	금산군	수통리2리 공동집하장	충청남도 금산군 부리면 수통리169
충청남도	금산군	수통리1리 공동집하장	충청남도 금산군 부리면 수통리700-57
충청남도	금산군	평촌리 마을집하장	충청남도 금산군 부리면 평촌리 419-2
충청남도	금산군	평촌1리 마을집하장	충청남도 금산군 부리면 평촌리 548-8
충청남도	금산군	부리면 현내리집하장	충청남도 금산군 부리면 현내리239-1
충청남도	금산군	금성리 마을집하장	충청남도 금산군 제원면 금성리 산42
충청남도	금산군	제원면 길곡리 집하장	충청남도 금산군 제원면 길곡리712
충청남도	금산군	동곡리 마을집하장	충청남도 금산군 제원면 동곡리 184-5
충청남도	금산군	제원면 명곡리 집하장	충청남도 금산군 제원면 명곡리862
충청남도	금산군	수당리 마을집하장	충청남도 금산군 제원면 수당리 454-1
충청남도	금산군	신안리 공동집하장	충청남도 금산군 제원면 신안리 189-2
충청남도	금산군	용화리 마을집하장	충청남도 금산군 제원면 용화리 314-1
충청남도	금산군	용화리 공동집하장	충청남도 금산군 제원면 용화리 588-1
충청남도	금산군	저곡리 마을집하장	충청남도 금산군 제원면 저곡리 58-1
충청남도	금산군	제원면 천내리 집하장	충청남도 금산군 제원면 천내리 158-8
충청남도	금산군	천내리 마을집하장	충청남도 금산군 제원면 천내리445-1
충청남도	금산군	막현리 마을집하장	충청남도 금산군 진산면 막현리 46-2
충청남도	금산군	만악3리 공동집하장	충청남도 금산군 진산면 만악리 675-1
충청남도	금산군	진산면 만악리 집하장	충청남도 금산군 진산면 만악리 899
충청남도	금산군	묵산리 마을집하장	충청남도 금산군 진산면 묵산리 45-3
충청남도	금산군	부암리 공동집하장	충청남도 금산군 진산면 부암리 342-2
충청남도	금산군	삼가리 공동집하장	충청남도 금산군 진산면 삼가리 137-1
충청남도	금산군	지방3리 마을집하장	충청남도 금산군 진산면 지방리 156-4
충청남도	금산군	지방1리 공동집하장	충청남도 금산군 진산면 지방리 668-1
충청남도	금산군	지방2리 공동집하장	충청남도 금산군 진산면 지방리 671
충청남도	금산군	행정리 마을집하장	충청남도 금산군 진산면 행정리 148-1
충청남도	금산군	서대리 마을집하장	충청남도 금산군 추부면 서대리 717-10
충청남도	금산군	성당리 공동집하장	충청남도 금산군 추부면 성당리 655-21
충청남도	논산시	병암리 집하장	충청남도 논산시 가야곡면 덕은로 636번길 41
충청남도	논산시	호암리 집하장	충청남도 논산시 노성면 호암리469
충청남도	논산시	아호리 집하장	충청남도 논산시 부적면 아호리 688-1
충청남도	논산시	지경리 집하장	충청남도 논산시 상월면 지경리302-2
충청남도	논산시	병촌리 집하장	충청남도 논산시 성동면 병촌리276
충청남도	논산시	고내리 집하장	충청남도 논산시 연무읍 고내리 1020-13
충청남도	논산시	황화정리 집하장	충청남도 논산시 연무읍 구합선길 12-15
충청남도	논산시	신화리 집하장	충청남도 논산시 연무읍 동안로576번길 63
충청남도	논산시	봉동리 집하장	충청남도 논산시 연무읍 마봉로576번길 43
충청남도	논산시	마전리 집하장	충청남도 논산시 연무읍 마전리643
충청남도	논산시	고내3리 집하장	충청남도 논산시 연무읍 황화로 141-3
충청남도	논산시	황화정리 집하장II	충청남도 논산시 연무읍 황화정리319-2
충청남도	논산시	송산리 집하장	충청남도 논산시 연산면 송산리 172-5
충청남도	논산시	오산리 집하장	충청남도 논산시 연산면 오산리 111
충청남도	논산시	화악리 집하장	충청남도 논산시 연산면 화악길 92
충청남도	당진시	성산3리 공동집하장	충청남도 당진시 고대면 성산리 1331
충청남도	당진시	장항1리 공동집하장	충청남도 당진시 고대면 성산리 99
충청남도	당진시	옥현리 공동집하장	충청남도 당진시 고대면 옥현리 147-2
충청남도	당진시	용두1리 공동집하장	충청남도 당진시 고대면 용두리 725-1
충청남도	당진시	진관1리 공동집하장	충청남도 당진시 고대면 진관리 181-4
충청남도	당진시	진관2리 공동집하장	충청남도 당진시 고대면 진관리 881-9
충청남도	당진시	항곡리 공동집하장	충청남도 당진시 고대면 항곡3길 4
충청남도	당진시	대덕동 공동집하장	충청남도 당진시 대덕동 1367
충청남도	당진시	도이1리 공동집하장	충청남도 당진시 대호지면 도이리 213
충청남도	당진시	마중리 공동집하장	충청남도 당진시 대호지면 마중리 140-4
충청남도	당진시	사성1리 공동집하장	충청남도 당진시 대호지면 사성리 383-1
충청남도	당진시	사성리 공동집하장	충청남도 당진시 대호지면 사성리 96-7
충청남도	당진시	장정리 공동집하장	충청남도 당진시 대호지면 장정리 206-1
충청남도	당진시	조금리 공동집하장	충청남도 당진시 대호지면 조금리 129-2
충청남도	당진시	출포리 공동집하장	충청남도 당진시 대호지면 출포리 380-6
충청남도	당진시	삼웅2리 공동집하장	충청남도 당진시 면천면 삼웅2로 198
충청남도	당진시	죽동2리 공동집하장	충청남도 당진시 면천면 죽동리 49-2
충청남도	당진시	죽동1리 공동집하장	충청남도 당진시 면천면 죽동리 777 (죽동1리 마을회관 인근)
충청남도	당진시	사기소2통 공동집하장	충청남도 당진시 사기소동 462-5
충청남도	당진시	교로리 공동집하장	충청남도 당진시 석문면 교로리 696
충청남도	당진시	통정1리 공동집하장	충청남도 당진시 석문면 보덕포로 1017-3
충청남도	당진시	삼화1리 공동집하장	충청남도 당진시 석문면 삼화리 1284-3
충청남도	당진시	가곡1리 공동집하장	충청남도 당진시 송산면 가곡리 217-7
충청남도	당진시	칠절리 공동집하장	충청남도 당진시 송산면 금암리 674
충청남도	당진시	금암1리 공동집하장	충청남도 당진시 송산면 금암리 산35-14
충청남도	당진시	당산1리공동집하장	충청남도 당진시 송산면 당산1리 241-1
충청남도	당진시	매곡리 공동집하장	충청남도 당진시 송산면 매곡리 297-1
충청남도	당진시	부곡리공동집하장	충청남도 당진시 송산면 부곡리552
충청남도	당진시	삼월리 공동집하장	충청남도 당진시 송산면 삼월리 87-12
충청남도	당진시	상거리 공동집하장	충청남도 당진시 송산면 상거리 141-1
충청남도	당진시	송석리 공동집하장	충청남도 당진시 송산면 송석리 18-4
충청남도	당진시	서정1리 공동집하장	충청남도 당진시 송산면 유곡리 212-17
충청남도	당진시	유곡리 공동집하장	충청남도 당진시 송산면 유곡리 382-5
충청남도	당진시	가교2리 공동집하장	충청남도 당진시 송악읍 가교리 694
충청남도	당진시	부곡리 공동집하장	충청남도 당진시 송악읍 부곡리 441-1
충청남도	당진시	광천리 공동집하장	충청남도 당진시 순성면 광천리 558-7
충청남도	당진시	성북2리 공동집하장	충청남도 당진시 순성면 성북리 147
충청남도	당진시	도성1리 공동집하장	충청남도 당진시 신평면 도성리 35-4
충청남도	당진시	매산1리 공동집하장	충청남도 당진시 신평면 매산리 254-17
충청남도	당진시	신송리 공동집하장	충청남도 당진시 신평면 신송리 356-4
충청남도	당진시	신흥2리 공동집하장	충청남도 당진시 신평면 신흥리 689
충청남도	당진시	초대리 공동집하장	충청남도 당진시 신평면 초대리 883-1
충청남도	당진시	우두1통 공동집하장	충청남도 당진시 우두동 360-3
충청남도	당진시	덕삼리 공동집하장	충청남도 당진시 정미면 덕삼리 365-21
충청남도	당진시	도산리 공동집하장	충청남도 당진시 정미면 도산리 329-2
충청남도	당진시	정미면매방리공동집하장	충청남도 당진시 정미면 매방리 산63
충청남도	당진시	모평리 공동집하장	충청남도 당진시 정미면 모평리 536-1, 536
충청남도	당진시	봉성리 공동집하장	충청남도 당진시 정미면 봉성리 544
충청남도	당진시	사관리 공동집하장	충청남도 당진시 정미면 사관리 70-1
충청남도	당진시	봉생리 공동집하장	충청남도 당진시 정미면 산동로 454, 478-5
충청남도	당진시	산성리 공동집하장	충청남도 당진시 정미면 산성리 279, 279-3
충청남도	당진시	승산리 공동집하장	충청남도 당진시 정미면 승산리 320
충청남도	당진시	천의1리 공동집하장	충청남도 당진시 정미면 천의리 248-31
충청남도	당진시	하성리 공동집하장	충청남도 당진시 정미면 하성리 201 200-1, 201-1
충청남도	당진시	덕곡리 공동집하장	충청남도 당진시 합덕읍 대합덕리 74-14, 75
충청남도	당진시	재오지리 공동집하장	충청남도 당진시 합덕읍 석우리 733-11
충청남도	당진시	성동리 공동집하장	충청남도 당진시 합덕읍 성동로 91(성동리 248)
충청남도	당진시	합덕리 공동집하장	충청남도 당진시 합덕읍 합덕리 243-10
충청남도	보령시	달산1리 공동집하장	충청남도 보령시 남포면 달산리 218
충청남도	보령시	봉덕2리 집하장	충청남도 보령시 남포면 봉덕리 617
충청남도	보령시	양항2리 공동집하장	충청남도 보령시 남포면 양항리 755
충청남도	보령시	창동1리 공동집하장	충청남도 보령시 남포면 옥동리 산40
충청남도	보령시	남심리집하장	충청남도 보령시 미산면 남심리 33-5
충청남도	보령시	내평리집하장	충청남도 보령시 미산면 내평리 368-2
충청남도	보령시	도화담리집하장	충청남도 보령시 미산면 도화담리 282-1
충청남도	보령시	도화담1리집하장	충청남도 보령시 미산면 도화담리 61
충청남도	보령시	도흥리집하장	충청남도 보령시 미산면 도흥리 491
충청남도	보령시	옥현1리집하장	충청남도 보령시 미산면 옥현리 521-1
충청남도	보령시	은현리집하장	충청남도 보령시 미산면 은현리 593-2
충청남도	보령시	풍계리집하장	충청남도 보령시 미산면 풍계리 359
충청남도	보령시	풍산리집하장	충청남도 보령시 미산면 풍산리 188
충청남도	보령시	풍산리집하장	충청남도 보령시 미산면 풍산리 188
충청남도	보령시	영보2리 공동집하장	충청남도 보령시 오천면 영보리 663-3
충청남도	보령시	오포1리 공동집하장	충청남도 보령시 오천면 오포리 158-1
충청남도	보령시	대창4리집하장	충청남도 보령시 웅천읍 대창리 250-1
충청남도	보령시	독산2리집하장	충청남도 보령시 웅천읍 독산리 811
충청남도	보령시	독산1리집하장	충청남도 보령시 웅천읍 독산리 82-2
충청남도	보령시	성동2리집하장	충청남도 보령시 웅천읍 성동리 1222
충청남도	보령시	성동3리집하장	충청남도 보령시 웅천읍 성동리 583-1
충청남도	보령시	수부1리집하장	충청남도 보령시 웅천읍 수부리 878-2
충청남도	보령시	평2리집하장	충청남도 보령시 웅천읍 평리 182
충청남도	보령시	평1리집하장	충청남도 보령시 웅천읍 평리큰길 74
충청남도	보령시	송학1리집하장	충청남도 보령시 주교면 송학리 483-2
충청남도	보령시	송학3리집하장	충청남도 보령시 주교면 송학리 781-1
충청남도	보령시	신대1리집하장	충청남도 보령시 주교면 신대리 1267-1
충청남도	보령시	신대2리집하장	충청남도 보령시 주교면 신대리 772-1
충청남도	보령시	신대리집하장	충청남도 보령시 주교면 신대리 967-3
충청남도	보령시	은포1리집하장	충청남도 보령시 주교면 은포리 1587
충청남도	보령시	은포4리집하장	충청남도 보령시 주교면 은포리 1611
충청남도	보령시	은포리집하장	충청남도 보령시 주교면 은포리 55-1
충청남도	보령시	주교3리 공동집하장	충청남도 보령시 주교면 주교리 1332
충청남도	보령시	금암3리집하장	충청남도 보령시 주산면 금암리 440-1
충청남도	보령시	증산1리집하장	충청남도 보령시 주산면 증산리 105-5
충청남도	보령시	증산3리 공동집하장	충청남도 보령시 주산면 증산리 322
충청남도	보령시	연지리집하장	충청남도 보령시 주포면 연지리 632
충청남도	보령시	낙동4리집하장	충청남도 보령시 천북면 낙동리 1587
충청남도	보령시	낙동2리집하장	충청남도 보령시 천북면 낙동리 251-3
충청남도	보령시	사호1리집하장	충청남도 보령시 천북면 사호리 289
충청남도	보령시	신죽리집하장	충청남도 보령시 천북면 신죽리 712-1
충청남도	보령시	신죽1리집하장	충청남도 보령시 천북면 신죽리 712-1
충청남도	보령시	신죽1리집하장	충청남도 보령시 천북면 신죽리 723-2
충청남도	보령시	나원1리집하장	충청남도 보령시 청라면 나원리 900-1
충청남도	부여군	논티2리집하장	충청남도 부여군 구룡면 논티리 207-1
충청남도	부여군	태양2리집하장	충청남도 부여군 구룡면 태양리 117
충청남도	부여군	신리집하장	충청남도 부여군 규암면 신리 532-1
충청남도	부여군	회동1리 집하장	충청남도 부여군 남면 회동리 12
충청남도	부여군	운치3리집하장	충청남도 부여군 내산면 운치리 239-1
충청남도	부여군	천보1리집하장	충청남도 부여군 내산면 천보리 360
충청남도	부여군	보리집하장	충청남도 부여군 내산면 천보리 430-1
충청남도	부여군	신정리집하장	충청남도 부여군 부여읍 신정리 433-3
충청남도	부여군	비당3리집하장	충청남도 부여군 석성면 비당로 345
충청남도	부여군	비당2리 집하장	충청남도 부여군 석성면 비당리 825-1
충청남도	부여군	청포4리집하장	충청남도 부여군 세도면 망개남로 38
충청남도	부여군	내성1리집하장	충청남도 부여군 양화면 내성리240
충청남도	부여군	벽용2리집하장	충청남도 부여군 양화면 벽용리 782-3
충청남도	부여군	상촌1리집하장	충청남도 부여군 양화면 상촌리 67
충청남도	부여군	시음1리집하장	충청남도 부여군 양화면 시음리 646-1
충청남도	부여군	상기2리집하장	충청남도 부여군 옥산면 상기리 471
충청남도	부여군	학산리집하장	충청남도 부여군 옥산면 학산리 187-1
충청남도	부여군	삼산리집하장	충청남도 부여군 외산면 삼산리 62-1
충청남도	부여군	전장3리집하장	충청남도 부여군 외산면 전장리 산 1-1
충청남도	부여군	지선리집하장	충청남도 부여군 외산면 지선리 165
충청남도	부여군	화성2리 집하장	충청남도 부여군 외산면 화성리 166-5
충청남도	부여군	가중리집하장	충청남도 부여군 은산면 가중리 224-1
충청남도	부여군	가중2리집하장	충청남도 부여군 은산면 가중리 295-5
충청남도	부여군	경둔1리집하장	충청남도 부여군 은산면 경둔리 383-1
충청남도	부여군	오번1리집하장	충청남도 부여군 은산면 오번리 609-1
충청남도	부여군	옥곡리 집하장	충청남도 부여군 임천면 옥곡리 197
충청남도	부여군	칠산1리집하장	충청남도 부여군 임천면 칠산리 129-1
충청남도	부여군	북고리집하장	충청남도 부여군 장암면 북고리 692
충청남도	부여군	장하1리 집하장	충청남도 부여군 장암면 장하리 416-6
충청남도	부여군	정암리집하장	충청남도 부여군 장암면 정암리 663-1
충청남도	부여군	만지1리집하장	충청남도 부여군 충화면 만지리 525-1
충청남도	부여군	만지4리 집하장	충청남도 부여군 충화면 만지리 산48-3
충청남도	부여군	좌홍2리집하장	충청남도 부여군 홍산면 좌홍리 1012-1
충청남도	부여군	홍양2리집하장	충청남도 부여군 홍산면 홍양리 16-5
충청남도	서산시	가구1리 공동집하장	충청남도 서산시 고북면 가구리 699외 1필지
충청남도	서산시	초록2리 공동집하장	충청남도 서산시 고북면 초록리 163-3
충청남도	서산시	대로1리 공동집하장	충청남도 서산시 대산읍 대로리 산 179, 180
충청남도	서산시	성연면	충청남도 서산시 대산읍 운산리길 1432
충청남도	서산시	대봉정 공동집하장	충청남도 서산시 부석면 대두리 283-4
충청남도	서산시	지산3리 공동집하장	충청남도 서산시 부석면 지산리 150-37, 150-43
충청남도	서산시	지산리 공동집하장	충청남도 서산시 부석면 지산리 606-2
충청남도	서산시	평1리 공동집하장	충청남도 서산시 성연면 마루들길 21-6
충청남도	서산시	명천2리 공동집하장	충청남도 서산시 성연면 명천리876-3
충청남도	서산시	거성1리 공동집하장	충청남도 서산시 운산면 거성리 73
충청남도	서산시	고산리 곰실 공동집하장	충청남도 서산시 운산면 고산리 196-1
충청남도	서산시	고산리 말산 공동집하장	충청남도 서산시 운산면 고산리 411-2
충청남도	서산시	고풍리 공동집하장	충청남도 서산시 운산면 고풍리 산 94-20
충청남도	서산시	수평리 공동집하장	충청남도 서산시 운산면 수평리 241-4
충청남도	서산시	와우1리 공동집하장	충청남도 서산시 운산면 와우리 559-3
충청남도	서산시	팔중리 공동집하장	충청남도 서산시 운산면 팔중리 104-11
충청남도	서산시	도당1리 공동집하장	충청남도 서산시 음암면 도당리 1050-8
충청남도	서산시	문양1리 공동집하장	충청남도 서산시 음암면 문양리 537-1
충청남도	서산시	신장1리 공동집하장	충청남도 서산시 음암면 신장리 390
충청남도	서산시	신장1리 공동집하장	충청남도 서산시 음암면 신장리 779,821
충청남도	서산시	신장2리 공동집하장	충청남도 서산시 음암면 신장리 산103-2
충청남도	서산시	잠홍동 공동집하장	충청남도 서산시 잠홍동 산 12-1
충청남도	서산시	환성3리 공동집하장	충청남도 서산시 지곡면 환성3길 134-17
충청남도	서산시	환성2리 공동집하장	충청남도 서산시 지곡면 환성리 280-2
충청남도	서산시	금학2리 공동집하장	충청남도 서산시 팔봉면 금학리 1367
충청남도	서산시	금학3리 공동집하장	충청남도 서산시 팔봉면 금학리 372
충청남도	서산시	대황2리 공동집하장	충청남도 서산시 팔봉면 대황리 산9-1
충청남도	서산시	덕송2리 공동집하장	충청남도 서산시 팔봉면 덕송리 1024-13
충청남도	서산시	어송1리 공동집하장  (팔봉면 게이트볼장)	충청남도 서산시 팔봉면 어송리 1666
충청남도	서산시	어송1리 공동집하장  (솔감저수지)	충청남도 서산시 팔봉면 어송리 1670-3
충청남도	서산시	어송2리 공동집하장	충청남도 서산시 팔봉면 어송리 259-3
충청남도	서산시	진장3리 공동집하장	충청남도 서산시 팔봉면 진장리 200-6
충청남도	서산시	진장리 공동집하장	충청남도 서산시 팔봉면 진장리 565
충청남도	서산시	호2리 공동집하장	충청남도 서산시 팔봉면 호리 350-3
충청남도	서산시	흑석1리 공동집하장	충청남도 서산시 팔봉면 흑석리 185-1
충청남도	서산시	흑석2리 공동집하장	충청남도 서산시 팔봉면 흑석리 770
충청남도	서산시	억대리 공동집하장	충청남도 서산시 해미면 억대리 190-2
충청남도	서산시	오학리 공동집하장	충청남도 서산시 해미면 오학리 50-4
충청남도	서산시	응평리 공동집하장	충청남도 서산시 해미면 응평리 101-1
충청남도	서산시	전천리 공동집하장	충청남도 서산시 해미면 전천리 187-2
충청남도	서산시	홍천1리 공동집하장	충청남도 서산시 해미면 홍천리 902-34
충청남도	서천군	송림리공동집하장	충청남도 서천군 마산면 송림리 162-3
충청남도	서천군	신장리공동집하장	충청남도 서천군 마산면 신장리 323-4
충청남도	서천군	옥북리공동집하장	충청남도 서천군 마서면 옥북리 197-8
충청남도	서천군	신농리공동집하장	충청남도 서천군 문산면 신농리 367-4
충청남도	서천군	성산리공동집하장	충청남도 서천군 비인면 성산리 472-1
충청남도	서천군	율리공동집하장	충청남도 서천군 비인면 율리 285-4
충청남도	서천군	칠지리공동집하장	충청남도 서천군 비인면 칠지리 520-11
충청남도	서천군	신합리공동집하장	충청남도 서천군 서면 신합리 123-2
충청남도	서천군	주항리공동집하장	충청남도 서천군 서면 주항리 22-2
충청남도	서천군	군사리공동집하장	충청남도 서천군 서천읍 군사리 819-7
충청남도	서천군	봉선리공동집하장	충청남도 서천군 시초면 봉선리 716-2
충청남도	서천군	옥남리공동집하장	충청남도 서천군 장항읍 옥남리 368
충청남도	서천군	신검 제2 공동집하장	충청남도 서천군 종천면 신검리 170-3
충청남도	서천군	신검 제1 공동집하장	충청남도 서천군 종천면 신검리 170-3
충청남도	서천군	판교리공동집하장	충청남도 서천군 판교면 판교리 157-9
충청남도	서천군	동지리공동집하장	충청남도 서천군 한산면 동지리 354
충청남도	서천군	용산리공동집하장	충청남도 서천군 한산면 용산리 297
충청남도	서천군	죽촌리공동집하장	충청남도 서천군 한산면 죽촌리 75-3
충청남도	서천군	기복리공동집하장	충청남도 서천군 화양면 기복리 301-1
충청남도	서천군	대등리공동집하장	충청남도 서천군 화양면 대등리 308-1
충청남도	아산시	강장리 집하장	충청남도 아산시 송악면 강장리 443-2
충청남도	아산시	신창면 집하장	충청남도 아산시 신창면 읍내리 517
충청남도	아산시	산양리 집하장	충청남도 아산시 염치읍 산양리 148-6
충청남도	아산시	서원리 집하장	충청남도 아산시 염치읍 서원리 28-10
충청남도	아산시	영인면 집하장	충청남도 아산시 영인면 아산리 351-4
충청남도	아산시	온양5동 집하장	충청남도 아산시 용화동 164-21(용화9통)
충청남도	아산시	삼거리 집하장	충청남도 아산시 음봉면 삼거리 47
충청남도	아산시	신휴리 집하장	충청남도 아산시 음봉면 신휴리 660
충청남도	아산시	밀두리 집하장	충청남도 아산시 인주면 밀두리 407
충청남도	아산시	온양6동 집하장	충청남도 아산시 장존동 69
충청남도	예산군	광시면 장전리 농촌폐기물적환장	충청남도 예산군 광시면 장전리
충청남도	예산군	산정리공동집하장	충청남도 예산군 대술면 산정리
충청남도	예산군	이티리 집하장	충청남도 예산군 대술면 이티1리
충청남도	예산군	금곡리집하장	충청남도 예산군 대흥면 금곡리 527
충청남도	예산군	옥전리 공동집하장	충청남도 예산군 봉산면 옥전리 164-1
충청남도	예산군	용동2리 영농집하장	충청남도 예산군 삽교읍 용동리 388-1
충청남도	예산군	두곡1리 공동집하장	충청남도 예산군 신암면 두곡리 200-8
충청남도	예산군	대덕1리 공동집하장	충청남도 예산군 신양면 대덕리 933
충청남도	예산군	무봉리 집하장	충청남도 예산군 신양면 무봉리 209
충청남도	예산군	시왕2리 집하장	충청남도 예산군 신양면 시왕리 450
충청남도	예산군	시왕2리 집하장	충청남도 예산군 신양면 시왕리 450
충청남도	예산군	시왕1리 집하장	충청남도 예산군 신양면 시왕리 450
충청남도	예산군	신양2리 집하장	충청남도 예산군 신양면 신양리 813
충청남도	예산군	죽천2리 공동집하장	충청남도 예산군 신양면 죽천리 580-6
충청남도	예산군	차동리 공동집하장	충청남도 예산군 신양면 차동리 308
충청남도	예산군	차동리 집하장	충청남도 예산군 신양면 차동리 749
충청남도	예산군	하천리 공동집하장	충청남도 예산군 신양면 하천리 675-54
충청남도	예산군	황계리 공동집하장	충청남도 예산군 신양면 황계리 191-4
충청남도	예산군	간양1리집하장	충청남도 예산군 예산읍 간양리 252-9
충청남도	예산군	간양2리집하장	충청남도 예산군 예산읍 간양리 608-129
충청남도	예산군	궁평리집하장	충청남도 예산군 예산읍 궁평리 203-1
충청남도	예산군	수철리집하장	충청남도 예산군 예산읍 수철리 64
충청남도	예산군	입침3리 공동집하장	충청남도 예산군 응봉면 입침리 350-1
충청남도	예산군	응봉면영농폐기물	충청남도 예산군 응봉면 평촌리 산26-3
충청남도	천안시	동산집하장	충청남도 천안시 동남구 동면 동산리 산47-1
충청남도	천안시	송연집하장	충청남도 천안시 동남구 동면 송연리 43-1
충청남도	천안시	장송집하장	충청남도 천안시 동남구 동면 송연리 43-1
충청남도	천안시	수남집하장	충청남도 천안시 동남구 동면 수남리 753-4
충청남도	천안시	죽계리 집하장	충청남도 천안시 동남구 동면 죽계리 394-6
충청남도	천안시	도장2리집하장	충청남도 천안시 동남구 목천읍 도장리 332-4
충청남도	천안시	소사집하장	충청남도 천안시 동남구 목천읍 소사리 131-4
충청남도	천안시	송전리 집하장	충청남도 천안시 동남구 목천읍 송전리 383
충청남도	천안시	병천집하장	충청남도 천안시 동남구 병천면 병천리 751-104
충청남도	천안시	탑원집하장	충청남도 천안시 동남구 병천면 탑원리 402
충청남도	천안시	대평집하장	충청남도 천안시 동남구 북면 대평리 194
충청남도	천안시	도원집하장	충청남도 천안시 동남구 북면 도원리 586-1
충청남도	천안시	매송리 집하장	충청남도 천안시 동남구 북면 매송리 875
충청남도	천안시	오곡2집하장	충청남도 천안시 동남구 북면 오곡리 429-4
충청남도	천안시	전곡집하장	충청남도 천안시 동남구 북면 전곡리 85-1
충청남도	천안시	성남 봉양리 집하장	충청남도 천안시 동남구 성남면 봉양리 625
충청남도	천안시	신사집하장	충청남도 천안시 동남구 성남면 신사리 564-15
충청남도	천안시	성남 화성리 집하장	충청남도 천안시 동남구 성남면 화성리 286
충청남도	천안시	속창집하장	충청남도 천안시 동남구 수신면 속창리 72-3
충청남도	천안시	장산집하장	충청남도 천안시 동남구 수신면 장산리 70-2
충청남도	천안시	가송집하장	충청남도 천안시 동남구 풍세면 가송리 142
충청남도	천안시	용정리 집하장	충청남도 천안시 동남구 풍세면 용정리 645-2
충청남도	천안시	행암리 공동집하장	충청남도 천안시 동면 행암리 66
충청남도	천안시	매성리 공동집하장	충청남도 천안시 병천면 매성리 464
충청남도	천안시	모전집하장	충청남도 천안시 서북구 성거읍 모전리 224-12, 220-10
충청남도	천안시	오색집하장	충청남도 천안시 서북구 성거읍 오색당리 40-2
충청남도	천안시	수향집하장	충청남도 천안시 서북구 성환읍 수향리 20-125
충청남도	천안시	신방집하장	충청남도 천안시 서북구 성환읍 신방리 463-2
충청남도	천안시	안궁집하장	충청남도 천안시 서북구 성환읍 안궁리 336-11
충청남도	천안시	입장용정리 집하장	충청남도 천안시 서북구 입장면 용정리 168-3
충청남도	천안시	호장리 집하장	충청남도 천안시 서북구 입장면 호당리 87
충청남도	천안시	석곡집하장	충청남도 천안시 서북구 직산읍 석곡리 97-12
충청남도	천안시	가송리 공동집하장	충청남도 천안시 풍세면 가송리 311-14
충청남도	천안시	풍서리 공동집하장	충청남도 천안시 풍세면 풍서리 676-63
충청남도	청양군	봉암2리 영농폐기물 공동집하장	충청남도 청양군 남양면 봉암리 621-1
충청남도	청양군	온직1리 영농폐기물 공동집하장	충청남도 청양군 남양면 온직리 860-1
충청남도	청양군	용마1리 영농폐기물 공동집하장	충청남도 청양군 남양면 용마리 214
충청남도	청양군	광금리 영농폐기물 공동집하장	충청남도 청양군 대치면 광금리 438
충청남도	청양군	상갑리2 영농폐기물 공동집하장	충청남도 청양군 대치면 상갑리 636-1, -3
충청남도	청양군	상갑리 영농폐기물 공동집하장	충청남도 청양군 대치면 상갑리 636-2
충청남도	청양군	이화리 영농페기물 공동집하장	충청남도 청양군 대치면 이화리 470-1
충청남도	청양군	주정1리 영농폐기물 공동집하장	충청남도 청양군 대치면 주정리 493-2
충청남도	청양군	주정2리 영농폐기물 공동집하장	충청남도 청양군 대치면 주정리 81-3
충청남도	청양군	형산리-2 영농폐기물 공동집하장	충청남도 청양군 대치면 형산리 484-1
충청남도	청양군	형산리 영농폐기물 공동집하장	충청남도 청양군 대치면 형산리 산43
충청남도	청양군	화양리-1 영농폐기물 공동집하장	충청남도 청양군 목면 화양리 1045-5,6
충청남도	청양군	화양리-2 영농폐기물 공동집하장	충청남도 청양군 목면 화양리 1048-2
충청남도	청양군	화양리-3 영농폐기물 공동집하장	충청남도 청양군 목면 화양리 1053-5
충청남도	청양군	영양리 영농폐기물 공동집하장	충청남도 청양군 운곡면 영양리 1171
충청남도	청양군	영양1리리 영농폐기물 공동집하장	충청남도 청양군 운곡면 영양리 320-1
충청남도	청양군	위라리 영농폐기물 공동집하장	충청남도 청양군 운곡면 위라리 산 19-3
충청남도	청양군	추광리야광 영농폐기물 공동집하장	충청남도 청양군 운곡면 추광리 160-2
충청남도	청양군	추광리 영농폐기물 공동집하장	충청남도 청양군 운곡면 추광리540-6
충청남도	청양군	관현리 영농폐기물 공동집하장	충청남도 청양군 장평면 관현리 595
충청남도	청양군	낙지리 영농폐기물 공동집하장	충청남도 청양군 장평면 낙지리 1044
충청남도	청양군	미당리 영농폐기물 공동집하장	충청남도 청양군 장평면 미당리 182
충청남도	청양군	분향2리 영농폐기물 공동집하장	충청남도 청양군 장평면 분향리 119
충청남도	청양군	내초리-2 영농폐기물 공동집하장	충청남도 청양군 정산면 내초리 152
충청남도	청양군	내초리(2) 영농폐기물 공동집하장	충청남도 청양군 정산면 내초리 152
충청남도	청양군	내초리 영농폐기물 공동집하장	충청남도 청양군 정산면 내초리 152
충청남도	청양군	덕성1리 영농폐기물 공동집하장	충청남도 청양군 정산면 덕성리 678-2
충청남도	청양군	백곡2리 영농폐기물 공동집하장	충청남도 청양군 정산면 백곡리 110-1
충청남도	청양군	백곡2리 영농폐기물 공동집하장	충청남도 청양군 정산면 백곡리 72-4
충청남도	청양군	송학리 영농폐기물 공동집하장	충청남도 청양군 정산면 송학리 143-1
충청남도	청양군	신덕리-2 영농폐기물 공동집하장	충청남도 청양군 정산면 신덕리 195-3
충청남도	청양군	신덕리 영농폐기물 공동집하장	충청남도 청양군 정산면 신덕리 195-3
충청남도	청양군	역촌리 영농폐기물 공동집하장	충청남도 청양군 정산면 역촌리 518-6
충청남도	청양군	역촌(새마을) 영농폐기물 공동집하장	충청남도 청양군 정산면 역촌리 735
충청남도	청양군	정산면선별장 영농폐기물 공동집하장	충청남도 청양군 정산면 역촌리 735
충청남도	청양군	역촌2리 영농폐기물 공동집하장	충청남도 청양군 정산면 역촌리 843-4
충청남도	청양군	와촌리 영농폐기물 공동집하장	충청남도 청양군 정산면 와촌리 56-1
충청남도	청양군	대흥1리 영농폐기불 공동집하장	충청남도 청양군 청남면 대흥리 518
충청남도	청양군	청남면 동강리 영농폐기물 공동집하장	충청남도 청양군 청남면 동강리 436-2
충청남도	청양군	상장리 영농폐기물 공동집하장	충청남도 청양군 청남면 상장리 624
충청남도	청양군	인양리 영농폐기물 공동집하장	충청남도 청양군 청남면 인양리 773
충청남도	청양군	중산리 영농폐기물 공동집하장	충청남도 청양군 청남면 중산리 339-5
충청남도	청양군	천내1리 영농폐기물 공동집하장	충청남도 청양군 청남면 천내리 807
충청남도	청양군	청소리 영농폐기물 공동집하장	충청남도 청양군 청남면 청소리 138-5
충청남도	청양군	청소2리 영농폐기물 공동집하장	충청남도 청양군 청남면 청소리 56-1
충청남도	청양군	군량리 영농폐기물 공동집하장	충청남도 청양군 청양읍 군량리 125-10
충청남도	청양군	청양군 영농폐자원 순환센터	충청남도 청양군 청양읍 벽천리 104-54
충청남도	청양군	송방리 영농폐기물 공동집하장	충청남도 청양군 청양읍 송방리 318-1
충청남도	청양군	장승2리 영농폐기물 공동집하장	충청남도 청양군 청양읍 신대동길 30
충청남도	청양군	청수리 영농폐기물 공동집하장	충청남도 청양군 청양읍 청수리 156-3
충청남도	청양군	학당2리 영농폐기물 공동집하장	충청남도 청양군 청양읍 학당리 163-2
충청남도	태안군	고남1리폐비닐공동집하장	충청남도 태안군 고남면 고남1리 1063-5
충청남도	태안군	고남1리폐비닐공동집하장	충청남도 태안군 고남면 고남1리 1475-13
충청남도	태안군	고남1리폐비닐공동집하장	충청남도 태안군 고남면 고남1리 산2-7
충청남도	태안군	고남3리폐비닐공동집하장	충청남도 태안군 고남면 고남3리 2091
충청남도	태안군	고남4리폐비닐공동집하장	충청남도 태안군 고남면 고남4리 1862-4
충청남도	태안군	누동1리폐비닐공동집하장	충청남도 태안군 고남면 누동1리 243
충청남도	태안군	누동2리폐비닐공동집하장	충청남도 태안군 고남면 누동2리 431
충청남도	태안군	누동4리폐비닐공동집하장	충청남도 태안군 고남면 누동4리 1610
충청남도	태안군	고남1리폐비닐공동집하장	충청남도 태안군 고남면 누동리 539
충청남도	태안군	장곡1리폐비닐공동집하장	충청남도 태안군 고남면 장곡1리 387-14
충청남도	태안군	장곡4리폐비닐공동집하장	충청남도 태안군 고남면 장곡4리 344
충청남도	태안군	장곡1리 영농집하장	충청남도 태안군 고남면 장곡리 387-14
충청남도	태안군	마금1리폐비닐공동집하장	충청남도 태안군 근흥며 마금1리 산51
충청남도	태안군	두야1리폐비닐공동집하장	충청남도 태안군 근흥면 두야리 122-2
충청남도	태안군	마금1리폐비닐공동집하장	충청남도 태안군 근흥면 마금1리 산51
충청남도	태안군	마금3리폐비닐공동집하장	충청남도 태안군 근흥면 마금3리 826-2
충청남도	태안군	수룡리폐비닐공동집하장	충청남도 태안군 근흥면 수룡리 136
충청남도	태안군	신진2리폐비닐공동집하장	충청남도 태안군 근흥면 신진2리 253
충청남도	태안군	신진1리폐비닐공동집하장	충청남도 태안군 근흥면 신진도리 75-2
충청남도	태안군	신진1리폐비닐공동집하장	충청남도 태안군 근흥면 신진도리 75-3
충청남도	태안군	근흥면 안기2리 239-4	충청남도 태안군 근흥면 안기2리 239-4
충청남도	태안군	정죽3리폐비닐공동집하장	충청남도 태안군 근흥면 정죽3리 산147-46
충청남도	태안군	남면 달산1리 827-4	충청남도 태안군 남면 달산1리 827-4
충청남도	태안군	달산3리폐비닐공동집하장	충청남도 태안군 남면 달산리 449-1
충청남도	태안군	당암리폐비닐공동집하장	충청남도 태안군 남면 당암리 908-1
충청남도	태안군	몽산1리폐비닐공동집하장	충청남도 태안군 남면 몽산1리 1076
충청남도	태안군	몽산1리폐비닐공동집하장	충청남도 태안군 남면 몽산리 602-16
충청남도	태안군	신온3리폐비닐공동집하장	충청남도 태안군 남면 신온리 583-3
충청남도	태안군	신장1리폐비닐공동집하장	충청남도 태안군 남면 신장1리 산44-1
충청남도	태안군	진산1리폐비닐공동집하장	충청남도 태안군 남면 진산1리 743-9
충청남도	태안군	진산2리 영농집하장	충청남도 태안군 남면 진산리 850-1
충청남도	태안군	모항2리폐비닐공동집하장	충청남도 태안군 소원면 모항2리 676-1
충청남도	태안군	법산1리폐비닐공동집하장	충청남도 태안군 소원면 법산1리 산58
충청남도	태안군	소근2리폐비닐공동집하장	충청남도 태안군 소원면 소근2리 789
충청남도	태안군	소원면 송현1리 448-6	충청남도 태안군 소원면 송현1리 448-6
충청남도	태안군	송현3리폐비닐공동집하장	충청남도 태안군 소원면 송현3리 967-7
충청남도	태안군	시목1리폐비닐공동집하장	충청남도 태안군 소원면 시목1리 437-21
충청남도	태안군	시목2리폐비닐공동집하장	충청남도 태안군 소원면 시목2리 835-10
충청남도	태안군	신덕2리폐비닐공동집하장	충청남도 태안군 소원면 신덕2리 211-2
충청남도	태안군	신덕1리폐비닐공동집하장	충청남도 태안군 소원면 신덕길 6-9
충청남도	태안군	영전2리폐비닐공동집하장	충청남도 태안군 소원면 영전2리 731-1
충청남도	태안군	의항3리폐비닐공동집하장	충청남도 태안군 소원면 의항3리 산96
충청남도	태안군	승언2리폐비닐공동집하장	충청남도 태안군 안면읍 승언2리 3482
충청남도	태안군	승언4리폐비닐공동집하장	충청남도 태안군 안면읍 승언4리 218-35
충청남도	태안군	승언5리폐비닐공동집하장	충청남도 태안군 안면읍 승언5리 2681-17
충청남도	태안군	안면읍 승언8리 1332-2	충청남도 태안군 안면읍 승언8리 1332-2
충청남도	태안군	승언1리폐비닐공동집하장	충청남도 태안군 안면읍 승언리 산18-1
충청남도	태안군	정당3리폐비닐공동집하장	충청남도 태안군 안면읍 정당3리 산16-1
충청남도	태안군	정당4리폐비닐공동집하장	충청남도 태안군 안면읍 정당4리 산23-1
충청남도	태안군	정당1리 영농집하장	충청남도 태안군 안면읍 정당리 산16-435
충청남도	태안군	중장1리폐비닐공동집하장	충청남도 태안군 안면읍 중장1리 2414
충청남도	태안군	중장2리폐비닐공동집하장	충청남도 태안군 안면읍 중장2리 1878-4
충청남도	태안군	창기2리폐비닐공동집하장	충청남도 태안군 안면읍 창기2리 300-112
충청남도	태안군	창기2리 영농집하장	충청남도 태안군 안면읍 창기리 산34-41
충청남도	태안군	안면읍 황도로 35	충청남도 태안군 안면읍 황도로 35
충청남도	태안군	동해1리폐비닐공동집하장	충청남도 태안군 원북면 동해1리 733-4
충청남도	태안군	동해2리폐비닐공동집하장	충청남도 태안군 원북면 동해리2리 383-4
충청남도	태안군	마산2리폐비닐공동집하장	충청남도 태안군 원북면 마산리 559-4
충청남도	태안군	원북면 반계리 214-1	충청남도 태안군 원북면 반계리 214-1
충청남도	태안군	방갈1리폐비닐공동집하장	충청남도 태안군 원북면 방갈1리 802-2
충청남도	태안군	신두3리폐비닐공동집하장	충청남도 태안군 원북면 신두3리 1062
충청남도	태안군	이곡1리폐비닐공동집하장	충청남도 태안군 원북면 이곡1리 1450-5
충청남도	태안군	이곡1리폐비닐공동집하장	충청남도 태안군 원북면 이곡1리 984-44
충청남도	태안군	청산2리 영농집하장	충청남도 태안군 원북면 청산리 산171
충청남도	태안군	관1리폐비닐공동집하장	충청남도 태안군 이원면 관1리 1577-10
충청남도	태안군	관2리폐비닐공동집하장	충청남도 태안군 이원면 관2리 1009
충청남도	태안군	관3리폐비닐공동집하장	충청남도 태안군 이원면 관3리 71-2
충청남도	태안군	당산2리폐비닐공동집장	충청남도 태안군 이원면 당산2리 1381-1
충청남도	태안군	사창2리폐비닐공동집하장	충청남도 태안군 이원면 사창2리
충청남도	태안군	이원면 포지3리 868-1	충청남도 태안군 이원면 포지3리 868-1
충청남도	태안군	남산3리폐비닐공동집하장	충청남도 태안군 태안읍 남산리 390-4
충청남도	태안군	반곡1리폐비닐공동집하장	충청남도 태안군 태안읍 반곡1리 457-17
충청남도	태안군	태안읍 반곡2리 1202	충청남도 태안군 태안읍 반곡2리 1202
충청남도	태안군	삭선1리폐비닐공동집하장	충청남도 태안군 태안읍 삭선1리 600
충청남도	태안군	삭선2리폐비닐공동집하장	충청남도 태안군 태안읍 삭선2리 11
충청남도	태안군	송암1리폐비닐공동집하장	충청남도 태안군 태안읍 송암1리 544-5
충청남도	태안군	인평1리폐비닐공동집하장	충청남도 태안군 태안읍 인평리 211
충청남도	태안군	평천4리폐비닐공동집하장	충청남도 태안군 태안읍 평천4리 63-20
충청남도	홍성군	진죽마을 집하장	충청남도 홍성군 갈산면 부기리 763
충청남도	홍성군	오두2 공동집하장	충청남도 홍성군 갈산면 오두리 264-7
충청남도	홍성군	오두집하장	충청남도 홍성군 갈산면 오두리 319-5
충청남도	홍성군	결성면 원천마을집하장	충청남도 홍성군 결성면 금곡리 121(83-8 옆)
충청남도	홍성군	원성곡집하장	충청남도 홍성군 결성면 성곡리 259-1
충청남도	홍성군	원성호집하장	충청남도 홍성군 결성면 성호리 998-2
충청남도	홍성군	두지동집하장	충청남도 홍성군 결성면 용호리 51-2
충청남도	홍성군	화산마을 집하장	충청남도 홍성군 구항면 내현리 751
충청남도	홍성군	장양마을 집하장	충청남도 홍성군 구항면 장양리 208-1
충청남도	홍성군	장양마을 집하장	충청남도 홍성군 구항면 장양리 602-6
충청남도	홍성군	구암마을 집하장	충청남도 홍성군 금마면 송암리 66-6
충청남도	홍성군	장파마을집하장	충청남도 홍성군 금마면 장성리 226-7
충청남도	홍성군	상하국집하장	충청남도 홍성군 은하면 금국리 109-2
충청남도	홍성군	금리집하장	충청남도 홍성군 은하면 금국리 342
충청남도	홍성군	대율집하장	충청남도 홍성군 은하면 대율리 158
충청남도	홍성군	백인집하장	충청남도 홍성군 은하면 대판리 328
충청남도	홍성군	구동집하장	충청남도 홍성군 은하면 덕실리 166-2
충청남도	홍성군	덕실마을집하장	충청남도 홍성군 은하면 덕실리 276
충청남도	홍성군	유송집하장	충청남도 홍성군 은하면 유송리 271-3
충청남도	홍성군	장척집하장	충청남도 홍성군 은하면 장척리 571-1
충청남도	홍성군	내동집하장	충청남도 홍성군 은하면 학산리 141-4
충청남도	홍성군	학동집하장	충청남도 홍성군 은하면 학산리 24
충청남도	홍성군	거산집하장	충청남도 홍성군 은하면 학산리 882-3
충청남도	홍성군	상가집하장	충청남도 홍성군 은하면 화봉리 907-2
충청남도	홍성군	가송1구 집하장	충청남도 홍성군 장곡면 가송리 산81
충청남도	홍성군	도산2구 마을집하장	충청남도 홍성군 장곡면 도산리 290-1
충청남도	홍성군	도산1구 마을집하장	충청남도 홍성군 장곡면 도산리 496-4
충청남도	홍성군	도산2구 집하장	충청남도 홍성군 장곡면 도산리2구 246-1
충청남도	홍성군	상송1구 마을집하장	충청남도 홍성군 장곡면 상송리 산 89-4
충청남도	홍성군	신풍2리 집하장	충청남도 홍성군 장곡면 신풍리 586
충청남도	홍성군	오성마을 집하장	충청남도 홍성군 장곡면 오성리 133-1
충청남도	홍성군	월계2구 집하장	충청남도 홍성군 장곡면 월계리 706(297-4 아래)
충청남도	홍성군	지정2구 집하장	충청남도 홍성군 장곡면 지정리 106-30
충청남도	홍성군	행정2구 집하장	충청남도 홍성군 장곡면 행정리 164-2
충청남도	홍성군	화계2구 집하장	충청남도 홍성군 장곡면 화계리 87
충청남도	홍성군	용두마을집하장	충청남도 홍성군 홍북읍 용산리 147(334-1 건너편)
충청남도	홍성군	구룡리 공동집하장	충청남도 홍성군 홍성읍 구룡리 465
충청북도	괴산군	하미전	충청북도 괴산군 감물면 광전리 221-1
충청북도	괴산군	상미전	충청북도 괴산군 감물면 광전리 585-1
충청북도	괴산군	광전리	충청북도 괴산군 감물면 광전리 722-3
충청북도	괴산군	광지실	충청북도 괴산군 감물면 광전리 725-26
충청북도	괴산군	광지실	충청북도 괴산군 감물면 광전리 785
충청북도	괴산군	곤동	충청북도 괴산군 감물면 구월리 595
충청북도	괴산군	증자동	충청북도 괴산군 감물면 매전리 1023
충청북도	괴산군	증장동	충청북도 괴산군 감물면 매전리 145
충청북도	괴산군	매전리	충청북도 괴산군 감물면 매전리 145
충청북도	괴산군	안민동	충청북도 괴산군 감물면 매전리 257-2
충청북도	괴산군	안민동	충청북도 괴산군 감물면 매전리 291
충청북도	괴산군	매전리	충청북도 괴산군 감물면 매전리 796-9
충청북도	괴산군	원매전	충청북도 괴산군 감물면 매전리 796-9
충청북도	괴산군	상백양	충청북도 괴산군 감물면 백양리 323-10
충청북도	괴산군	백양리	충청북도 괴산군 감물면 백양리 59-1
충청북도	괴산군	남양동	충청북도 괴산군 감물면 오성리 160-4
충청북도	괴산군	오성리	충청북도 괴산군 감물면 오성리 189
충청북도	괴산군	오성리	충청북도 괴산군 감물면 오성리 489-1
충청북도	괴산군	오창리	충청북도 괴산군 감물면 오창로 453
충청북도	괴산군	유창리	충청북도 괴산군 감물면 오창리 677
충청북도	괴산군	원이담	충청북도 괴산군 감물면 이담리 124
충청북도	괴산군	계담	충청북도 괴산군 감물면 이담리 66
충청북도	괴산군	이담리	충청북도 괴산군 감물면 이담리 761-5
충청북도	괴산군	대상동	충청북도 괴산군 감물면 이담리 761-5
충청북도	괴산군	대상동(상동)	충청북도 괴산군 감물면 이담리 761-5
충청북도	괴산군	이탄	충청북도 괴산군 괴산읍 검승리 41-1
충청북도	괴산군	기곡	충청북도 괴산군 괴산읍 검승리 산23-1
충청북도	괴산군	능촌1	충청북도 괴산군 괴산읍 능촌리 237-5
충청북도	괴산군	능촌1	충청북도 괴산군 괴산읍 능촌리 663
충청북도	괴산군	능촌2	충청북도 괴산군 괴산읍 능촌리 663번지
충청북도	괴산군	대덕	충청북도 괴산군 괴산읍 대덕리 254-1
충청북도	괴산군	대사	충청북도 괴산군 괴산읍 대사리 196-8
충청북도	괴산군	수진	충청북도 괴산군 괴산읍 서부리 690-15
충청북도	괴산군	서부리	충청북도 괴산군 괴산읍 서부리 690-15
충청북도	괴산군	수진	충청북도 괴산군 괴산읍 서부리 산34-1
충청북도	괴산군	신기	충청북도 괴산군 괴산읍 신기리 263-5
충청북도	괴산군	신항1	충청북도 괴산군 괴산읍 신항리 158-12
충청북도	괴산군	신항2	충청북도 괴산군 괴산읍 신항리 785
충청북도	괴산군	정용	충청북도 괴산군 괴산읍 정용리 103-3
충청북도	괴산군	월곡	충청북도 괴산군 괴산읍 정용리 413-3
충청북도	괴산군	제월2	충청북도 괴산군 괴산읍 제월 570-1
충청북도	괴산군	제월1	충청북도 괴산군 괴산읍 제월리 396-2번지
충청북도	괴산군	제월2리	충청북도 괴산군 괴산읍 제월리 518-1
충청북도	괴산군	광덕3리	충청북도 괴산군 문광면 광덕리 1000-146
충청북도	괴산군	광덕리	충청북도 괴산군 문광면 광덕리 385-1
충청북도	괴산군	대명 모실	충청북도 괴산군 문광면 대명리 652
충청북도	괴산군	대명 둑시	충청북도 괴산군 문광면 대명리 665-5
충청북도	괴산군	문법3리	충청북도 괴산군 문광면 문법3리 마을회관
충청북도	괴산군	문법1	충청북도 괴산군 문광면 문법리 756[네비검색 394]
충청북도	괴산군	방성1리	충청북도 괴산군 문광면 방성리 310
충청북도	괴산군	신기1리	충청북도 괴산군 문광면 신기리 735
충청북도	괴산군	양곡3리	충청북도 괴산군 문광면 양곡리 731-7
충청북도	괴산군	양곡1리	충청북도 괴산군 문광면 양곡리 774
충청북도	괴산군	양곡2리	충청북도 괴산군 문광면 양곡리 797-2
충청북도	괴산군	옥성 동학	충청북도 괴산군 문광면 옥성리 281
충청북도	괴산군	옥성 치재	충청북도 괴산군 문광면 옥성리 340
충청북도	괴산군	흑석리	충청북도 괴산군 문광면 흑석리 71-1
충청북도	괴산군	흑석리	충청북도 괴산군 문광면 흑석리 72
충청북도	괴산군	대명1리	충청북도 괴산군 문광면대명리 234
충청북도	괴산군	모도리	충청북도 괴산군 불정면 모도리 412-2
충청북도	괴산군	가호마을	충청북도 괴산군 불정면 목도리 1020
충청북도	괴산군	가동	충청북도 괴산군 불정면 목도리 605
충청북도	괴산군	연지	충청북도 괴산군 불정면 삼방리 159-1
충청북도	괴산군	연지	충청북도 괴산군 불정면 삼방리 386-2
충청북도	괴산군	삼방리	충청북도 괴산군 불정면 삼방리 386-2
충청북도	괴산군	안촌마을	충청북도 괴산군 불정면 삼방리 726-1
충청북도	괴산군	세평	충청북도 괴산군 불정면 세평리 188
충청북도	괴산군	세평	충청북도 괴산군 불정면 세평리 188
충청북도	괴산군	세평	충청북도 괴산군 불정면 세평리 398
충청북도	괴산군	두촌	충청북도 괴산군 불정면 신흥리 284-4
충청북도	괴산군	두촌	충청북도 괴산군 불정면 신흥리 30-1
충청북도	괴산군	향촌마을	충청북도 괴산군 불정면 신흥리 652
충청북도	괴산군	향촌	충청북도 괴산군 불정면 신흥리 652
충청북도	괴산군	앵천리	충청북도 괴산군 불정면 앵천리 278-1
충청북도	괴산군	건야	충청북도 괴산군 불정면 앵천리 278-1
충청북도	괴산군	풍림	충청북도 괴산군 불정면 앵천리 279-1
충청북도	괴산군	풍림	충청북도 괴산군 불정면 앵천리 279-8
충청북도	괴산군	외령리	충청북도 괴산군 불정면 외령리 381
충청북도	괴산군	능현	충청북도 괴산군 불정면 외령리 386-6
충청북도	괴산군	능현	충청북도 괴산군 불정면 외령리 685
충청북도	괴산군	영촌	충청북도 괴산군 불정면 외령리 765
충청북도	괴산군	현동	충청북도 괴산군 불정면 웅동리 435-2
충청북도	괴산군	원웅동	충청북도 괴산군 불정면 웅동리 441
충청북도	괴산군	현동	충청북도 괴산군 불정면 웅동리 465
충청북도	괴산군	지장리	충청북도 괴산군 불정면 지장리 1080
충청북도	괴산군	덕촌마을	충청북도 괴산군 불정면 지장리 1171
충청북도	괴산군	지장리	충청북도 괴산군 불정면 지장리 1171
충청북도	괴산군	덕촌	충청북도 괴산군 불정면 지장리 903-1
충청북도	괴산군	추산리	충청북도 괴산군 불정면 추산리 690-32
충청북도	괴산군	추산	충청북도 괴산군 불정면 추산리 915-1
충청북도	괴산군	탑촌리	충청북도 괴산군 불정면 탑촌리 1020-12
충청북도	괴산군	하문	충청북도 괴산군 불정면 하문리 284-4
충청북도	괴산군	하도마을	충청북도 괴산군 사리면 사담리 383
충청북도	괴산군	사담마을	충청북도 괴산군 사리면 사담리 561-2
충청북도	괴산군	음암마을	충청북도 괴산군 사리면 소매리 326-2
충청북도	괴산군	둔기마을	충청북도 괴산군 사리면 소매리 516
충청북도	괴산군	황산마을	충청북도 괴산군 사리면 수암리 64-2
충청북도	괴산군	포동마을	충청북도 괴산군 사리면 이곡리 690
충청북도	괴산군	진암마을	충청북도 괴산군 사리면 중흥리 1002
충청북도	괴산군	칠성마을	충청북도 괴산군 사리면 중흥리 496-4
충청북도	괴산군	중흥리	충청북도 괴산군 사리면 중흥리 988
충청북도	괴산군	도촌마을	충청북도 괴산군 사리면 화산리 140-4
충청북도	괴산군	대촌마을	충청북도 괴산군 사리면 화산리 288-7
충청북도	괴산군	고마3	충청북도 괴산군 소수면 고마리 1082
충청북도	괴산군	고마2	충청북도 괴산군 소수면 고마리 238-2
충청북도	괴산군	고마1	충청북도 괴산군 소수면 고마리 890-1
충청북도	괴산군	길선2	충청북도 괴산군 소수면 길선리 239-1(길선2리)
충청북도	괴산군	길선1	충청북도 괴산군 소수면 길선리1 523-5
충청북도	괴산군	몽촌	충청북도 괴산군 소수면 몽촌리 236-1
충청북도	괴산군	소암1	충청북도 괴산군 소수면 소암리 1049
충청북도	괴산군	소암1	충청북도 괴산군 소수면 소암리 326
충청북도	괴산군	소암2	충청북도 괴산군 소수면 소암리 521-3
충청북도	괴산군	소암2리	충청북도 괴산군 소수면 소암리 521-3
충청북도	괴산군	수리2	충청북도 괴산군 소수면 수리 451-3
충청북도	괴산군	수리1	충청북도 괴산군 소수면 수리 681-2
충청북도	괴산군	수리3	충청북도 괴산군 소수면 수리 908
충청북도	괴산군	아성1	충청북도 괴산군 소수면 아성리 213-3
충청북도	괴산군	아성2	충청북도 괴산군 소수면 아성리 454-2(아성2리)
충청북도	괴산군	아성3	충청북도 괴산군 소수면 아성리 670
충청북도	괴산군	아성리	충청북도 괴산군 소수면 아성리 751-119
충청북도	괴산군	옥현2	충청북도 괴산군 소수면 옥현리 520-4
충청북도	괴산군	옥현1	충청북도 괴산군 소수면 옥현리 산21-1
충청북도	괴산군	입암1	충청북도 괴산군 소수면 입암리 1012
충청북도	괴산군	입암2	충청북도 괴산군 소수면 입암리 622-1(입암리 776)
충청북도	괴산군	금대집하장	충청북도 괴산군 연풍면 갈금리 232-2
충청북도	괴산군	갈길집하장	충청북도 괴산군 연풍면 갈금리 산52(갈길마을)
충청북도	괴산군	괴정집하장	충청북도 괴산군 연풍면 삼풍리 573
충청북도	괴산군	요동집하장	충청북도 괴산군 연풍면 유상리 259-1(요동마을)
충청북도	괴산군	송우집하장	충청북도 괴산군 연풍면 유상리 292-5
충청북도	괴산군	오수집하장	충청북도 괴산군 연풍면 유하리 481-5(오수마을)
충청북도	괴산군	내응집하장	충청북도 괴산군 연풍면 유하리 565
충청북도	괴산군	종산집하장	충청북도 괴산군 연풍면 적석리 248-1((종산마을)
충청북도	괴산군	입석집하장	충청북도 괴산군 연풍면 적석리 483-3
충청북도	괴산군	입석집하장	충청북도 괴산군 연풍면 적석리 529-2(입석마을)
충청북도	괴산군	주진리	충청북도 괴산군 연풍면 주진리 606-5
충청북도	괴산군	율전집하장	충청북도 괴산군 연풍면 행촌리 312(율전마을)
충청북도	괴산군	진대마을	충청북도 괴산군 장연면 광진리 695-2
충청북도	괴산군	광진리	충청북도 괴산군 장연면 광진리 산 197-4
충청북도	괴산군	광진마을	충청북도 괴산군 장연면 광진리1021-3(무실동마을앞)
충청북도	괴산군	간곡마을	충청북도 괴산군 장연면 방곡리 377-3
충청북도	괴산군	송티마을	충청북도 괴산군 장연면 송덕리 51-3
충청북도	괴산군	송동마을	충청북도 괴산군 장연면 송덕리 943
충청북도	괴산군	송덕리	충청북도 괴산군 장연면 송덕리 산 80-1
충청북도	괴산군	오가마을)	충청북도 괴산군 장연면 오가리 457-3
충청북도	괴산군	오가리	충청북도 괴산군 장연면 오가리 산 40-27
충청북도	괴산군	우령마을	충청북도 괴산군 장연면 오가리 산48-1
충청북도	괴산군	신대마을	충청북도 괴산군 장연면 장암리 542
충청북도	괴산군	장암	충청북도 괴산군 장연면 장암리 888
충청북도	괴산군	조곡마을	충청북도 괴산군 장연면 조곡리 407
충청북도	괴산군	조곡하리마을	충청북도 괴산군 장연면 조곡리306-2(하리마을)
충청북도	괴산군	추점마을	충청북도 괴산군 장연면 추점리878
충청북도	괴산군	금신1리	충청북도 괴산군 청안면 금신리 330
충청북도	괴산군	금신3리	충청북도 괴산군 청안면 금신리 534
충청북도	괴산군	문당1리	충청북도 괴산군 청안면 문당리 235-4
충청북도	괴산군	문당2리	충청북도 괴산군 청안면 문당리 335-3
충청북도	괴산군	문당리	충청북도 괴산군 청안면 문당리 335-3
충청북도	괴산군	문당1리	충청북도 괴산군 청안면 문당리 591-1
충청북도	괴산군	문방1리	충청북도 괴산군 청안면 문방리 823
충청북도	괴산군	문방리	충청북도 괴산군 청안면 문방리 823
충청북도	괴산군	백봉1리	충청북도 괴산군 청안면 백봉리 360-1
충청북도	괴산군	백봉3리	충청북도 괴산군 청안면 백봉리 533-1
충청북도	괴산군	백봉리	충청북도 괴산군 청안면 백봉리 558-26
충청북도	괴산군	백봉2리	충청북도 괴산군 청안면 백봉리 558-26
충청북도	괴산군	부흥리	충청북도 괴산군 청안면 부흥리 680
충청북도	괴산군	부흥1리	충청북도 괴산군 청안면 부흥리 88번지
충청북도	괴산군	운곡2리	충청북도 괴산군 청안면 운곡2리 346-3
충청북도	괴산군	운곡1리	충청북도 괴산군 청안면 운곡리 249
충청북도	괴산군	읍내3리	충청북도 괴산군 청안면 읍내리 1492
충청북도	괴산군	읍내1리	충청북도 괴산군 청안면 읍내리 204-2
충청북도	괴산군	장암2리	충청북도 괴산군 청안면 장람리446-2
충청북도	괴산군	조천1리	충청북도 괴산군 청안면 조천리 113-1
충청북도	괴산군	조천2리	충청북도 괴산군 청안면 조천리 256-2
충청북도	괴산군	효근1리	충청북도 괴산군 청안면 효근리 661
충청북도	괴산군	효근2리	충청북도 괴산군 청안면 효근리 738
충청북도	괴산군	강평리	충청북도 괴산군 청천면 강평리 270-1
충청북도	괴산군	거봉리	충청북도 괴산군 청천면 거봉리 6-2
충청북도	괴산군	고성리	충청북도 괴산군 청천면 고성리 212-1
충청북도	괴산군	귀만리	충청북도 괴산군 청천면 귀만리 267
충청북도	괴산군	도원리	충청북도 괴산군 청천면 도원리 323-2
충청북도	괴산군	신도원리	충청북도 괴산군 청천면 도원리 36
충청북도	괴산군	부성리	충청북도 괴산군 청천면 부성리 423-2
충청북도	괴산군	부성	충청북도 괴산군 청천면 부성리 54-4
충청북도	괴산군	사기막리	충청북도 괴산군 청천면 사기막리 517
충청북도	괴산군	사담	충청북도 괴산군 청천면 사담리 46-1
충청북도	괴산군	삼락리	충청북도 괴산군 청천면 삼락리 7-3
충청북도	괴산군	삼송리	충청북도 괴산군 청천면 삼송리 323
충청북도	괴산군	삼송3리	충청북도 괴산군 청천면 삼송리 844
충청북도	괴산군	삼송리	충청북도 괴산군 청천면 삼송리 870
충청북도	괴산군	송면리	충청북도 괴산군 청천면 송면리 1
충청북도	괴산군	송면리	충청북도 괴산군 청천면 송면리 54
충청북도	괴산군	운교리	충청북도 괴산군 청천면 운교리 412-1
충청북도	괴산군	운교리	충청북도 괴산군 청천면 운교리 562
충청북도	괴산군	원후평리	충청북도 괴산군 청천면 원후평리 200-13
충청북도	괴산군	내응마을	충청북도 괴산군 청천면 유하리 565
충청북도	괴산군	이평리	충청북도 괴산군 청천면 이평리 346
충청북도	괴산군	지촌리	충청북도 괴산군 청천면 지촌리 429
충청북도	괴산군	지촌리	충청북도 괴산군 청천면 지촌리 72-1
충청북도	괴산군	청천리	충청북도 괴산군 청천면 청천리 119-10
충청북도	괴산군	청천리	충청북도 괴산군 청천면 청천리 173-3
충청북도	괴산군	청천리	충청북도 괴산군 청천면 청천리 202-27
충청북도	괴산군	평단	충청북도 괴산군 청천면 평단리 312
충청북도	괴산군	평단리	충청북도 괴산군 청천면 평단리 318-1
충청북도	괴산군	평단리	충청북도 괴산군 청천면 평단리 463
충청북도	괴산군	후영리	충청북도 괴산군 청천면 후영리 367-4
충청북도	괴산군	후영리	충청북도 괴산군 청천면 후영리 92-2
충청북도	괴산군	후영리	충청북도 괴산군 청천면 후영리 94-4
충청북도	괴산군	후평리	충청북도 괴산군 청천면 후평리 200-12
충청북도	괴산군	후평리	충청북도 괴산군 청천면 후평리 441-1
충청북도	괴산군	후평리	충청북도 괴산군 청천면 후평리 산32-6
충청북도	괴산군	도정	충청북도 괴산군 칠성면 도정리 153-5
충청북도	괴산군	외두	충청북도 괴산군 칠성면 두천리 310-8
충청북도	괴산군	외두	충청북도 괴산군 칠성면 두천리 354-3
충청북도	괴산군	비동	충청북도 괴산군 칠성면 비도리 737-1
충청북도	괴산군	사오랑	충청북도 괴산군 칠성면 사은리 976
충청북도	괴산군	송동	충청북도 괴산군 칠성면 송동리 258-1
충청북도	괴산군	내쌍	충청북도 괴산군 칠성면 쌍곡리 214(내쌍마을)
충청북도	괴산군	외사	충청북도 괴산군 칠성면 외사리 127-1
충청북도	괴산군	외사	충청북도 괴산군 칠성면 외사리 249
충청북도	괴산군	둔율마을	충청북도 괴산군 칠성면 율원리 1040-1
충청북도	괴산군	학동	충청북도 괴산군 칠성면 율원리 산 13-2
충청북도	괴산군	갈산마을	충청북도 괴산군 칠성면 태성리 474
충청북도	괴산군	태성	충청북도 괴산군 칠성면 태성리 599
충청북도	단양군	가대리 공동집하장	충청북도 단양군 가곡면 가대리
충청북도	단양군	가대리 공동집하장	충청북도 단양군 가곡면 가대리 755-8
충청북도	단양군	대대1리 공동집하장	충청북도 단양군 가곡면 대대1리 611-29
충청북도	단양군	대대2리 공동집하장	충청북도 단양군 가곡면 대대2리 257-5
충청북도	단양군	덕천리 공동집하장	충청북도 단양군 가곡면 덕천리
충청북도	단양군	보발리 공동집하장	충청북도 단양군 가곡면 보발리
충청북도	단양군	사평3리 공동집하장	충청북도 단양군 가곡면 사평3리 683
충청북도	단양군	사평리 공동집하장	충청북도 단양군 가곡면 사평리
충청북도	단양군	어의곡2리 공동집하장	충청북도 단양군 가곡면 어의곡2리 221
충청북도	단양군	어의곡2리 공동집하장	충청북도 단양군 가곡면 어의곡2리 295-14
충청북도	단양군	여천1리 공동집하장	충청북도 단양군 가곡면 여천1리 241
충청북도	단양군	향산리 공동집하장	충청북도 단양군 가곡면 향산리 106
충청북도	단양군	가산리 공동집하장	충청북도 단양군 단성면 가산리 717-16
충청북도	단양군	두항리 공동집하장	충청북도 단양군 단성면 두항리 41-3
충청북도	단양군	벌천리 공동집하장	충청북도 단양군 단성면 벌천리 123-1
충청북도	단양군	하방리 공동집하장	충청북도 단양군 단성면 하방리86
충청북도	단양군	금곡리 공동집하장	충청북도 단양군 단양읍 금곡리 61-3
충청북도	단양군	노동리 공동집하장	충청북도 단양군 단양읍 노동리
충청북도	단양군	덕성리 공동집하장	충청북도 단양군 단양읍 덕상리 산44
충청북도	단양군	도담리 공동집하장	충청북도 단양군 단양읍 도담리 166-49
충청북도	단양군	수촌리 공동집하장	충청북도 단양군 단양읍 수촌리 6-3, 316
충청북도	단양군	심곡리 공동집하장	충청북도 단양군 단양읍 심곡리 243-3
충청북도	단양군	장현리 공동집하장	충청북도 단양군 단양읍 장현리 126
충청북도	단양군	천동리 공동집하장	충청북도 단양군 단양읍 천동리 195
충청북도	단양군	현천리 공동집하장	충청북도 단양군 단양읍 현천리 218-28
충청북도	단양군	괴평리 공동집하장	충청북도 단양군 대강면 괴평리 280-4
충청북도	단양군	남천리 공동집하장	충청북도 단양군 대강면 남천리 315-3
충청북도	단양군	두음리 공동집하장	충청북도 단양군 대강면 두음리
충청북도	단양군	미노리 공동집하장	충청북도 단양군 대강면 미노리 237-5
충청북도	단양군	성금리 공동집하장	충청북도 단양군 대강면 성금리
충청북도	단양군	신구리 공동집하장	충청북도 단양군 대강면 신구리 130-1외 2
충청북도	단양군	올산리 공동집하장	충청북도 단양군 대강면 올산리
충청북도	단양군	직티리 공동집하장	충청북도 단양군 대강면 직티리 290-3
충청북도	단양군	황정리 공동집하장	충청북도 단양군 대강면 황정리
충청북도	단양군	가평2리 공동집하장	충청북도 단양군 매포읍 가평2리 130-1
충청북도	단양군	삼곡리 공동집하장	충청북도 단양군 매포읍 삼곡리 184
충청북도	단양군	삼곡리 공동집하장	충청북도 단양군 매포읍 삼곡리 56-4
충청북도	단양군	상시리 공동집하장	충청북도 단양군 매포읍 상시리 247
충청북도	단양군	안동리 공동집하장	충청북도 단양군 매포읍 안동리 158
충청북도	단양군	영천리 공동집하장	충청북도 단양군 매포읍 영천리 256
충청북도	단양군	우덕리 공동집하장	충청북도 단양군 매포읍 우덕리 184
충청북도	단양군	응실리 공동집하장	충청북도 단양군 매포읍 응실리 449
충청북도	단양군	평동리 공동집하장	충청북도 단양군 매포읍 평동리 518
충청북도	단양군	하시리 공동집하장	충청북도 단양군 매포읍 하시리 386
충청북도	단양군	석교1리 공동집하장	충청북도 단양군 어상천먼 석교1리 485-3
충청북도	단양군	대전2리 공동집하장	충청북도 단양군 어상천면 대전2리 799
충청북도	단양군	대전리 공동집하장	충청북도 단양군 어상천면 대전리 392-2
충청북도	단양군	덕문곡2리 공동집하장	충청북도 단양군 어상천면 덕문곡2리 산98-3외 1
충청북도	단양군	덕문곡리 공동집하장	충청북도 단양군 어상천면 덕문곡리 142-1
충청북도	단양군	방북리 공동집하장	충청북도 단양군 어상천면 방북리 233-12
충청북도	단양군	심곡리 공동집하장	충청북도 단양군 어상천면 심곡리 488-1
충청북도	단양군	연곡1리 공동집하장	충청북도 단양군 어상천면 연곡1리 1105-3
충청북도	단양군	연곡3리 공동집하장	충청북도 단양군 어상천면 연곡3리 1189-5
충청북도	단양군	임현1리 공동집하장	충청북도 단양군 어상천면 임현1리 1253-1
충청북도	단양군	임현2리 공동집하장	충청북도 단양군 어상천면 임현2리 산23-2
충청북도	단양군	임현3리 공동집하장	충청북도 단양군 어상천면 임현3리 962-3
충청북도	단양군	임현3리 공동집하장	충청북도 단양군 어상천면 임현3리 962-3
충청북도	단양군	임현리 공동집하장	충청북도 단양군 어상천면 임현리 172-2
충청북도	단양군	의풍리 공동집하장	충청북도 단양군 영춘면  의풍리 482-3
충청북도	단양군	남천1리 공동집하장	충청북도 단양군 영춘면 남천1리 485-10
충청북도	단양군	동대1리 공동집하장	충청북도 단양군 영춘면 동대1리 733
충청북도	단양군	동대1리 공동집하장	충청북도 단양군 영춘면 동대1리 995-17
충청북도	단양군	동대2리 공동집하장	충청북도 단양군 영춘면 동대2리 995-87
충청북도	단양군	동대2리 공동집하장	충청북도 단양군 영춘면 동대2리995-64
충청북도	단양군	만종리 공동집하장	충청북도 단양군 영춘면 만종리 산65-1
충청북도	단양군	백자리 공동집하장	충청북도 단양군 영춘면 백자리 산 1-1
충청북도	단양군	별방2리 공동집하장	충청북도 단양군 영춘면 별방2리 275-1
충청북도	단양군	별방리 공동집하장	충청북도 단양군 영춘면 별방리 102-1,103-1
충청북도	단양군	별방리 공동집하장	충청북도 단양군 영춘면 별방리 486-1
충청북도	단양군	사이곡리 공동집하장	충청북도 단양군 영춘면 사이곡리 498-5
충청북도	단양군	사지원1리 공동집하장	충청북도 단양군 영춘면 사지원1리 700
충청북도	단양군	사지원2리 공동집하장	충청북도 단양군 영춘면 사지원2리 87-1
충청북도	단양군	상1리 공동집하장	충청북도 단양군 영춘면 상1리 산61
충청북도	단양군	상2리 공동집하장	충청북도 단양군 영춘면 상2리 산28-2
충청북도	단양군	오사리 공동집하장	충청북도 단양군 영춘면 오사리 산56-2
충청북도	단양군	용진리 공동집하장	충청북도 단양군 영춘면 용진리 331-3
충청북도	단양군	유암1리 공동집하장	충청북도 단양군 영춘면 유암1리 157-2
충청북도	단양군	유암리 공동집하장	충청북도 단양군 영춘면 유암리 344-1
충청북도	단양군	장발1리 공동집하장	충청북도 단양군 영춘면 장발1리 182-3
충청북도	단양군	장발2리 공동집하장	충청북도 단양군 영춘면 장발2리 산14
충청북도	단양군	하2리 공동집하장	충청북도 단양군 영춘면 하2리 122-12
충청북도	단양군	하리 공동집하장	충청북도 단양군 영춘면 하리 산31
충청북도	단양군	각기리 공동집하장	충청북도 단양군 적성면 각기리 244-2
충청북도	단양군	각기리 공동집하장	충청북도 단양군 적성면 각기리 593
충청북도	단양군	기동리 공동집하장	충청북도 단양군 적성면 기동리 465
충청북도	단양군	기동리 공동집하장	충청북도 단양군 적성면 기동리 769-2
충청북도	단양군	대가리 공동집하장	충청북도 단양군 적성면 대가리 466
충청북도	단양군	상2리 공동집하장	충청북도 단양군 적성면 상2리 32-11
충청북도	단양군	상리 공동집하장	충청북도 단양군 적성면 상리 417-6
충청북도	단양군	상리 공동집하장	충청북도 단양군 적성면 상리 42-1
충청북도	단양군	상원곡리 공동집하장	충청북도 단양군 적성면 상원곡리 89-4
충청북도	단양군	소야리 공동집하장	충청북도 단양군 적성면 소야리 270
충청북도	단양군	애곡리 공동집하장	충청북도 단양군 적성면 애곡리 263-1
충청북도	단양군	파랑리 공동집하장	충청북도 단양군 적성면 파랑리 414
충청북도	단양군	하1리 공동집하장	충청북도 단양군 적성면 하1리 765
충청북도	단양군	하리 공동집하장	충청북도 단양군 적성면 하리 110-5
충청북도	단양군	하원곡리 공동집하장	충청북도 단양군 적성면 하원곡리 20-14
충청북도	단양군	하진리 공동집하장	충청북도 단양군 적성면 하진리 61
충청북도	단양군	현곡리 공동집하장	충청북도 단양군 적성면 현곡리 122-1
충청북도	보은군	페비닐 공동집하장	충청북도 보은군 내북면 법주리 169-1
충청북도	보은군	페비닐 공동집하장	충청북도 보은군 내북면 서지리 180
충청북도	보은군	폐비닐 공동집하장	충청북도 보은군 내북면 성암리 100-3
충청북도	보은군	페비닐 공동집하장	충청북도 보은군 내북면 성암리 100-8
충청북도	보은군	페비닐 공동집하장	충청북도 보은군 내북면 성티리 247
충청북도	보은군	폐비닐 공동집하장	충청북도 보은군 내북면 세촌리 161-4
충청북도	보은군	페비닐 공동집하장	충청북도 보은군 내북면 용수리 161(임)
충청북도	보은군	폐비닐 공동집하장	충청북도 보은군 내북면 용수리 72
충청북도	보은군	페비닐 공동집하장	충청북도 보은군 내북면 창리 126-2
충청북도	보은군	페비닐 공동집하장	충청북도 보은군 마로면 갈평리 285
충청북도	보은군	페비닐 공동집하장	충청북도 보은군 마로면 갈평리 711
충청북도	보은군	페비닐 공동집하장	충청북도 보은군 마로면 관기리 562-2
충청북도	보은군	페비닐 공동집하장	충청북도 보은군 마로면 기대리 572-1
충청북도	보은군	페비닐 공동집하장	충청북도 보은군 마로면 변둔리 238-3
충청북도	보은군	페비닐 공동집하장	충청북도 보은군 마로면 세중리 198
충청북도	보은군	페비닐 공동집하장	충청북도 보은군 마로면 소여2리 534
충청북도	보은군	페비닐 공동집하장	충청북도 보은군 마로면 소여리 359
충청북도	보은군	페비닐 공동집하장	충청북도 보은군 마로면 수문리 177-1(장안면 불목리 이용)
충청북도	보은군	페비닐 공동집하장	충청북도 보은군 마로면 수문리 233
충청북도	보은군	페비닐 공동집하장	충청북도 보은군 마로면 오천2리 602
충청북도	보은군	페비닐 공동집하장	충청북도 보은군 마로면 원정1리 471
충청북도	보은군	페비닐 공동집하장	충청북도 보은군 마로면 원정2리 50-7
충청북도	보은군	페비닐 공동집하장	충청북도 보은군 마로면 적암리 304-5
충청북도	보은군	페비닐 공동집하장	충청북도 보은군 마로면 한중리 198
충청북도	보은군	페비닐 공동집하장	충청북도 보은군 마로면송현리 497
충청북도	보은군	페비닐 공동집하장	충청북도 보은군 보은읍 강신리 313-3
충청북도	보은군	페비닐 공동집하장	충청북도 보은군 보은읍 교사리 376
충청북도	보은군	금굴리 공동집하장	충청북도 보은군 보은읍 금굴1리
충청북도	보은군	페비닐 공동집하장	충청북도 보은군 보은읍 길상1리 355
충청북도	보은군	페비닐 공동집하장	충청북도 보은군 보은읍 성주길 38
충청북도	보은군	페비닐 공동집하장	충청북도 보은군 보은읍 신함1리 507-4
충청북도	보은군	페비닐 공동집하장	충청북도 보은군 보은읍 신함리 426
충청북도	보은군	중초리 공동집하장	충청북도 보은군 보은읍 중초1리
충청북도	보은군	페비닐 공동집하장	충청북도 보은군 보은읍 중초리 505-2
충청북도	보은군	페비닐 공동집하장	충청북도 보은군 보읍읍 강산리 280
충청북도	보은군	페비닐 공동집하장	충청북도 보은군 보읍읍 중초리 176
충청북도	보은군	페비닐 공동집하장	충청북도 보은군 산외면 길탕1리303-10
충청북도	보은군	페비닐 공동집하장	충청북도 보은군 산외면 길탕2리 57-1
충청북도	보은군	페비닐 공동집하장	충청북도 보은군 산외면 대원리 402 (구거)
충청북도	보은군	폐비닐 공동집하장	충청북도 보은군 산외면 문암리 261-4, 262-3
충청북도	보은군	페비닐 공동집하장	충청북도 보은군 산외면 백석1리 575
충청북도	보은군	페비닐 공동집하장	충청북도 보은군 산외면 산대리(산 35)
충청북도	보은군	페비닐 공동집하장	충청북도 보은군 산외면 어온리 12-1(가고리이용)
충청북도	보은군	페비닐 공동집하장	충청북도 보은군 산외면 어온리(132-5)
충청북도	보은군	페비닐 공동집하장	충청북도 보은군 산외면 오대리 62
충청북도	보은군	페비닐 공동집하장	충청북도 보은군 산외면 원평리 165-1
충청북도	보은군	페비닐 공동집하장	충청북도 보은군 산외면 이식2리(483-3)
충청북도	보은군	페비닐 공동집하장	충청북도 보은군 산외면 이식리 300-3
충청북도	보은군	페비닐 공동집하장	충청북도 보은군 산외면 장갑2리 552-4
충청북도	보은군	페비닐 공동집하장	충청북도 보은군 산외면 중티리(136-1)
충청북도	보은군	페비닐 공동집하장	충청북도 보은군 산외면 탁주리 105-49(동화리이용)
충청북도	보은군	페비닐 공동집하장	충청북도 보은군 산외면 탁주리 4-2
충청북도	보은군	페비닐 공동집하장	충청북도 보은군 삼승면 내망2리 340-2
충청북도	보은군	페비닐 공동집하장	충청북도 보은군 삼승면 달산리 728(농기계창고옆)
충청북도	보은군	페비닐 공동집하장	충청북도 보은군 삼승면 상가리 23
충청북도	보은군	페비닐 공동집하장	충청북도 보은군 삼승면 선곡리 482
충청북도	보은군	페비닐 공동집하장	충청북도 보은군 삼승면 송죽리 532(농기계창고부지)
충청북도	보은군	페비닐 공동집하장	충청북도 보은군 삼승면 송죽리 532(농기계창고부지)
충청북도	보은군	페비닐 공동집하장	충청북도 보은군 삼승면 천남리 652-1
충청북도	보은군	폐비닐 공동집하장	충청북도 보은군 삼승면 천남리 652-1
충청북도	보은군	페비닐 공동집하장	충청북도 보은군 속리산면 갈목리 산15-15
충청북도	보은군	구병리 공동집하장	충청북도 보은군 속리산면 구병리(구병길 6)
충청북도	보은군	페비닐 공동집하장	충청북도 보은군 속리산면 도화리 187-1
충청북도	보은군	북암리 공동집하장	충청북도 보은군 속리산면 북암1리(북암리 318)
충청북도	보은군	페비닐 공동집하장	충청북도 보은군 속리산면 북암2리 61
충청북도	보은군	페비닐 공동집하장	충청북도 보은군 속리산면 북암리 223-3
충청북도	보은군	페비닐 공동집하장	충청북도 보은군 속리산면 삼가리 202-7
충청북도	보은군	페비닐 공동집하장	충청북도 보은군 속리산면 상판리 239-39
충청북도	보은군	페비닐 공동집하장	충청북도 보은군 속리산면 하판리 268
충청북도	보은군	거현리 공동집하장	충청북도 보은군 수한면 거현1리
충청북도	보은군	페비닐 공동집하장	충청북도 보은군 수한면 거현리 184-1
충청북도	보은군	페비닐 공동집하장	충청북도 보은군 수한면 거현리 505
충청북도	보은군	페비닐 공동집하장	충청북도 보은군 수한면 거현리 산46-1
충청북도	보은군	페비닐 공동집하장	충청북도 보은군 수한면 교암리 291-5
충청북도	보은군	폐비닐 공동집하장	충청북도 보은군 수한면 동정리 116-5
충청북도	보은군	페비닐 공동집하장	충청북도 보은군 수한면 동정리 446-2
충청북도	보은군	페비닐 공동집하장	충청북도 보은군 수한면 묘서2리 89-11
충청북도	보은군	페비닐 공동집하장	충청북도 보은군 수한면 발산리 207-5
충청북도	보은군	폐비닐 공동집하장	충청북도 보은군 수한면 병원리 215-1
충청북도	보은군	페비닐 공동집하장	충청북도 보은군 수한면 병원리 산1-2
충청북도	보은군	페비닐 공동집하장	충청북도 보은군 수한면 산척리 28
충청북도	보은군	페비닐 공동집하장	충청북도 보은군 수한면 성리 95-1
충청북도	보은군	페비닐 공동집하장	충청북도 보은군 수한면 소계리 511
충청북도	보은군	페비닐 공동집하장	충청북도 보은군 수한면 오정리 167-13
충청북도	보은군	페비닐 공동집하장	충청북도 보은군 수한면 율산리 3-2
충청북도	보은군	페비닐 공동집하장	충청북도 보은군 수한면 질신2리 438-2
충청북도	보은군	페비닐 공동집하장	충청북도 보은군 수한면 질신리 164-25
충청북도	보은군	페비닐 공동집하장	충청북도 보은군 수한면 후평리 154-1
충청북도	보은군	페비닐 공동집하장	충청북도 보은군 장안면 개안리 229-64
충청북도	보은군	페비닐 공동집하장	충청북도 보은군 장안면 구인리 287-13
충청북도	보은군	페비닐 공동집하장	충청북도 보은군 장안면 봉비리 147-1
충청북도	보은군	페비닐 공동집하장	충청북도 보은군 장안면 오창리 393-8
충청북도	보은군	페비닐 공동집하장	충청북도 보은군 장안면 장내리 산12-3
충청북도	보은군	페비닐 공동집하장	충청북도 보은군 장안면 장재리 58-4
충청북도	보은군	페비닐 공동집하장	충청북도 보은군 탄부면 고승리 391-2
충청북도	보은군	폐비닐 공동집하장	충청북도 보은군 탄부면 고승리 462-7
충청북도	보은군	페비닐 공동집하장	충청북도 보은군 탄부면 구암리 890
충청북도	보은군	페비닐 공동집하장	충청북도 보은군 탄부면 대양리 198-1
충청북도	보은군	페비닐 공동집하장	충청북도 보은군 탄부면 덕동리 135
충청북도	보은군	페비닐 공동집하장	충청북도 보은군 탄부면 덕동리 526-9
충청북도	보은군	페비닐 공동집하장	충청북도 보은군 탄부면 덕동리 668
충청북도	보은군	페비닐 공동집하장	충청북도 보은군 탄부면 매화2리 190-2
충청북도	보은군	페비닐 공동집하장	충청북도 보은군 탄부면 매화리 543-3
충청북도	보은군	페비닐 공동집하장	충청북도 보은군 탄부면 벽지리 115-6
충청북도	보은군	페비닐 공동집하장	충청북도 보은군 탄부면 사직리 245-7
충청북도	보은군	페비닐 공동집하장	충청북도 보은군 탄부면 상장1리 920
충청북도	보은군	페비닐 공동집하장	충청북도 보은군 탄부면 상장리 445-4(농기계창고 옆)
충청북도	보은군	페비닐 공동집하장	충청북도 보은군 탄부면 성지리 178-3
충청북도	보은군	페비닐 공동집하장	충청북도 보은군 탄부면 임한리 358
충청북도	보은군	페비닐 공동집하장	충청북도 보은군 탄부면 장암리 199-1
충청북도	보은군	페비닐 공동집하장	충청북도 보은군 탄부면 장암리 349-2
충청북도	보은군	페비닐 공동집하장	충청북도 보은군 탄부면 평각리 210-1
충청북도	보은군	페비닐 공동집하장	충청북도 보은군 탄부면 평각리 334
충청북도	보은군	페비닐 공동집하장	충청북도 보은군 탄부면 하장1리 1022
충청북도	보은군	페비닐 공동집하장	충청북도 보은군 탄부면 하장2리 22-2
충청북도	보은군	페비닐 공동집하장	충청북도 보은군 회남면 거교리 118-3
충청북도	보은군	폐비닐 공동집하장	충청북도 보은군 회남면 금곡리 95
충청북도	보은군	폐비닐 공동집하장	충청북도 보은군 회남면 사음리 1
충청북도	보은군	산수리 공동집하장	충청북도 보은군 회남면 산수길 56 마을회관 앞
충청북도	보은군	페비닐 공동집하장	충청북도 보은군 회남면 산수리 78-1
충청북도	보은군	페비닐 공동집하장	충청북도 보은군 회남면 신추리 244-1
충청북도	보은군	조곡1리 공동집하장	충청북도 보은군 회남면 조곡리 183-6 마을앞 공터
충청북도	보은군	페비닐 공동집하장	충청북도 보은군 회남면 조곡리 302-3
충청북도	보은군	페비닐 공동집하장	충청북도 보은군 회인면 건천리 174-2
충청북도	보은군	고석리 공동집하장	충청북도 보은군 회인면 고석리(고석리 501-11)
충청북도	보은군	페비닐 공동집하장	충청북도 보은군 회인면 눌곡리 291-2
충청북도	보은군	부수리 공동집하장	충청북도 보은군 회인면 부수2리(부수리 49-2)
충청북도	보은군	페비닐 공동집하장	충청북도 보은군 회인면 부수리 232-1
충청북도	보은군	송평리 공동집하장	충청북도 보은군 회인면 송평1리(송평리 206-1)
충청북도	보은군	페비닐 공동집하장	충청북도 보은군 회인면 송평리 206-1
충청북도	보은군	페비닐 공동집하장	충청북도 보은군 회인면 신대리 116-19
충청북도	보은군	페비닐 공동집하장	충청북도 보은군 회인면 신문리 334-1
충청북도	보은군	페비닐 공동집하장	충청북도 보은군 회인면 쌍암3리 180-3
충청북도	보은군	페비닐 공동집하장	충청북도 보은군 회인면 쌍암리 244
충청북도	보은군	페비닐 공동집하장	충청북도 보은군 회인면 오동리 129-5
충청북도	보은군	페비닐 공동집하장	충청북도 보은군 회인면 용곡리 552-3
충청북도	보은군	페비닐 공동집하장	충청북도 보은군 회인면 용곡리 71-3
충청북도	보은군	페비닐 공동집하장	충청북도 보은군 회인면 용촌리 432-11
충청북도	보은군	페비닐 공동집하장	충청북도 보은군 회인면 용촌리 53
충청북도	보은군	페비닐 공동집하장	충청북도 보은군 회인면 죽암리 122
충청북도	보은군	페비닐 공동집하장	충청북도 보은군 회인면 중앙리 174-2
충청북도	영동군	강진리 공동집하장	충청북도 영동군 매곡면 강진리 1046-1
충청북도	영동군	물여대마을 공동집하장	충청북도 영동군 매곡면 강진리 572-2
충청북도	영동군	공수2리 공동집하장	충청북도 영동군 매곡면 공수2리 548-1
충청북도	영동군	개춘마을 공동집하장	충청북도 영동군 매곡면 괘방령로 357
충청북도	영동군	노천하리 공동집하장	충청북도 영동군 매곡면 노천리 280-1
충청북도	영동군	노천상리 공동집하장	충청북도 영동군 매곡면 노천리 645
충청북도	영동군	수동리 공동집하장	충청북도 영동군 매곡면 수원리 474
충청북도	영동군	원촌리 공동집하장	충청북도 영동군 매곡면 수원리 926
충청북도	영동군	어촌리 공동집하장	충청북도 영동군 매곡면 어촌리 618
충청북도	영동군	용촌리 공동집하장	충청북도 영동군 매곡면 어촌리 618
충청북도	영동군	옥전리 공동집하장	충청북도 영동군 매곡면 옥전리 657-1
충청북도	영동군	장척리 공동집하장	충청북도 영동군 매곡면 장척리 78
충청북도	영동군	고자리 공동집하장	충청북도 영동군 상촌면 고자리 191-1
충청북도	영동군	궁촌1리 공동집하장	충청북도 영동군 상촌면 궁촌리 337(마을회관 옆)
충청북도	영동군	대해마을 공동집하장	충청북도 영동군 상촌면 대해리 661
충청북도	영동군	반점마을 공동집하장	충청북도 영동군 상촌면 상도대리 250-4
충청북도	영동군	유곡리 공동집하장	충청북도 영동군 상촌면 유곡리 413-1
충청북도	영동군	유곡1리 공동집하장	충청북도 영동군 상촌면 유곡리 498-6
충청북도	영동군	흥덕리 공동집하장	충청북도 영동군 상촌면 흥덕리 109-16
충청북도	영동군	각계리	충청북도 영동군 심천면 각계리 508-3
충청북도	영동군	지계리	충청북도 영동군 심천면 각계리 674
충청북도	영동군	고당2	충청북도 영동군 심천면 고당리 887
충청북도	영동군	고당3	충청북도 영동군 심천면 고당리 산 5-11
충청북도	영동군	구탄리	충청북도 영동군 심천면 구탄리 412
충청북도	영동군	기호리	충청북도 영동군 심천면 기호리 80
충청북도	영동군	결현리	충청북도 영동군 심천면 길현리 726번지
충청북도	영동군	마곡리	충청북도 영동군 심천면 마곡리 857-6
충청북도	영동군	심천리	충청북도 영동군 심천면 심천리 447-2
충청북도	영동군	심천리	충청북도 영동군 심천면 심천리 447-2
충청북도	영동군	서금리	충청북도 영동군 심천면 심천리 산26-8
충청북도	영동군	용당리	충청북도 영동군 심천면 용당리 34
충청북도	영동군	장동1리	충청북도 영동군 심천면 장동리 160-1
충청북도	영동군	초강리	충청북도 영동군 심천면 초강리 307-1
충청북도	영동군	가동리	충청북도 영동군 양강면 가동리 634
충청북도	영동군	괴목리	충청북도 영동군 양강면 괴목리 1037-100
충청북도	영동군	괴목마을 공동집하장	충청북도 영동군 양강면 괴목리 411-2
충청북도	영동군	괴목리	충청북도 영동군 양강면 괴목리 731
충청북도	영동군	구강마을 공동집하장	충청북도 영동군 양강면 구강리 109
충청북도	영동군	두평마을 공동집하장	충청북도 영동군 양강면 두평리 324-4
충청북도	영동군	내만마을 공동집하장	충청북도 영동군 양강면 만계리 863(내만경로당 옆)
충청북도	영동군	묘동리	충청북도 영동군 양강면 묘동리 268-3
충청북도	영동군	양정마을 공동집하장	충청북도 영동군 양강면 양정리 482
충청북도	영동군	유점마을 공동집하장	충청북도 영동군 양강면 유점리 730-33
충청북도	영동군	봉곡리	충청북도 영동군 양산면 봉곡리 105
충청북도	영동군	원당리폐비닐집하장	충청북도 영동군 양산면 원당리 136-1
충청북도	영동군	호탄리포도집하장	충청북도 영동군 양산면 호탄리 296-5
충청북도	영동군	상가리집하장	충청북도 영동군 영동읍 가리 389-2
충청북도	영동군	당곡리폐기물집하장	충청북도 영동군 영동읍 당곡로 150
충청북도	영동군	산이리집하장	충청북도 영동군 영동읍 산이리 87-2
충청북도	영동군	탑선리집하장	충청북도 영동군 영동읍 심원리 364-1
충청북도	영동군	예전리집하장	충청북도 영동군 영동읍 심원리 435-5
충청북도	영동군	오정리간이집하장	충청북도 영동군 영동읍 오정1길 8
충청북도	영동군	비탄리폐기물집하장	충청북도 영동군 영동읍 오탄리 123번지
충청북도	영동군	비탄리폐기물집하장	충청북도 영동군 영동읍 오탄리 285번지
충청북도	영동군	화신리포도집하장	충청북도 영동군 영동읍 화신로 169
충청북도	영동군	가곡리	충청북도 영동군 용산면 가곡리 224-2
충청북도	영동군	구촌1리	충청북도 영동군 용산면 구촌1리 556
충청북도	영동군	매금리(본동)	충청북도 영동군 용산면 매금리 88-3
충청북도	영동군	매금리(매남동)	충청북도 영동군 용산면 매금리 88-3
충청북도	영동군	백자전리	충청북도 영동군 용산면 백자전리 131-2
충청북도	영동군	덕진리	충청북도 영동군 용산면 백자전리 335-1
충청북도	영동군	법화리	충청북도 영동군 용산면 법화리 327-5
충청북도	영동군	부릉리	충청북도 영동군 용산면 부릉리 271
충청북도	영동군	산저리	충청북도 영동군 용산면 산저리 649
충청북도	영동군	상용리	충청북도 영동군 용산면 상용리128
충청북도	영동군	율2리	충청북도 영동군 용산면 율리 306
충청북도	영동군	율1리	충청북도 영동군 용산면 율리 산65-3
충청북도	영동군	천작리	충청북도 영동군 용산면 천작리 315
충청북도	영동군	청화리	충청북도 영동군 용산면 청화리 399
충청북도	영동군	한석리	충청북도 영동군 용산면 한석리 244
충청북도	영동군	한석리	충청북도 영동군 용산면 한석리 640
충청북도	영동군	안정마을	충청북도 영동군 용화면 안정리 185-1
충청북도	영동군	원당마을	충청북도 영동군 용화면 안정리 251
충청북도	영동군	여의마을	충청북도 영동군 용화면 여의리 108-22
충청북도	영동군	용화마을	충청북도 영동군 용화면 용화리 771-1
충청북도	영동군	흘계마을	충청북도 영동군 용화면 월전리 83-1
충청북도	영동군	횡지마을	충청북도 영동군 용화면 자계리 418
충청북도	영동군	자계마을	충청북도 영동군 용화면 자계리 913
충청북도	영동군	관리	충청북도 영동군 추풍령면 관리 211-7
충청북도	영동군	폐비닐 공동집하장	충청북도 영동군 추풍령면 작점리 산 1번지
충청북도	영동군	폐비닐 공동집하장	충청북도 영동군 추풍령면 추풍령리 692-12
충청북도	영동군	광평마을 공동집하장	충청북도 영동군 학산면 넘벌2길 2
충청북도	영동군	당곡마을 공동집하장	충청북도 영동군 학산면 당곡리길 28
충청북도	영동군	하지마을 공동집하장	충청북도 영동군 학산면 모산1길 5
충청북도	영동군	상지마을 공동집하장	충청북도 영동군 학산면 박계리 1131
충청북도	영동군	박계마을 공동집하장	충청북도 영동군 학산면 박계리 173-4
충청북도	영동군	박계리	충청북도 영동군 학산면 박계리 329-5
충청북도	영동군	순양마을 공동집하장	충청북도 영동군 학산면 박계리 511
충청북도	영동군	범화리	충청북도 영동군 학산면 범화리 1703
충청북도	영동군	봉암마을 공동집하장	충청북도 영동군 학산면 봉림리 565
충청북도	영동군	삼정마을 공동집하장	충청북도 영동군 학산면 봉소리 1698
충청북도	영동군	서곡마을 공동집하장	충청북도 영동군 학산면 서산리 270
충청북도	영동군	철동마을 공동집하장	충청북도 영동군 학산면 아암리 348-1
충청북도	영동군	굴우마을 공동집하장	충청북도 영동군 학산면 아암리 619-1
충청북도	영동군	지내리	충청북도 영동군 학산면 지내리 1103
충청북도	영동군	모리마을 공동집하장	충청북도 영동군 학산면 지내리 1309
충청북도	영동군	지내리	충청북도 영동군 학산면 지내리 532-2
충청북도	영동군	지내마을 공동집하장	충청북도 영동군 학산면 지내리 600-7
충청북도	영동군	용산마을 공동집하장	충청북도 영동군 학산면 황산리 335-6
충청북도	영동군	모정마을 공동집하장	충청북도 영동군 학산면 황산리 646-1
충청북도	영동군	광평마을 공동집하장	충청북도 영동군 황간면 광평리 294-1
충청북도	영동군	난곡마을 공동집하장	충청북도 영동군 황간면 난곡길 123
충청북도	영동군	소난곡마을 공동집하장	충청북도 영동군 황간면 난곡리 486-4
충청북도	영동군	안화2마을 공동집하장	충청북도 영동군 황간면 노근리 717-3
충청북도	영동군	노근마을 공동집하장	충청북도 영동군 황간면 노근리 750-1
충청북도	영동군	마산마을 공동집하장	충청북도 영동군 황간면 마산리 467
충청북도	영동군	신탄1리마을 공동집하장	충청북도 영동군 황간면 서송원리 194-1
충청북도	영동군	신촌마을 공동집하장	충청북도 영동군 황간면 소계리 332-2
충청북도	영동군	황주마을 공동집하장	충청북도 영동군 황간면 신흥리 246
충청북도	영동군	신흥리	충청북도 영동군 황간면 신흥리 90-18
충청북도	영동군	하용암마을 공동집하장	충청북도 영동군 황간면 용암리 460-2
충청북도	영동군	우매마을 공동집하장	충청북도 영동군 황간면 우매리 392-1
충청북도	영동군	완정마을 공동집하장	충청북도 영동군 황간면 우매리 67-1
충청북도	영동군	우천리	충청북도 영동군 황간면 우천리 180
충청북도	영동군	우천마을 공동집하장	충청북도 영동군 황간면 우천리 180
충청북도	영동군	원촌리 공동집하장	충청북도 영동군 황간면 원촌리 244-1
충청북도	영동군	회포마을 공동집하장	충청북도 영동군 황간면 회포리 218-1
충청북도	영동군	마포마을 공동집하장	충청북도 영동군 황간면 회포리 281
충청북도	영동군	도동마을 공동집하장	충청북도 영동군 황간면 회포리 9
충청북도	옥천군	석호리 폐비닐집하장	충청북도 옥천군 군북면 석호리 572
충청북도	옥천군	감로리 폐비닐집하장	충청북도 옥천군 군북면 증약리 255-7
충청북도	옥천군	감로리 폐비닐집하장	충청북도 옥천군 군북면 증약리 266-1
충청북도	옥천군	상중리 폐비닐수거장	충청북도 옥천군 군서면 상중리 518
충청북도	옥천군	오동1리 폐비닐수거장	충청북도 옥천군 군서면 오동리 263-1
충청북도	옥천군	석탄리 폐비닐집하장	충청북도 옥천군 동이면 석탄리 552
충청북도	옥천군	석탄2리 폐비닐집하장	충청북도 옥천군 동이면 석탄리 944
충청북도	옥천군	석화리 폐비닐집하장	충청북도 옥천군 동이면 세산리 195-3
충청북도	옥천군	우산1리 폐비닐집하장	충청북도 옥천군 동이면 우산리 1115-3
충청북도	옥천군	우산2리 폐비닐집하장	충청북도 옥천군 동이면 우산리 801-1
충청북도	옥천군	용죽리 폐비닐집하장	충청북도 옥천군 동이면 적하리 200-2
충청북도	옥천군	적하리 폐비닐집하장	충청북도 옥천군 동이면 적하리 산33-3
충청북도	옥천군	소도리 폐비닐집하장	충청북도 옥천군 동이면 평산리 1395-40
충청북도	옥천군	도농1리 폐비닐집하장	충청북도 옥천군 안남면 도농1리 636
충청북도	옥천군	도농2리 폐비닐집하장	충청북도 옥천군 안남면 도농2리 소야마을
충청북도	옥천군	도덕1리 폐비닐집하장	충청북도 옥천군 안남면 도덕리 759-2
충청북도	옥천군	연주1리 폐비닐집하장	충청북도 옥천군 안남면 연주리 47-4
충청북도	옥천군	연주2리 폐비닐집하장	충청북도 옥천군 안남면 연주리 888-1
충청북도	옥천군	종미리 폐비닐집하장	충청북도 옥천군 안남면 종미리 297
충청북도	옥천군	화학2리 폐비닐집하장	충청북도 옥천군 안남면 화학리 93-2
충청북도	옥천군	답양리 폐비닐수거장	충청북도 옥천군 안내면 답양리 168-6
충청북도	옥천군	도이리 폐비닐수거장	충청북도 옥천군 안내면 도이리 27-3
충청북도	옥천군	방하목리 폐비닐수거장	충청북도 옥천군 안내면 방하목리 325-3
충청북도	옥천군	뱀골 폐비닐수거장	충청북도 옥천군 안내면 서대리 540 뱀골
충청북도	옥천군	인포리 폐비닐수거장	충청북도 옥천군 안내면 인포리 152-2
충청북도	옥천군	장계리 폐비닐수거장(욱계)	충청북도 옥천군 안내면 장계리 517-3
충청북도	옥천군	장계리 폐비닐수거장(진모래쪽)	충청북도 옥천군 안내면 장계리 78-16
충청북도	옥천군	정방리 폐비닐수거장	충청북도 옥천군 안내면 정방리 156-4
충청북도	옥천군	가풍리 폐비닐 집하장	충청북도 옥천군 옥천읍 가풍리 459
충청북도	옥천군	개심리 폐비닐집하장	충청북도 옥천군 이원면 개심리 657-2
충청북도	옥천군	백지리 폐비닐집하장	충청북도 옥천군 이원면 백지리 453-1
충청북도	옥천군	백지리 영농폐비닐 공동집하장	충청북도 옥천군 이원면 백지리 922-9
충청북도	옥천군	구룡리 공동집하장	충청북도 옥천군 이원면 용방리 120-4
충청북도	옥천군	원동1리 영농폐비닐 공동집하장	충청북도 옥천군 이원면 원동리 542-1
충청북도	옥천군	현리 영농폐비닐 공동집하장	충청북도 옥천군 이원면 이원리 642
충청북도	옥천군	지탄리 영농폐비닐 공동집하장	충청북도 옥천군 이원면 지탄리 1391
충청북도	옥천군	포동리 영농폐비닐 공동집하장	충청북도 옥천군 이원면 지탄리 961-1
충청북도	옥천군	교평리 폐비닐집하장	충청북도 옥천군 청산면 교평리 213
충청북도	옥천군	대성리 폐비닐집하장	충청북도 옥천군 청산면 대성리 159-3
충청북도	옥천군	백운리 폐비닐집하장	충청북도 옥천군 청산면 백운리 312-2
충청북도	옥천군	법화리 폐비닐집하장	충청북도 옥천군 청산면 법화리 194-2
충청북도	옥천군	법화리 폐비닐집하장	충청북도 옥천군 청산면 법화리 53-2
충청북도	옥천군	상예곡리 폐비닐집하장	충청북도 옥천군 청산면 상예곡리 산 8-1
충청북도	옥천군	장위리 폐비닐집하장	충청북도 옥천군 청산면 장위리 386-1
충청북도	옥천군	판수리 폐비닐집하장	충청북도 옥천군 청산면 판수리 343(변경)
충청북도	옥천군	판수리 폐비닐집하장	충청북도 옥천군 청산면 판수리 516
충청북도	옥천군	하서리 폐비닐집하장	충청북도 옥천군 청산면 하서리 201
충청북도	옥천군	하서리 폐비닐집하장	충청북도 옥천군 청산면 하서리 33-2
충청북도	옥천군	효림리 폐비닐집하장	충청북도 옥천군 청산면 효림리 272
충청북도	옥천군	구음 폐비닐집하장	충청북도 옥천군 청성면 구음2리
충청북도	옥천군	구음리 폐비닐집하장	충청북도 옥천군 청성면 구음리 543
충청북도	옥천군	궁촌리 폐비닐집하장	충청북도 옥천군 청성면 궁촌리 515
충청북도	옥천군	대안리 폐비닐집하장	충청북도 옥천군 청성면 대안리 899
충청북도	옥천군	대안리 폐비닐집하장	충청북도 옥천군 청성면 대안리 귀곡마을
충청북도	옥천군	도장리 폐비닐 집하장	충청북도 옥천군 청성면 도장리 113-1
충청북도	옥천군	도장리 폐비닐집하장	충청북도 옥천군 청성면 도장리 527-6
충청북도	옥천군	묘금리 폐비닐집하장	충청북도 옥천군 청성면 묘금리 488-1
충청북도	옥천군	묘금리 폐비닐집하장	충청북도 옥천군 청성면 묘금리 산 26-2
충청북도	옥천군	산계1리 폐비닐집하장	충청북도 옥천군 청성면 산계리 315
충청북도	옥천군	삼남리 폐비닐집하장	충청북도 옥천군 청성면 삼남리 205-3
충청북도	옥천군	석성리 폐비닐집하장	충청북도 옥천군 청성면 석성리 석성마을
충청북도	옥천군	소서리 폐비닐집하장	충청북도 옥천군 청성면 소서리 453
충청북도	옥천군	소서리 폐비닐집하장	충청북도 옥천군 청성면 소서리 456
충청북도	옥천군	조천리 폐비닐집하장	충청북도 옥천군 청성면 조천리 275-1
충청북도	음성군	감곡면 폐비닐집하장	충청북도 음성군 감곡면 단평리 260-2(단평1리)
충청북도	음성군	음성읍 폐비닐집하장	충청북도 음성군 감우리 237
충청북도	음성군	생극면 폐비닐집하장	충청북도 음성군 관성리 산 89-2
충청북도	음성군	금왕읍 폐비닐집하장	충청북도 음성군 금왕읍 구계리 110-3 110-5
충청북도	음성군	금왕읍 폐비닐집하장	충청북도 음성군 금왕읍 내곡리 109-3
충청북도	음성군	금왕읍 폐비닐집하장	충청북도 음성군 금왕읍 도청리 585-11
충청북도	음성군	금왕읍 폐비닐집하장	충청북도 음성군 금왕읍 본대리 487
충청북도	음성군	금왕읍 폐비닐집하장	충청북도 음성군 금왕읍 사창리 산40-7
충청북도	음성군	금왕읍 폐비닐집하장	충청북도 음성군 금왕읍 호산리 321-1
충청북도	음성군	대소면 폐비닐집하장	충청북도 음성군 대소면 성본리 112
충청북도	음성군	대소면 폐비닐집하장	충청북도 음성군 대소면 오류리 345-7
충청북도	음성군	음성읍 폐비닐집하장	충청북도 음성군 동음2리 246-1
충청북도	음성군	맹동면 폐비닐집하장	충청북도 음성군 맹동면 두성리 4
충청북도	음성군	맹동면 폐비닐집하장	충청북도 음성군 맹동면 두성리 57-4
충청북도	음성군	맹동면 폐비닐집하장	충청북도 음성군 맹동면 마산리 464
충청북도	음성군	맹동면 폐비닐집하장	충청북도 음성군 맹동면 용촌리 343-3
충청북도	음성군	맹동면 폐비닐집하장	충청북도 음성군 맹동면 용촌리 366-3번지
충청북도	음성군	맹동면 폐비닐집하장	충청북도 음성군 맹동면 용촌리 737-2
충청북도	음성군	맹동면 폐비닐집하장	충청북도 음성군 맹동면 원중로 804
충청북도	음성군	맹동면 폐비닐집하장	충청북도 음성군 맹동면 인곡리 304 (주소변경)
충청북도	음성군	맹동면 폐비닐집하장	충청북도 음성군 맹동면 인곡리 90-10
충청북도	음성군	생극면 폐비닐집하장	충청북도 음성군 방축리 65-3
충청북도	음성군	음성읍 폐비닐집하장	충청북도 음성군 사정리 910
충청북도	음성군	음성읍 폐비닐집하장	충청북도 음성군 삼생1리 49
충청북도	음성군	음성읍 폐비닐집하장	충청북도 음성군 삼생4리 996-1
충청북도	음성군	음성읍 폐비닐집하장	충청북도 음성군 삼생리 553-1(삼생2리)
충청북도	음성군	삼성면 폐비닐집하장	충청북도 음성군 삼성면 대야길 46-1(대야리)
충청북도	음성군	삼성면 폐비닐집하장	충청북도 음성군 삼성면 상곡리 154-1(상곡1리)
충청북도	음성군	삼성면 폐비닐집하장	충청북도 음성군 삼성면 선정리 241(선정4리)
충청북도	음성군	삼성면 폐비닐집하장	충청북도 음성군 삼성면 천평리 79-1(천평2리)
충청북도	음성군	생극면 폐비닐집하장	충청북도 음성군 생리 407-1
충청북도	음성군	생극면 폐비닐집하장	충청북도 음성군 생리 753-1
충청북도	음성군	음성읍 폐비닐집하장	충청북도 음성군 석인리 37-3
충청북도	음성군	소이면 폐비닐집하장	충청북도 음성군 소이면 갑산리 174-8(갑산2리)
충청북도	음성군	소이면 폐비닐집하장	충청북도 음성군 소이면 갑산리 540-2(갑산1리)
충청북도	음성군	소이면 폐비닐집하장	충청북도 음성군 소이면 대장리 586
충청북도	음성군	소이면 폐비닐집하장	충청북도 음성군 소이면 봉전리 193-7(봉전1리)
충청북도	음성군	소이면 폐비닐집하장	충청북도 음성군 소이면 봉전리 346-2(봉전2리)
충청북도	음성군	소이면 폐비닐집하장	충청북도 음성군 소이면 비산리 260-1(비산2리)
충청북도	음성군	소이면 폐비닐집하장	충청북도 음성군 소이면 비산리 406-6(비산3리)
충청북도	음성군	소이면 폐비닐집하장	충청북도 음성군 소이면 비산리 5901-(비산4리)
충청북도	음성군	소이면 폐비닐집하장	충청북도 음성군 소이면 비산리 742-1(비산1리)
충청북도	음성군	소이면 폐비닐집하장	충청북도 음성군 소이면 중동리 1260-46(중동2리)
충청북도	음성군	소이면 폐비닐집하장	충청북도 음성군 소이면 중동리 434-1(중동3리)
충청북도	음성군	소이면 폐비닐집하장	충청북도 음성군 소이면 중동리 48
충청북도	음성군	소이면 폐비닐집하장	충청북도 음성군 소이면 충도리 1282-2(충도4리)
충청북도	음성군	소이면 폐비닐집하장	충청북도 음성군 소이면 충도리 241-3(충도2리)
충청북도	음성군	소이면 폐비닐집하장	충청북도 음성군 소이면 충도리 557(충도3리)
충청북도	음성군	소이면 폐비닐집하장	충청북도 음성군 소이면 충도리 97-2(충도1리)
충청북도	음성군	소이면 폐비닐집하장	충청북도 음성군 소이면 후미리 산 18-4(후미3리)
충청북도	음성군	생극면 폐비닐집하장	충청북도 음성군 송곡리 393-3, 434-29
충청북도	음성군	음성읍 폐비닐집하장	충청북도 음성군 신천1리 636-1
충청북도	음성군	음성읍 폐비닐집하장	충청북도 음성군 신천2리 781-2
충청북도	음성군	음성읍 폐비닐집하장	충청북도 음성군 신천3리 334-2
충청북도	음성군	생극면 폐비닐집하장	충청북도 음성군 오생리 324
충청북도	음성군	생극면 폐비닐집하장	충청북도 음성군 오생리 640-7
충청북도	음성군	삼성면 폐비닐집하장	충청북도 음성군 용성리 490-4(용성3리)
충청북도	음성군	원남면 폐비닐집하장	충청북도 음성군 원남면 덕정리 121-6,7(덕정리)
충청북도	음성군	원남면 폐비닐집하장	충청북도 음성군 원남면 마송리 산8-1(마송 2리)
충청북도	음성군	원남면 폐비닐집하장	충청북도 음성군 원남면 문암리 376-1(문암 2리)
충청북도	음성군	원남면 폐비닐집하장	충청북도 음성군 원남면 문암리 607-3
충청북도	음성군	원남면 폐비닐집하장	충청북도 음성군 원남면 문암리 649-2(문암 3리)
충청북도	음성군	원남면 폐비닐집하장	충청북도 음성군 원남면 보룡리 196-2
충청북도	음성군	원남면 폐비닐집하장	충청북도 음성군 원남면 보천리 262(보천 3리)
충청북도	음성군	원남면 폐비닐집하장	충청북도 음성군 원남면 삼용리 433-5(삼용 2리)
충청북도	음성군	원남면 폐비닐집하장	충청북도 음성군 원남면 삼용리 산45-1(삼용 1리)
충청북도	음성군	원남면 폐비닐집하장	충청북도 음성군 원남면 상노리 199-1(상노리)
충청북도	음성군	원남면 폐비닐집하장	충청북도 음성군 원남면 주봉리 183-1(주봉 1리)
충청북도	음성군	원남면 폐비닐집하장	충청북도 음성군 원남면 주봉리 672-1
충청북도	음성군	원남면 폐비닐집하장	충청북도 음성군 원남면 주봉리 955
충청북도	음성군	원남면 폐비닐집하장	충청북도 음성군 원남면 하노리 805-2(하노 2리)
충청북도	음성군	원남면 폐비닐집하장	충청북도 음성군 원남면 하당리 411-1
충청북도	음성군	생극면 폐비닐집하장	충청북도 음성군 임곡리 493
충청북도	음성군	생극면 폐비닐집하장	충청북도 음성군 차평리 402-2
충청북도	음성군	음성읍 폐비닐집하장	충청북도 음성군 초천4리 1188
충청북도	음성군	음성읍 폐비닐집하장	충청북도 음성군 초천리 산147-1(초천2리)
충청북도	음성군	음성읍 폐비닐집하장	충청북도 음성군 평곡3리 976-2
충청북도	제천시	화산동-6	충청북도 제천시 강제동 57-4
충청북도	제천시	화산동-7	충청북도 제천시 강제동 573
충청북도	제천시	신백동-3	충청북도 제천시 고명동 241-1
충청북도	제천시	신백동-4	충청북도 제천시 고명동 298
충청북도	제천시	신백동-6	충청북도 제천시 고명동 591
충청북도	제천시	신백동-5	충청북도 제천시 고명동 779-10
충청북도	제천시	의림지동-1	충청북도 제천시 고암동 348-5
충청북도	제천시	의림지동-2	충청북도 제천시 고암동 846-1
충청북도	제천시	금성면-1	충청북도 제천시 금성면 구룡리 431-1
충청북도	제천시	금성면-11	충청북도 제천시 금성면 대장리 174-3
충청북도	제천시	금성면-3	충청북도 제천시 금성면 사곡리 226-1
충청북도	제천시	금성면-10	충청북도 제천시 금성면 양화리 763-3
충청북도	제천시	금성면-6	충청북도 제천시 금성면 월굴리 709-1
충청북도	제천시	금성면-9	충청북도 제천시 금성면 월림리 535-1
충청북도	제천시	금성면-2	충청북도 제천시 금성면 적덕리 산14-5,90-1
충청북도	제천시	금성면-7	충청북도 제천시 금성면 중전리 95-3
충청북도	제천시	금성면-8	충청북도 제천시 금성면 포전리 421
충청북도	제천시	금성면-5	충청북도 제천시 금성면 활산리 109
충청북도	제천시	금성면-4	충청북도 제천시 금성면 활산리 675
충청북도	제천시	신백동-7	충청북도 제천시 대랑동 213-6
충청북도	제천시	덕산면-14	충청북도 제천시 덕산면 도기리 456
충청북도	제천시	덕산면-1	충청북도 제천시 덕산면 도전리 540
충청북도	제천시	덕산면-10	충청북도 제천시 덕산면 도전리 산39
충청북도	제천시	덕산면-12	충청북도 제천시 덕산면 선고리 1073-1
충청북도	제천시	덕산면-11	충청북도 제천시 덕산면 선고리 781-1
충청북도	제천시	덕산면-13	충청북도 제천시 덕산면 선고리 918
충청북도	제천시	덕산면-2	충청북도 제천시 덕산면 성암리 308
충청북도	제천시	덕산면-6	충청북도 제천시 덕산면 수산리 235-5
충청북도	제천시	덕산면-5	충청북도 제천시 덕산면 수산리 643
충청북도	제천시	덕산면-3	충청북도 제천시 덕산면 신현리 1245-1
충청북도	제천시	덕산면-4	충청북도 제천시 덕산면 신현리 1748-1
충청북도	제천시	덕산면-9	충청북도 제천시 덕산면 억수리 303-5
충청북도	제천시	덕산면-7	충청북도 제천시 덕산면 월악리 728-4
충청북도	제천시	덕산면-8	충청북도 제천시 덕산면 월악리 875-12
충청북도	제천시	신백동-8	충청북도 제천시 두학동 118-5
충청북도	제천시	신백동-9	충청북도 제천시 두학동 299-17
충청북도	제천시	신백동-10	충청북도 제천시 두학동 576
충청북도	제천시	신백동-11	충청북도 제천시 두학동 841
충청북도	제천시	화산동-5	충청북도 제천시 명지동 198-2
충청북도	제천시	화산동-4	충청북도 제천시 명지동 345
충청북도	제천시	의림지동-3	충청북도 제천시 모산동 355
충청북도	제천시	백운면-13	충청북도 제천시 백운면 덕동리 228-1
충청북도	제천시	백운면-18	충청북도 제천시 백운면 도곡리 272
충청북도	제천시	백운면-19	충청북도 제천시 백운면 도곡리 691-4
충청북도	제천시	백운면-5	충청북도 제천시 백운면 모정리 251-17
충청북도	제천시	백운면-6	충청북도 제천시 백운면 모정리 316-1
충청북도	제천시	백운면-20	충청북도 제천시 백운면 방학리 433-4
충청북도	제천시	백운면-4	충청북도 제천시 백운면 방학리 522-1
충청북도	제천시	백운면-21	충청북도 제천시 백운면 방학리 522-1(2)
충청북도	제천시	백운면-17	충청북도 제천시 백운면 애련리 168-1
충청북도	제천시	백운면-16	충청북도 제천시 백운면 애련리 401-1
충청북도	제천시	백운면-14	충청북도 제천시 백운면 운학리 899-10
충청북도	제천시	백운면-15	충청북도 제천시 백운면 운학리 942
충청북도	제천시	백운면-8	충청북도 제천시 백운면 원월리 144
충청북도	제천시	백운면-10	충청북도 제천시 백운면 원월리 160-37
충청북도	제천시	백운면-11	충청북도 제천시 백운면 원월리 23
충청북도	제천시	백운면-12	충청북도 제천시 백운면 원월리 469-1
충청북도	제천시	백운면-7	충청북도 제천시 백운면 원월리 670-9
충청북도	제천시	백운면-9	충청북도 제천시 백운면 원월리 746-9
충청북도	제천시	백운면-3	충청북도 제천시 백운면 평동리 산50-1
충청북도	제천시	백운면-2	충청북도 제천시 백운면 화당리 100
충청북도	제천시	백운면-1	충청북도 제천시 백운면 화당리 405-5
충청북도	제천시	봉양읍-2	충청북도 제천시 봉양읍 공전리 1054-67
충청북도	제천시	봉양읍-3	충청북도 제천시 봉양읍 공전리 413-1
충청북도	제천시	봉양읍-1	충청북도 제천시 봉양읍 공전리 692-13
충청북도	제천시	봉양읍-7	충청북도 제천시 봉양읍 구곡리 1384
충청북도	제천시	봉양읍-5	충청북도 제천시 봉양읍 구곡리 606-1
충청북도	제천시	봉양읍-6	충청북도 제천시 봉양읍 구곡리 856
충청북도	제천시	봉양읍-4	충청북도 제천시 봉양읍 구곡리 94
충청북도	제천시	봉양읍-8	충청북도 제천시 봉양읍 구학리 13
충청북도	제천시	봉양읍-9	충청북도 제천시 봉양읍 구학리 536-6
충청북도	제천시	봉양읍-10	충청북도 제천시 봉양읍 마곡리 567-2
충청북도	제천시	봉양읍-11	충청북도 제천시 봉양읍 명도리 369-19
충청북도	제천시	봉양읍-12	충청북도 제천시 봉양읍 명도리 97-2
충청북도	제천시	봉양읍-13	충청북도 제천시 봉양읍 명암리 584-2
충청북도	제천시	봉양읍-14	충청북도 제천시 봉양읍 명암리 663
충청북도	제천시	봉양읍-16	충청북도 제천시 봉양읍 미당리 103-7
충청북도	제천시	봉양읍-15	충청북도 제천시 봉양읍 미당리 789-5
충청북도	제천시	봉양읍-17	충청북도 제천시 봉양읍 봉양리 171-6
충청북도	제천시	봉양읍-18	충청북도 제천시 봉양읍 삼거리 1362-11
충청북도	제천시	봉양읍-19	충청북도 제천시 봉양읍 삼거리 1417
충청북도	제천시	봉양읍-20	충청북도 제천시 봉양읍 연박리 1226-8
충청북도	제천시	봉양읍-21	충청북도 제천시 봉양읍 연박리 461-1
충청북도	제천시	봉양읍-22	충청북도 제천시 봉양읍 옥전리 152
충청북도	제천시	봉양읍-23	충청북도 제천시 봉양읍 옥전리 961
충청북도	제천시	봉양읍-24	충청북도 제천시 봉양읍 원박리 242-2
충청북도	제천시	봉양읍-32	충청북도 제천시 봉양읍 원박리 242-2(2)
충청북도	제천시	봉양읍-26	충청북도 제천시 봉양읍 장평리 315-4
충청북도	제천시	봉양읍-25	충청북도 제천시 봉양읍 장평리 804-1
충청북도	제천시	봉양읍-31	충청북도 제천시 봉양읍 장평리 894-2
충청북도	제천시	봉양읍-27	충청북도 제천시 봉양읍 주포리 146
충청북도	제천시	봉양읍-28	충청북도 제천시 봉양읍 팔송리 330-9
충청북도	제천시	봉양읍-29	충청북도 제천시 봉양읍 학산리 700-4
충청북도	제천시	봉양읍-30	충청북도 제천시 봉양읍 학산리 700-4(2)
충청북도	제천시	화산동-2	충청북도 제천시 산곡동 322-5
충청북도	제천시	화산동-3	충청북도 제천시 산곡동 624-2
충청북도	제천시	화산동-1	충청북도 제천시 산곡동151-1
충청북도	제천시	송학면-11	충청북도 제천시 송학면 도화리 996-66
충청북도	제천시	송학면-12	충청북도 제천시 송학면 도화리 996-76
충청북도	제천시	송학면-9	충청북도 제천시 송학면 무도리 500-7
충청북도	제천시	송학면-10	충청북도 제천시 송학면 무도리 958-4
충청북도	제천시	신백동-1	충청북도 제천시 송학면 무도리 991-1
충청북도	제천시	송학면-8	충청북도 제천시 송학면 무도리 산 50-1
충청북도	제천시	송학면-13	충청북도 제천시 송학면 송한리 301-10
충청북도	제천시	송학면-15	충청북도 제천시 송학면 송한리 937
충청북도	제천시	송학면-14	충청북도 제천시 송학면 송한리 937(2)
충청북도	제천시	송학면-5	충청북도 제천시 송학면 시곡리 1135
충청북도	제천시	송학면-7	충청북도 제천시 송학면 시곡리 352-2
충청북도	제천시	송학면-4	충청북도 제천시 송학면 시곡리 604-1
충청북도	제천시	송학면-6	충청북도 제천시 송학면 시곡리 산19-1
충청북도	제천시	송학면-16	충청북도 제천시 송학면 오미리 149-2
충청북도	제천시	송학면-1	충청북도 제천시 송학면 입석리 450-1(2통)
충청북도	제천시	송학면-2	충청북도 제천시 송학면 입석리 450-1(3통)
충청북도	제천시	송학면-3	충청북도 제천시 송학면 입석리 450-1(4통)
충청북도	제천시	송학면-17	충청북도 제천시 송학면 포전리 48-6
충청북도	제천시	수산면-14	충청북도 제천시 수산면 고명리 109-2
충청북도	제천시	수산면-13	충청북도 제천시 수산면 고명리 산28-3
충청북도	제천시	수산면-16	충청북도 제천시 수산면 내리 294
충청북도	제천시	수산면-1	충청북도 제천시 수산면 대전리 255-3
충청북도	제천시	수산면-2	충청북도 제천시 수산면 대전리 581-3
충청북도	제천시	수산면-15	충청북도 제천시 수산면 도전리 산24-5
충청북도	제천시	수산면-7	충청북도 제천시 수산면 서곡리 186-1
충청북도	제천시	수산면-8	충청북도 제천시 수산면 서곡리 259-7
충청북도	제천시	수산면-9	충청북도 제천시 수산면 수곡리 1117
충청북도	제천시	수산면-10	충청북도 제천시 수산면 수리 143-2
충청북도	제천시	수산면-11	충청북도 제천시 수산면 수리 174-4
충청북도	제천시	수산면-12	충청북도 제천시 수산면 수리 326-1
충청북도	제천시	수산면-3	충청북도 제천시 수산면 수산리 203-1
충청북도	제천시	수산면-18	충청북도 제천시 수산면 오티리 222-1
충청북도	제천시	수산면-17	충청북도 제천시 수산면 오티리 70-8
충청북도	제천시	수산면-4	충청북도 제천시 수산면 율지리 산28
충청북도	제천시	수산면-5	충청북도 제천시 수산면 적곡리 256-4
충청북도	제천시	수산면-6	충청북도 제천시 수산면 전곡리 248-1
충청북도	제천시	수산면-19	충청북도 제천시 수산면 하천리 115
충청북도	제천시	영서동-1	충청북도 제천시 신동 145-1
충청북도	제천시	용두동-3	충청북도 제천시 신월동 1040
충청북도	제천시	용두동-1	충청북도 제천시 신월동 238-2
충청북도	제천시	용두동-2	충청북도 제천시 신월동 238-2(2)
충청북도	제천시	용두동-4	충청북도 제천시 신월동 465
충청북도	제천시	용두동-5	충청북도 제천시 왕암동 762-30
충청북도	제천시	용두동-6	충청북도 제천시 왕암동 762-30(2)
충청북도	제천시	신백동-12	충청북도 제천시 자작동 산6-3
충청북도	제천시	교동-1	충청북도 제천시 장락동 산 21
충청북도	제천시	청풍면-2	충청북도 제천시 청풍면 광의리 63-3
충청북도	제천시	청풍면-8	충청북도 제천시 청풍면 대류리 산10-13
충청북도	제천시	청풍면-7	충청북도 제천시 청풍면 도곡리 23-2
충청북도	제천시	청풍면-6	충청북도 제천시 청풍면 도곡리 287-6
충청북도	제천시	청풍면-14	충청북도 제천시 청풍면 도화리128-3
충청북도	제천시	청풍면-10	충청북도 제천시 청풍면 물태리 197-6
충청북도	제천시	청풍면-9	충청북도 제천시 청풍면 신리 132-32
충청북도	제천시	청풍면-13	충청북도 제천시 청풍면 실리곡리 64-2
충청북도	제천시	청풍면-1	충청북도 제천시 청풍면 연곡리 195
충청북도	제천시	청풍면-12	충청북도 제천시 청풍면 연론리 115-21
충청북도	제천시	청풍면-4	충청북도 제천시 청풍면 오산리 156
충청북도	제천시	청풍면-11	충청북도 제천시 청풍면 용곡리 299
충청북도	제천시	청풍면-5	충청북도 제천시 청풍면 장선리 104
충청북도	제천시	청풍면-15	충청북도 제천시 청풍면 학현리 289-1
충청북도	제천시	청풍면-3	충청북도 제천시 청풍면 황석리 595-5
충청북도	제천시	한수면-1	충청북도 제천시 한수면 덕곡리 415
충청북도	제천시	한수면-2	충청북도 제천시 한수면 상노리 11
충청북도	제천시	한수면-3	충청북도 제천시 한수면 송계리 467
충청북도	제천시	한수면-4	충청북도 제천시 한수면 탄지리 산65
충청북도	제천시	신백동-2	충청북도 제천시 흑석동 산 30
충청북도	증평군	폐비닐 공동집하장	충청북도 증평군 도안면 광덕리 403
충청북도	증평군	폐비닐 공동집하장	충청북도 증평군 도안면 노암리 393
충청북도	증평군	폐비닐 공동집하장	충청북도 증평군 도안면 노암리 488
충청북도	증평군	폐비닐 공동집하장	충청북도 증평군 도안면 도당리 467-1
충청북도	증평군	폐비닐 공동집하장	충청북도 증평군 도안면 도당리 52
충청북도	증평군	폐비닐 공동집하장	충청북도 증평군 도안면 석곡리 394-1
충청북도	증평군	폐비닐 공동집하장	충청북도 증평군 도안면 석곡리 446-4
충청북도	증평군	폐비닐 공동집하장	충청북도 증평군 도안면 송정리 417-2
충청북도	증평군	폐비닐 공동집하장	충청북도 증평군 도안면 화성리 230-12
충청북도	증평군	폐비닐 공동집하장	충청북도 증평군 도안면 화성리 83
충청북도	증평군	폐비닐 공동집하장	충청북도 증평군 증평군 증평읍 용강리 314-2
충청북도	증평군	폐비닐 공동집하장	충청북도 증평군 증평읍 남차리 564-2
충청북도	증평군	폐비닐 공동집하장	충청북도 증평군 증평읍 남하리 95-2
충청북도	증평군	폐비닐 공동집하장	충청북도 증평군 증평읍 내성리 산 49
충청북도	증평군	폐비닐 공동집하장	충청북도 증평군 증평읍 미암리 286
충청북도	증평군	폐비닐 공동집하장	충청북도 증평군 증평읍 미암리 555-2
충청북도	증평군	폐비닐 공동집하장	충청북도 증평군 증평읍 미암리 861
충청북도	증평군	폐비닐 공동집하장	충청북도 증평군 증평읍 송산리 644
충청북도	증평군	폐비닐 공동집하장	충청북도 증평군 증평읍 연탄리 154-1
충청북도	증평군	폐비닐 공동집하장	충청북도 증평군 증평읍 연탄리 749-11
충청북도	증평군	폐비닐 공동집하장	충청북도 증평군 증평읍 연탄리 781-7
충청북도	진천군	무수	충청북도 진천군 광혜원면 구암리 503-1(무수)
충청북도	진천군	구암	충청북도 진천군 광혜원면 구암리 632(구암)
충청북도	진천군	실원	충청북도 진천군 광혜원면 실원리 산50-22(실원)
충청북도	진천군	만디	충청북도 진천군 광혜원면 죽현리 932-44
충청북도	진천군	습지	충청북도 진천군 덕산읍 습지안길 51(습지마을)
충청북도	진천군	가척	충청북도 진천군 덕산읍 신척리 381-1(가척)
충청북도	진천군	상대음	충청북도 진천군 문백면 도하리 669-45
충청북도	진천군	봉암	충청북도 진천군 문백면 봉죽리 388(봉암)
충청북도	진천군	은성	충청북도 진천군 문백면 은탄리 621-24(은성)
충청북도	진천군	태랑	충청북도 진천군 문백면 태락3길 7
충청북도	진천군	통산	충청북도 진천군 문백면 평산리 679(통산)
충청북도	진천군	백곡 명암	충청북도 진천군 백곡면 명암리 568-1
충청북도	진천군	성대	충청북도 진천군 백곡면 성대리 656(성대)
충청북도	진천군	궁동	충청북도 진천군 이월면 노원리 351-2(궁동마을)
충청북도	진천군	사당	충청북도 진천군 이월면 사당리 181(사당)
충청북도	진천군	신당	충청북도 진천군 이월면 신당길 35-1(신당)
충청북도	진천군	상촌	충청북도 진천군 이월면 신월리 51번지(상촌)
충청북도	진천군	도종	충청북도 진천군 이월면 신월리 575-3(도종)
충청북도	진천군	가암	충청북도 진천군 진천읍 가산리 194(가암)
충청북도	진천군	석박	충청북도 진천군 진천읍 사석3길 10
충청북도	진천군	삼선	충청북도 진천군 초평면 신통리 158-1
충청북도	진천군	삼선	충청북도 진천군 초평면 신통리 29
충청북도	진천군	하영	충청북도 진천군 초평면 영구리 56(하영)
충청북도	진천군	어은	충청북도 진천군 초평면 영구리 산 23-1(어은)
충청북도	진천군	마두	충청북도 진천군 초평면 오갑리 35(마두)
충청북도	진천군	양촌	충청북도 진천군 초평면 용정리 411-2(양촌마을)
충청북도	진천군	중석	충청북도 진천군 초평면 중석리 1940(중석)
충청북도	진천군	지전	충청북도 진천군 초평면 지전길 57
충청북도	진천군	우군	충청북도 진천군 초평면 진암리 604 (우군)
충청북도	청주시 상당구	병암리 공동집하장	충청북도 청주시 상당구 가덕면 병암리 312-3
충청북도	청주시 상당구	계산리 공동집하장	충청북도 청주시 상당구 계산2리 188-1
충청북도	청주시 상당구	삼산리 공동집하장 2-1	충청북도 청주시 상당구 낭성면 갈산리 499
충청북도	청주시 상당구	관정리 공동집하장 2-1	충청북도 청주시 상당구 낭성면 관정리 142-1
충청북도	청주시 상당구	관정리 공동집하장 2-2	충청북도 청주시 상당구 낭성면 관정리491
충청북도	청주시 상당구	귀래리 공동집하장	충청북도 청주시 상당구 낭성면 귀래리 95-7
충청북도	청주시 상당구	문박리 공동집하장	충청북도 청주시 상당구 낭성면 문박리 457
충청북도	청주시 상당구	삼산리 공동집하장 2-2	충청북도 청주시 상당구 낭성면 삼산리 70
충청북도	청주시 상당구	이목리 공동집하장 2-2	충청북도 청주시 상당구 낭성면 이목리 263
충청북도	청주시 상당구	이목리 공동집하장 2-1	충청북도 청주시 상당구 낭성면 이목리 263
충청북도	청주시 상당구	인경리 공동집하장	충청북도 청주시 상당구 낭성면 인경리 155-2
충청북도	청주시 상당구	지산리 공동집하장 3-1	충청북도 청주시 상당구 낭성면 지산리 553(천)
충청북도	청주시 상당구	지산리 공동집하장 3-2	충청북도 청주시 상당구 낭성면 지산리산96
충청북도	청주시 상당구	현암리 공동집하장	충청북도 청주시 상당구 낭성면 현암리 98-6
충청북도	청주시 상당구	호정리 공동집하장 2-2	충청북도 청주시 상당구 낭성면 호정리 533-2
충청북도	청주시 상당구	노현 집하장	충청북도 청주시 상당구 문의면 노현리 541
충청북도	청주시 상당구	도원 집하장	충청북도 청주시 상당구 문의면 도원리 115
충청북도	청주시 상당구	두모리 공동집하장	충청북도 청주시 상당구 문의면 두모리 732
충청북도	청주시 상당구	묘암 집하장	충청북도 청주시 상당구 문의면 묘암리 197
충청북도	청주시 상당구	산덕 집하장	충청북도 청주시 상당구 문의면 산덕리 421
충청북도	청주시 상당구	소전 집하장	충청북도 청주시 상당구 문의면 소전리 430-1
충청북도	청주시 상당구	염티 집하장	충청북도 청주시 상당구 문의면 염티리 산10
충청북도	청주시 상당구	품곡 집하장	충청북도 청주시 상당구 문의면 품곡리 286
충청북도	청주시 상당구	가양리1	충청북도 청주시 상당구 미원면 가양리 44
충청북도	청주시 상당구	계원리	충청북도 청주시 상당구 미원면 계원리 328
충청북도	청주시 상당구	구방리3	충청북도 청주시 상당구 미원면 구방리 250-12
충청북도	청주시 상당구	금관3리 공동집하장	충청북도 청주시 상당구 미원면 금관리 607-1
충청북도	청주시 상당구	미원리3	충청북도 청주시 상당구 미원면 미원리 79-2
충청북도	청주시 상당구	성대리1	충청북도 청주시 상당구 미원면 성대리 495
충청북도	청주시 상당구	수산리1	충청북도 청주시 상당구 미원면 수산리 461-2
충청북도	청주시 상당구	쌍이리2	충청북도 청주시 상당구 미원면 쌍이리 174-11
충청북도	청주시 상당구	어암리3	충청북도 청주시 상당구 미원면 어암리 산47
충청북도	청주시 상당구	용곡리2	충청북도 청주시 상당구 미원면 용곡리 154
충청북도	청주시 상당구	용곡리1	충청북도 청주시 상당구 미원면 용곡리 454-1
충청북도	청주시 상당구	운암리	충청북도 청주시 상당구 미원면 운암리 393-1
충청북도	청주시 상당구	월용리1	충청북도 청주시 상당구 미원면 월용리 348
충청북도	청주시 상당구	중리3	충청북도 청주시 상당구 미원면 중리 30
충청북도	청주시 상당구	화원리	충청북도 청주시 상당구 미원면 화원리 345-1
충청북도	청주시 상당구	화창리1	충청북도 청주시 상당구 미원면 화창리 57
충청북도	청주시 상당구	상대리 공동집하장	충청북도 청주시 상당구 상대2리 153-2
충청북도	청주시 상당구	인차리 공동집하장	충청북도 청주시 상당구 인차2리 171-9
충청북도	청주시 상당구	청용리 공동집하장	충청북도 청주시 상당구 청용1리 626
충청북도	청주시 서원구	갈원리 농촌폐비닐 공동집하장	충청북도 청주시 서원구 남이면 갈원리 83(남이면 갈원리 302)
충청북도	청주시 서원구	양촌리 공동집하장	충청북도 청주시 서원구 남이면 양촌리 77-1
충청북도	청주시 서원구	팔봉리 공동집하장	충청북도 청주시 서원구 남이면 팔봉리 381-1
충청북도	청주시 청원구	구성1리 공동집하장	충청북도 청주시 청원구 내수읍 구성리 190-1
충청북도	청주시 청원구	덕암2리 공동집하장	충청북도 청주시 청원구 내수읍 덕암리 220-3
충청북도	청주시 청원구	세교2리 공동집하장	충청북도 청주시 청원구 내수읍 세교리 94
충청북도	청주시 청원구	저곡리 공동집하장	충청북도 청주시 청원구 내수읍 저곡리 185-4
충청북도	청주시 청원구	형동2리 공동집하장	충청북도 청주시 청원구 내수읍 형동리 408
충청북도	청주시 청원구	형동1리 공동집하장	충청북도 청주시 청원구 내수읍 형동리 667
충청북도	청주시 청원구	북이면 석화리 공동집하장 2-2	충청북도 청주시 청원구 북이면 석화리 153
충청북도	청주시 청원구	백현리 공동집하장	충청북도 청주시 청원구 오창읍 백현리 84
충청북도	청주시 청원구	복현리 공동집하장	충청북도 청주시 청원구 오창읍 복현리 67
충청북도	청주시 청원구	상평리 공동집하장 2	충청북도 청주시 청원구 오창읍 상평리 101
충청북도	청주시 청원구	성재리 공동집하장	충청북도 청주시 청원구 오창읍 성재리 66-3
충청북도	청주시 청원구	신평리 공동집하장	충청북도 청주시 청원구 오창읍 신평리 790-1
충청북도	청주시 청원구	용두리 공동집하장	충청북도 청주시 청원구 오창읍 용두리 112-1
충청북도	청주시 청원구	화산리 공동집하장	충청북도 청주시 청원구 오창읍 화산리 114-2
충청북도	청주시 청원구	후기리 공동집하장	충청북도 청주시 청원구 오창읍 후기리 156-4
충청북도	청주시 청원구	원리 공동집하장	충청북도 청주시 청원구 원리 307
충청북도	청주시 청원구	정상8통 공동집하장	충청북도 청주시 청원구 정상동 59-2
충청북도	청주시 청원구	외평3통 공동집하장	충청북도 청주시 청원구 주중동 398-49
충청북도	청주시 흥덕구	남촌동 공동집하장	충청북도 청주시 흥덕구 남촌동 253-6
충청북도	청주시 흥덕구	수의동 공동집하장	충청북도 청주시 흥덕구 수의동 산 36
충청북도	청주시 흥덕구	신대동 공동집하장	충청북도 청주시 흥덕구 신대동 228-1
충청북도	청주시 흥덕구	쌍청리 공동집하장	충청북도 청주시 흥덕구 오송읍 쌍청리 47-1
충청북도	청주시 흥덕구	덕촌리 공동집하장	충청북도 청주시 흥덕구 옥산면 덕촌리 168-2
충청북도	청주시 흥덕구	소로리 공동집하장	충청북도 청주시 흥덕구 옥산면 소로리 365
충청북도	청주시 흥덕구	호죽리 공동집하장	충청북도 청주시 흥덕구 옥산면 호죽리 243
충청북도	청주시 흥덕구	원평2동 공동집하장	충청북도 청주시 흥덕구 원평동 223
충청북도	청주시 흥덕구	탑연1리 공동집하장	충청북도 청주시 흥덕구 탑연리 137
충청북도	충주시	대가주마을 공동집하장	충청북도 충주시 가주동  545-1번지
충청북도	충주시	소가주마을 공동집하장	충청북도 충주시 가주동 390-3
충청북도	충주시	경촌마을 공동집하장	충청북도 충주시 금가면 도촌리 140-7
충청북도	충주시	괴정마을 공동집하장	충청북도 충주시 금가면 도촌리 2-3
충청북도	충주시	문곡마을 공동집하장	충청북도 충주시 금가면 문산리 산 13-5도,산13-1묘
충청북도	충주시	마사마을 공동집하장	충청북도 충주시 금가면 사암리 1026번지
충청북도	충주시	기곡마을 공동 집하장	충청북도 충주시 금가면 사암리 882번지
충청북도	충주시	모산마을  공동집하장	충청북도 충주시 금가면 오석리 325-4
충청북도	충주시	석교마을 공동집하장	충청북도 충주시 금가면 오석리 620-21, 700-4
충청북도	충주시	종포마을 공동집하장	충청북도 충주시 금가면 원포리 509-5
충청북도	충주시	종포마을 공동집하장	충청북도 충주시 금가면 원포리 615-1
충청북도	충주시	종포마을 공동집하장	충청북도 충주시 금가면 원포리 711-2
충청북도	충주시	월상마을 공동집하장	충청북도 충주시 금가면 월상리 534-7번지
충청북도	충주시	화동마을 공동집하장	충청북도 충주시 금가면 유송리 339-2번지
충청북도	충주시	반송마을 공동집하장	충청북도 충주시 금가면 유송리 59-1
충청북도	충주시	축동마을 공동집하장	충청북도 충주시 금가면 잠병리 886-1
충청북도	충주시	가신1리 공동집하장	충청북도 충주시 노은면 가신리 356-7
충청북도	충주시	대덕1리 공동집하장	충청북도 충주시 노은면 대덕리 257-2
충청북도	충주시	대덕2리 공동집하장	충청북도 충주시 노은면 대덕리 680-17
충청북도	충주시	대덕2리 공동집하장	충청북도 충주시 노은면 대덕리 680-17
충청북도	충주시	문성1리 공동집하장	충청북도 충주시 노은면 문성리 2-10
충청북도	충주시	문성3리 공동집하장	충청북도 충주시 노은면 문성리 588-4
충청북도	충주시	문성2리 공동집하장	충청북도 충주시 노은면 문성리 810-1
충청북도	충주시	문성2리 공동집하장	충청북도 충주시 노은면 문성리 810-1
충청북도	충주시	수룡1리 공동집하장	충청북도 충주시 노은면 수룡리 532-1
충청북도	충주시	수룡3리 공동집하장	충청북도 충주시 노은면 수룡리 794-40
충청북도	충주시	수룡2리 공동집하장	충청북도 충주시 노은면 수룡리 88-2
충청북도	충주시	수룡2리 공동집하장	충청북도 충주시 노은면 수룡리 88-2
충청북도	충주시	신효2리 공동집하장	충청북도 충주시 노은면 신효리 192
충청북도	충주시	안락1리 공동집하장	충청북도 충주시 노은면 안락리 218-1
충청북도	충주시	안락2리 공동집하장	충청북도 충주시 노은면 안락리 434-1
충청북도	충주시	연하3리 공동집하장	충청북도 충주시 노은면 연하리 산61-3
충청북도	충주시	상검단마을 공동집하장	충청북도 충주시 대소원면 검단리 263-2
충청북도	충주시	상금곡마을 공동집하장	충청북도 충주시 대소원면 금곡리 산34-3
충청북도	충주시	독정1리 공동집하장	충청북도 충주시 대소원면 만정리 42-5
충청북도	충주시	팔봉마을 공동집하장	충청북도 충주시 대소원면 문주리 52-3
충청북도	충주시	월은마을 공동집하장	충청북도 충주시 대소원면 문주리 산17-3, 660-1, 858
충청북도	충주시	신촌마을 공동집하장	충청북도 충주시 대소원면 완오신촌길 108
충청북도	충주시	성종1구마을 공동집하장	충청북도 충주시 대소원면 장성리 287-15, 287-18
충청북도	충주시	성종2구마을 공동집하장	충청북도 충주시 대소원면 장성리 401-2, 401-9, 611-5, 403-1, 407-12
충청북도	충주시	탄동마을 공동집하장	충청북도 충주시 대소원면 탄용리 404
충청북도	충주시	소용마을 공동집하장	충청북도 충주시 대소원면 탄용리 654
충청북도	충주시	조돈마을 공동집하장	충청북도 충주시 동량면 대전리 1394-1
충청북도	충주시	사천마을 공동집하장	충청북도 충주시 동량면 대전리 1400-3
충청북도	충주시	사천마을 공동집하장	충청북도 충주시 동량면 대전리 1400-3
충청북도	충주시	사천 폐비닐수거장	충청북도 충주시 동량면 대전리 1418-4
충청북도	충주시	수회마을 폐비닐수거장	충청북도 충주시 동량면 대전리 1756
충청북도	충주시	내동마을 공동집하장	충청북도 충주시 동량면 대전리 267-2
충청북도	충주시	황전마을 공동집하장	충청북도 충주시 동량면 대전리 661
충청북도	충주시	음양지마을 폐비닐수거장	충청북도 충주시 동량면 손동리 655-7
충청북도	충주시	탄동마을 공동집하장	충청북도 충주시 동량면 손동리 산71-4
충청북도	충주시	운교1구마을 폐비닐수거장	충청북도 충주시 동량면 용교리 1199
충청북도	충주시	용대마을 폐비닐수거장	충청북도 충주시 동량면 용교리 65-1
충청북도	충주시	대모천 폐비닐수거장	충청북도 충주시 동량면 조동리 1016
충청북도	충주시	장선 폐비닐수거장	충청북도 충주시 동량면 조동리 1733-25
충청북도	충주시	탑평마을 폐비닐수거장	충청북도 충주시 동량면 조동리 1764-12
충청북도	충주시	탑평마을 공동집하장	충청북도 충주시 동량면 조동리 1764-202
충청북도	충주시	하곡마을 폐비닐수거장	충청북도 충주시 동량면 하천리 101-8, 733
충청북도	충주시	농촌폐비닐수집장	충청북도 충주시 봉방동686-8
충청북도	충주시	석문마을 공동집하장	충청북도 충주시 산척면 석천리 242-14
충청북도	충주시	도봉마을 공동집하장	충청북도 충주시 산척면 송강리 1248-6
충청북도	충주시	광동마을 공동집하장	충청북도 충주시 산척면 송강리 135-2
충청북도	충주시	상산마을 공동집하장	충청북도 충주시 산척면 송강리 1858-84
충청북도	충주시	월현마을 공동집하장	충청북도 충주시 산척면 송강리 2260
충청북도	충주시	행정마을 공동집하장	충청북도 충주시 산척면 송강리 459-8
충청북도	충주시	광동마을 공동집하장	충청북도 충주시 산척면 송강리 산167-7
충청북도	충주시	용암마을 공동집하장	충청북도 충주시 산척면 영덕리 1156-1
충청북도	충주시	둔대마을 공동집하장	충청북도 충주시 산척면 영덕리 1744-159
충청북도	충주시	덕해마을 공동집하장	충청북도 충주시 산척면 영덕리 1744-64
충청북도	충주시	덕해마을 공동집하장	충청북도 충주시 산척면 영덕리 1744-64
충청북도	충주시	공이1리마을 공동집하장	충청북도 충주시 살미면 공이리 317-1
충청북도	충주시	공이1리마을 공동집하장	충청북도 충주시 살미면 공이리 317-1
충청북도	충주시	공이2리마을 공동집하장	충청북도 충주시 살미면 공이리 747-2
충청북도	충주시	내사1리마을 공동집하장	충청북도 충주시 살미면 내사리 123-6
충청북도	충주시	내사2리마을 공동집하장	충청북도 충주시 살미면 내사리 896
충청북도	충주시	문산마을 공동집하장	충청북도 충주시 살미면 문강리 90-2
충청북도	충주시	강진마을 공동집하장	충청북도 충주시 살미면 문강리 90-2
충청북도	충주시	세성3리마을 공동집하장	충청북도 충주시 살미면 세성리 660-26
충청북도	충주시	용천1리마을 공동집하장	충청북도 충주시 살미면 용천리 47-1
충청북도	충주시	용천2리마을 공동집하장	충청북도 충주시 살미면 용천리 489-3
충청북도	충주시	토계마을 공동집하장	충청북도 충주시 살미면 토계리 235-3
충청북도	충주시	토계마을 공동집하장	충청북도 충주시 살미면 토계리 산13-3
충청북도	충주시	향산1리마을 공동집하장	충청북도 충주시 살미면 향산리 155-2
충청북도	충주시	덕은마을 공동집하장	충청북도 충주시 소태면 덕은리 240-3
충청북도	충주시	세포마을 공동집하장	충청북도 충주시 소태면 덕은리 71-3
충청북도	충주시	동막마을 공동집하장	충청북도 충주시 소태면 동막리 157-1
충청북도	충주시	동막마을 공동집하장	충청북도 충주시 소태면 동막리 157-1
충청북도	충주시	복탄1구마을 공동집하장	충청북도 충주시 소태면 복탄리 902-4
충청북도	충주시	가정마을	충청북도 충주시 소태면 야동리 461-2
충청북도	충주시	야곡마을 공동집하장	충청북도 충주시 소태면 야동리 629-16
충청북도	충주시	송곡마을 공동집하장	충청북도 충주시 소태면 양촌리 378-1
충청북도	충주시	별묘마을 공동집하장	충청북도 충주시 소태면 오량리 155-8
충청북도	충주시	오량마을 공동집하장	충청북도 충주시 소태면 오량리 382-5
충청북도	충주시	외촌마을 공동집하장	충청북도 충주시 소태면 주치리 18-10
충청북도	충주시	야촌마을 공동집하장	충청북도 충주시 소태면 주치리 200-1
충청북도	충주시	하남마을 공동집하장	충청북도 충주시 소태면 주치리 648-4
충청북도	충주시	은대마을 공동집하장	충청북도 충주시 소태면 주치리 877-2
충청북도	충주시	하청마을 공동집하장	충청북도 충주시 소태면 중청리 511-1
충청북도	충주시	가청마을 공동집하장	충청북도 충주시 소태면 중청리 91
충청북도	충주시	대사마을 공동집하장	충청북도 충주시 수안보면 사문리 295-1
충청북도	충주시	수회마을 공동집하장	충청북도 충주시 수안보면 수회리 823-20
충청북도	충주시	안보마을 공동집하장	충청북도 충주시 수안보면 안보리 290-4
충청북도	충주시	안보마을 공동집하장	충청북도 충주시 수안보면 안보리 472-2
충청북도	충주시	향촌1마을 공동집하장	충청북도 충주시 신니면 견학리 1108
충청북도	충주시	동화마을 공동집하장	충청북도 충주시 신니면 대화리 416
충청북도	충주시	동락마을 공동집하장	충청북도 충주시 신니면 동락길 31
충청북도	충주시	신석마을 공동집하장	충청북도 충주시 신니면 마수리 628
충청북도	충주시	도원마을  공동집하장	충청북도 충주시 신니면 모남리 193-1
충청북도	충주시	남악마을 공동집하장	충청북도 충주시 신니면 모남리 279-6
충청북도	충주시	내포마을 공동집하장	충청북도 충주시 신니면 문숭리 112-2번지
충청북도	충주시	내포마을 공동집하장	충청북도 충주시 신니면 문숭리 53
충청북도	충주시	숭선마을 공동집하장	충청북도 충주시 신니면 문숭리 547-2
충청북도	충주시	송암마을 공동집하장	충청북도 충주시 신니면 송암리 453
충청북도	충주시	송암마을 공동집하장	충청북도 충주시 신니면 송암리 83-2
충청북도	충주시	내용마을 공동집하장	충청북도 충주시 신니면 용원리 214-1
충청북도	충주시	방추마을 공동집하장	충청북도 충주시 신니면 화석리 753-1
충청북도	충주시	대평촌마을 공동집하장	충청북도 충주시 앙성면 능암리 245-1
충청북도	충주시	의암마을 공동집하장	충청북도 충주시 앙성면 단암리 482-7
충청북도	충주시	산전마을 공동집하장	충청북도 충주시 앙성면 돈산리 121
충청북도	충주시	동암마을 공동집하장	충청북도 충주시 앙성면 돈산리 75-2
충청북도	충주시	연동마을 공동집하장	충청북도 충주시 앙성면 마련리 286-1
충청북도	충주시	마장마을 공동집하장	충청북도 충주시 앙성면 마련리 291-3
충청북도	충주시	학미마을 공동집하장	충청북도 충주시 앙성면 목미리 530-3
충청북도	충주시	당평마을 공동집하장	충청북도 충주시 앙성면 본평리 709-5
충청북도	충주시	본복마을 공동집하장	충청북도 충주시 앙성면 본평리 산 6-68
충청북도	충주시	양촌마을 공동집하장	충청북도 충주시 앙성면 영죽리 315-2
충청북도	충주시	음촌마을 공동집하장	충청북도 충주시 앙성면 영죽리 산 26-3
충청북도	충주시	갈치마을 공동집하장	충청북도 충주시 앙성면 용포리 산11-3
충청북도	충주시	조천마을 공동집하장	충청북도 충주시 앙성면 조천리 42-3
충청북도	충주시	저전마을 공동집하장	충청북도 충주시 앙성면 중전리 316-2
충청북도	충주시	주동마을 공동집하장	충청북도 충주시 엄정면 가춘리 258번지
충청북도	충주시	춘문마을 공동집하장	충청북도 충주시 엄정면 가춘리 736
충청북도	충주시	행정마을 공동집하장	충청북도 충주시 엄정면 괴동리 111-3
충청북도	충주시	강현마을 공동집하장	충청북도 충주시 엄정면 논강리 580-1
충청북도	충주시	미곡마을 공동집하장	충청북도 충주시 엄정면 미내리 35-5번지
충청북도	충주시	비석마을 공동집하장	충청북도 충주시 엄정면 미석마을앞
충청북도	충주시	토산마을 공동집하장	충청북도 충주시 엄정면 용산리 481-18
충청북도	충주시	직동마을 공동집하장	충청북도 충주시 엄정면 추평리 산19-14
충청북도	충주시	상용관마을 공동집하장	충청북도 충주시 용관동 36-4
충청북도	충주시	폐비닐집하장	충청북도 충주시 용탄동 1109-12
충청북도	충주시	폐비닐집하장	충청북도 충주시 용탄동1036-15
충청북도	충주시	원대곡	충청북도 충주시 주덕읍 대곡리 718 (대곡리 610-3건물 앞쪽)
충청북도	충주시	맹동마을 공동집하장	충청북도 충주시 주덕읍 대곡리 919
충청북도	충주시	동산미마을 폐비닐 수거장	충청북도 충주시 주덕읍 대곡리 930
충청북도	충주시	원사락	충청북도 충주시 주덕읍 사락리 261-1
충청북도	충주시	매남마을 폐비닐 수거장	충청북도 충주시 주덕읍 사락리 456-6
충청북도	충주시	신양3리	충청북도 충주시 주덕읍 신양리 444
충청북도	충주시	화곡1리마을 공동집하장	충청북도 충주시 주덕읍 화곡리 821
충청북도	충주시	하가흥마을	충청북도 충주시 중앙탑면 가흥리 353-4
충청북도	충주시	원동마을	충청북도 충주시 중앙탑면 가흥리 994
충청북도	충주시	능암마을	충청북도 충주시 중앙탑면 봉황리 산5-1(마을회관 옆)
충청북도	충주시	갈동마을 공동집하장	충청북도 충주시 중앙탑면 용전리 591-6(산46-12인근)
충청북도	충주시	창동마을	충청북도 충주시 중앙탑면 창동리 348-2
충청북도	충주시	탑평마을 공동집하장	충청북도 충주시 중앙탑면 탑평리 420-1
충청북도	충주시	묘곡마을 공동집하장	충청북도 충주시 중앙탑면 하구암리 753-2
충청북도	충주시	칠금금릉동 공동집하장	충청북도 충주시 칠금동 420-105
충청북도	충주시	풍동폐비닐공동집하장	충청북도 충주시 풍동759-4
